"Model","m","n","phi","q","p","S","TopKList","MaxRank","lambda","Rule","Metric","Value"
"Polarized",3,51,0.15,"2/3",1.5849625007211563,2000,"{1, 2, 3}","Automatic",0.,"Borda","NeverFirstRate",0.
"Polarized",3,51,0.15,"2/3",1.5849625007211563,2000,"{1, 2, 3}","Automatic",0.,"Borda","NoiseFlipRate",0.4495
"Polarized",3,51,0.15,"2/3",1.5849625007211563,2000,"{1, 2, 3}","Automatic",0.,"Borda","CondorcetExistRate",0.908
"Polarized",3,51,0.15,"2/3",1.5849625007211563,2000,"{1, 2, 3}","Automatic",0.,"Borda","CondorcetEfficiency",0.9041850220264317
"Polarized",3,51,0.15,"2/3",1.5849625007211563,2000,"{1, 2, 3}","Automatic",0.,"Borda","MidScore",0.319
"Polarized",3,51,0.15,"2/3",1.5849625007211563,2000,"{1, 2, 3}","Automatic",0.,"Borda","Top1Acceptability",0.39323529411764685
"Polarized",3,51,0.15,"2/3",1.5849625007211563,2000,"{1, 2, 3}","Automatic",0.,"Borda","Top2Acceptability",0.7240980392156859
"Polarized",3,51,0.15,"2/3",1.5849625007211563,2000,"{1, 2, 3}","Automatic",0.,"Borda","Top3Acceptability",1.
"Polarized",3,51,0.15,"2/3",1.5849625007211563,2000,"{1, 2, 3}","Automatic",0.,"Plurality","NeverFirstRate",0.
"Polarized",3,51,0.15,"2/3",1.5849625007211563,2000,"{1, 2, 3}","Automatic",0.,"Plurality","NoiseFlipRate",0.5715
"Polarized",3,51,0.15,"2/3",1.5849625007211563,2000,"{1, 2, 3}","Automatic",0.,"Plurality","CondorcetExistRate",0.908
"Polarized",3,51,0.15,"2/3",1.5849625007211563,2000,"{1, 2, 3}","Automatic",0.,"Plurality","CondorcetEfficiency",0.7582599118942731
"Polarized",3,51,0.15,"2/3",1.5849625007211563,2000,"{1, 2, 3}","Automatic",0.,"Plurality","MidScore",0.3205
"Polarized",3,51,0.15,"2/3",1.5849625007211563,2000,"{1, 2, 3}","Automatic",0.,"Plurality","Top1Acceptability",0.4019117647058821
"Polarized",3,51,0.15,"2/3",1.5849625007211563,2000,"{1, 2, 3}","Automatic",0.,"Plurality","Top2Acceptability",0.6997156862745094
"Polarized",3,51,0.15,"2/3",1.5849625007211563,2000,"{1, 2, 3}","Automatic",0.,"Plurality","Top3Acceptability",1.
"Polarized",3,51,0.15,"2/3",1.5849625007211563,2000,"{1, 2, 3}","Automatic",0.,"Coombs","NeverFirstRate",0.
"Polarized",3,51,0.15,"2/3",1.5849625007211563,2000,"{1, 2, 3}","Automatic",0.,"Coombs","NoiseFlipRate",0.4815
"Polarized",3,51,0.15,"2/3",1.5849625007211563,2000,"{1, 2, 3}","Automatic",0.,"Coombs","CondorcetExistRate",0.908
"Polarized",3,51,0.15,"2/3",1.5849625007211563,2000,"{1, 2, 3}","Automatic",0.,"Coombs","CondorcetEfficiency",0.9598017621145375
"Polarized",3,51,0.15,"2/3",1.5849625007211563,2000,"{1, 2, 3}","Automatic",0.,"Coombs","MidScore",0.325
"Polarized",3,51,0.15,"2/3",1.5849625007211563,2000,"{1, 2, 3}","Automatic",0.,"Coombs","Top1Acceptability",0.3863039215686273
"Polarized",3,51,0.15,"2/3",1.5849625007211563,2000,"{1, 2, 3}","Automatic",0.,"Coombs","Top2Acceptability",0.7241568627450978
"Polarized",3,51,0.15,"2/3",1.5849625007211563,2000,"{1, 2, 3}","Automatic",0.,"Coombs","Top3Acceptability",1.
"Polarized",3,51,0.15,"2/3",1.5849625007211563,2000,"{1, 2, 3}","Automatic",0.,"QR","NeverFirstRate",0.
"Polarized",3,51,0.15,"2/3",1.5849625007211563,2000,"{1, 2, 3}","Automatic",0.,"QR","NoiseFlipRate",0.5575
"Polarized",3,51,0.15,"2/3",1.5849625007211563,2000,"{1, 2, 3}","Automatic",0.,"QR","CondorcetExistRate",0.908
"Polarized",3,51,0.15,"2/3",1.5849625007211563,2000,"{1, 2, 3}","Automatic",0.,"QR","CondorcetEfficiency",0.7428414096916299
"Polarized",3,51,0.15,"2/3",1.5849625007211563,2000,"{1, 2, 3}","Automatic",0.,"QR","MidScore",0.332
"Polarized",3,51,0.15,"2/3",1.5849625007211563,2000,"{1, 2, 3}","Automatic",0.,"QR","Top1Acceptability",0.366705882352941
"Polarized",3,51,0.15,"2/3",1.5849625007211563,2000,"{1, 2, 3}","Automatic",0.,"QR","Top2Acceptability",0.7336862745098034
"Polarized",3,51,0.15,"2/3",1.5849625007211563,2000,"{1, 2, 3}","Automatic",0.,"QR","Top3Acceptability",1.
"Polarized",3,51,0.15,"2/3",1.5849625007211563,2000,"{1, 2, 3}","Automatic",0.,"SDM","NeverFirstRate",0.
"Polarized",3,51,0.15,"2/3",1.5849625007211563,2000,"{1, 2, 3}","Automatic",0.,"SDM","NoiseFlipRate",0.47
"Polarized",3,51,0.15,"2/3",1.5849625007211563,2000,"{1, 2, 3}","Automatic",0.,"SDM","CondorcetExistRate",0.908
"Polarized",3,51,0.15,"2/3",1.5849625007211563,2000,"{1, 2, 3}","Automatic",0.,"SDM","CondorcetEfficiency",0.8711453744493393
"Polarized",3,51,0.15,"2/3",1.5849625007211563,2000,"{1, 2, 3}","Automatic",0.,"SDM","MidScore",0.3215
"Polarized",3,51,0.15,"2/3",1.5849625007211563,2000,"{1, 2, 3}","Automatic",0.,"SDM","Top1Acceptability",0.3852254901960782
"Polarized",3,51,0.15,"2/3",1.5849625007211563,2000,"{1, 2, 3}","Automatic",0.,"SDM","Top2Acceptability",0.7298529411764701
"Polarized",3,51,0.15,"2/3",1.5849625007211563,2000,"{1, 2, 3}","Automatic",0.,"SDM","Top3Acceptability",1.
"Polarized",3,51,0.15,"2/3",1.5849625007211563,2000,"{1, 2, 3}","Automatic",0.,"Fallback","NeverFirstRate",0.
"Polarized",3,51,0.15,"2/3",1.5849625007211563,2000,"{1, 2, 3}","Automatic",0.,"Fallback","NoiseFlipRate",0.669
"Polarized",3,51,0.15,"2/3",1.5849625007211563,2000,"{1, 2, 3}","Automatic",0.,"Fallback","CondorcetExistRate",0.908
"Polarized",3,51,0.15,"2/3",1.5849625007211563,2000,"{1, 2, 3}","Automatic",0.,"Fallback","CondorcetEfficiency",0.3458149779735683
"Polarized",3,51,0.15,"2/3",1.5849625007211563,2000,"{1, 2, 3}","Automatic",0.,"Fallback","MidScore",0.317
"Polarized",3,51,0.15,"2/3",1.5849625007211563,2000,"{1, 2, 3}","Automatic",0.,"Fallback","Top1Acceptability",0.33618627450980365
"Polarized",3,51,0.15,"2/3",1.5849625007211563,2000,"{1, 2, 3}","Automatic",0.,"Fallback","Top2Acceptability",0.6680098039215684
"Polarized",3,51,0.15,"2/3",1.5849625007211563,2000,"{1, 2, 3}","Automatic",0.,"Fallback","Top3Acceptability",1.
"Polarized",3,51,0.15,"2/3",1.5849625007211563,2000,"{1, 2, 3}","Automatic",0.1,"Borda","NeverFirstRate",0.
"Polarized",3,51,0.15,"2/3",1.5849625007211563,2000,"{1, 2, 3}","Automatic",0.1,"Borda","NoiseFlipRate",0.4475
"Polarized",3,51,0.15,"2/3",1.5849625007211563,2000,"{1, 2, 3}","Automatic",0.1,"Borda","CondorcetExistRate",0.921
"Polarized",3,51,0.15,"2/3",1.5849625007211563,2000,"{1, 2, 3}","Automatic",0.1,"Borda","CondorcetEfficiency",0.9049945711183496
"Polarized",3,51,0.15,"2/3",1.5849625007211563,2000,"{1, 2, 3}","Automatic",0.1,"Borda","MidScore",0.3205
"Polarized",3,51,0.15,"2/3",1.5849625007211563,2000,"{1, 2, 3}","Automatic",0.1,"Borda","Top1Acceptability",0.39399999999999985
"Polarized",3,51,0.15,"2/3",1.5849625007211563,2000,"{1, 2, 3}","Automatic",0.1,"Borda","Top2Acceptability",0.726539215686274
"Polarized",3,51,0.15,"2/3",1.5849625007211563,2000,"{1, 2, 3}","Automatic",0.1,"Borda","Top3Acceptability",1.
"Polarized",3,51,0.15,"2/3",1.5849625007211563,2000,"{1, 2, 3}","Automatic",0.1,"Plurality","NeverFirstRate",0.
"Polarized",3,51,0.15,"2/3",1.5849625007211563,2000,"{1, 2, 3}","Automatic",0.1,"Plurality","NoiseFlipRate",0.5585
"Polarized",3,51,0.15,"2/3",1.5849625007211563,2000,"{1, 2, 3}","Automatic",0.1,"Plurality","CondorcetExistRate",0.921
"Polarized",3,51,0.15,"2/3",1.5849625007211563,2000,"{1, 2, 3}","Automatic",0.1,"Plurality","CondorcetEfficiency",0.757871878393051
"Polarized",3,51,0.15,"2/3",1.5849625007211563,2000,"{1, 2, 3}","Automatic",0.1,"Plurality","MidScore",0.214
"Polarized",3,51,0.15,"2/3",1.5849625007211563,2000,"{1, 2, 3}","Automatic",0.1,"Plurality","Top1Acceptability",0.404441176470588
"Polarized",3,51,0.15,"2/3",1.5849625007211563,2000,"{1, 2, 3}","Automatic",0.1,"Plurality","Top2Acceptability",0.6979607843137252
"Polarized",3,51,0.15,"2/3",1.5849625007211563,2000,"{1, 2, 3}","Automatic",0.1,"Plurality","Top3Acceptability",1.
"Polarized",3,51,0.15,"2/3",1.5849625007211563,2000,"{1, 2, 3}","Automatic",0.1,"Coombs","NeverFirstRate",0.
"Polarized",3,51,0.15,"2/3",1.5849625007211563,2000,"{1, 2, 3}","Automatic",0.1,"Coombs","NoiseFlipRate",0.4815
"Polarized",3,51,0.15,"2/3",1.5849625007211563,2000,"{1, 2, 3}","Automatic",0.1,"Coombs","CondorcetExistRate",0.921
"Polarized",3,51,0.15,"2/3",1.5849625007211563,2000,"{1, 2, 3}","Automatic",0.1,"Coombs","CondorcetEfficiency",0.9609120521172638
"Polarized",3,51,0.15,"2/3",1.5849625007211563,2000,"{1, 2, 3}","Automatic",0.1,"Coombs","MidScore",0.327
"Polarized",3,51,0.15,"2/3",1.5849625007211563,2000,"{1, 2, 3}","Automatic",0.1,"Coombs","Top1Acceptability",0.38900980392156836
"Polarized",3,51,0.15,"2/3",1.5849625007211563,2000,"{1, 2, 3}","Automatic",0.1,"Coombs","Top2Acceptability",0.7254313725490192
"Polarized",3,51,0.15,"2/3",1.5849625007211563,2000,"{1, 2, 3}","Automatic",0.1,"Coombs","Top3Acceptability",1.
"Polarized",3,51,0.15,"2/3",1.5849625007211563,2000,"{1, 2, 3}","Automatic",0.1,"QR","NeverFirstRate",0.
"Polarized",3,51,0.15,"2/3",1.5849625007211563,2000,"{1, 2, 3}","Automatic",0.1,"QR","NoiseFlipRate",0.584
"Polarized",3,51,0.15,"2/3",1.5849625007211563,2000,"{1, 2, 3}","Automatic",0.1,"QR","CondorcetExistRate",0.921
"Polarized",3,51,0.15,"2/3",1.5849625007211563,2000,"{1, 2, 3}","Automatic",0.1,"QR","CondorcetEfficiency",0.7225841476655809
"Polarized",3,51,0.15,"2/3",1.5849625007211563,2000,"{1, 2, 3}","Automatic",0.1,"QR","MidScore",0.446
"Polarized",3,51,0.15,"2/3",1.5849625007211563,2000,"{1, 2, 3}","Automatic",0.1,"QR","Top1Acceptability",0.36416666666666647
"Polarized",3,51,0.15,"2/3",1.5849625007211563,2000,"{1, 2, 3}","Automatic",0.1,"QR","Top2Acceptability",0.7368333333333328
"Polarized",3,51,0.15,"2/3",1.5849625007211563,2000,"{1, 2, 3}","Automatic",0.1,"QR","Top3Acceptability",1.
"Polarized",3,51,0.15,"2/3",1.5849625007211563,2000,"{1, 2, 3}","Automatic",0.1,"SDM","NeverFirstRate",0.
"Polarized",3,51,0.15,"2/3",1.5849625007211563,2000,"{1, 2, 3}","Automatic",0.1,"SDM","NoiseFlipRate",0.4735
"Polarized",3,51,0.15,"2/3",1.5849625007211563,2000,"{1, 2, 3}","Automatic",0.1,"SDM","CondorcetExistRate",0.921
"Polarized",3,51,0.15,"2/3",1.5849625007211563,2000,"{1, 2, 3}","Automatic",0.1,"SDM","CondorcetEfficiency",0.8659066232356135
"Polarized",3,51,0.15,"2/3",1.5849625007211563,2000,"{1, 2, 3}","Automatic",0.1,"SDM","MidScore",0.366
"Polarized",3,51,0.15,"2/3",1.5849625007211563,2000,"{1, 2, 3}","Automatic",0.1,"SDM","Top1Acceptability",0.3851274509803919
"Polarized",3,51,0.15,"2/3",1.5849625007211563,2000,"{1, 2, 3}","Automatic",0.1,"SDM","Top2Acceptability",0.7327745098039211
"Polarized",3,51,0.15,"2/3",1.5849625007211563,2000,"{1, 2, 3}","Automatic",0.1,"SDM","Top3Acceptability",1.
"Polarized",3,51,0.15,"2/3",1.5849625007211563,2000,"{1, 2, 3}","Automatic",0.1,"Fallback","NeverFirstRate",0.
"Polarized",3,51,0.15,"2/3",1.5849625007211563,2000,"{1, 2, 3}","Automatic",0.1,"Fallback","NoiseFlipRate",0.6795
"Polarized",3,51,0.15,"2/3",1.5849625007211563,2000,"{1, 2, 3}","Automatic",0.1,"Fallback","CondorcetExistRate",0.921
"Polarized",3,51,0.15,"2/3",1.5849625007211563,2000,"{1, 2, 3}","Automatic",0.1,"Fallback","CondorcetEfficiency",0.3311617806731813
"Polarized",3,51,0.15,"2/3",1.5849625007211563,2000,"{1, 2, 3}","Automatic",0.1,"Fallback","MidScore",0.3185
"Polarized",3,51,0.15,"2/3",1.5849625007211563,2000,"{1, 2, 3}","Automatic",0.1,"Fallback","Top1Acceptability",0.3335784313725488
"Polarized",3,51,0.15,"2/3",1.5849625007211563,2000,"{1, 2, 3}","Automatic",0.1,"Fallback","Top2Acceptability",0.6629019607843136
"Polarized",3,51,0.15,"2/3",1.5849625007211563,2000,"{1, 2, 3}","Automatic",0.1,"Fallback","Top3Acceptability",1.
"Polarized",3,51,0.15,"2/3",1.5849625007211563,2000,"{1, 2, 3}","Automatic",0.2,"Borda","NeverFirstRate",0.
"Polarized",3,51,0.15,"2/3",1.5849625007211563,2000,"{1, 2, 3}","Automatic",0.2,"Borda","NoiseFlipRate",0.4685
"Polarized",3,51,0.15,"2/3",1.5849625007211563,2000,"{1, 2, 3}","Automatic",0.2,"Borda","CondorcetExistRate",0.9135
"Polarized",3,51,0.15,"2/3",1.5849625007211563,2000,"{1, 2, 3}","Automatic",0.2,"Borda","CondorcetEfficiency",0.9025725232621784
"Polarized",3,51,0.15,"2/3",1.5849625007211563,2000,"{1, 2, 3}","Automatic",0.2,"Borda","MidScore",0.324
"Polarized",3,51,0.15,"2/3",1.5849625007211563,2000,"{1, 2, 3}","Automatic",0.2,"Borda","Top1Acceptability",0.39463725490196055
"Polarized",3,51,0.15,"2/3",1.5849625007211563,2000,"{1, 2, 3}","Automatic",0.2,"Borda","Top2Acceptability",0.7250980392156859
"Polarized",3,51,0.15,"2/3",1.5849625007211563,2000,"{1, 2, 3}","Automatic",0.2,"Borda","Top3Acceptability",1.
"Polarized",3,51,0.15,"2/3",1.5849625007211563,2000,"{1, 2, 3}","Automatic",0.2,"Plurality","NeverFirstRate",0.
"Polarized",3,51,0.15,"2/3",1.5849625007211563,2000,"{1, 2, 3}","Automatic",0.2,"Plurality","NoiseFlipRate",0.6285
"Polarized",3,51,0.15,"2/3",1.5849625007211563,2000,"{1, 2, 3}","Automatic",0.2,"Plurality","CondorcetExistRate",0.9135
"Polarized",3,51,0.15,"2/3",1.5849625007211563,2000,"{1, 2, 3}","Automatic",0.2,"Plurality","CondorcetEfficiency",0.7422003284072249
"Polarized",3,51,0.15,"2/3",1.5849625007211563,2000,"{1, 2, 3}","Automatic",0.2,"Plurality","MidScore",0.1585
"Polarized",3,51,0.15,"2/3",1.5849625007211563,2000,"{1, 2, 3}","Automatic",0.2,"Plurality","Top1Acceptability",0.4074215686274507
"Polarized",3,51,0.15,"2/3",1.5849625007211563,2000,"{1, 2, 3}","Automatic",0.2,"Plurality","Top2Acceptability",0.6907450980392155
"Polarized",3,51,0.15,"2/3",1.5849625007211563,2000,"{1, 2, 3}","Automatic",0.2,"Plurality","Top3Acceptability",1.
"Polarized",3,51,0.15,"2/3",1.5849625007211563,2000,"{1, 2, 3}","Automatic",0.2,"Coombs","NeverFirstRate",0.
"Polarized",3,51,0.15,"2/3",1.5849625007211563,2000,"{1, 2, 3}","Automatic",0.2,"Coombs","NoiseFlipRate",0.494
"Polarized",3,51,0.15,"2/3",1.5849625007211563,2000,"{1, 2, 3}","Automatic",0.2,"Coombs","CondorcetExistRate",0.9135
"Polarized",3,51,0.15,"2/3",1.5849625007211563,2000,"{1, 2, 3}","Automatic",0.2,"Coombs","CondorcetEfficiency",0.9485495347564313
"Polarized",3,51,0.15,"2/3",1.5849625007211563,2000,"{1, 2, 3}","Automatic",0.2,"Coombs","MidScore",0.339
"Polarized",3,51,0.15,"2/3",1.5849625007211563,2000,"{1, 2, 3}","Automatic",0.2,"Coombs","Top1Acceptability",0.3871960784313723
"Polarized",3,51,0.15,"2/3",1.5849625007211563,2000,"{1, 2, 3}","Automatic",0.2,"Coombs","Top2Acceptability",0.7257843137254899
"Polarized",3,51,0.15,"2/3",1.5849625007211563,2000,"{1, 2, 3}","Automatic",0.2,"Coombs","Top3Acceptability",1.
"Polarized",3,51,0.15,"2/3",1.5849625007211563,2000,"{1, 2, 3}","Automatic",0.2,"QR","NeverFirstRate",0.
"Polarized",3,51,0.15,"2/3",1.5849625007211563,2000,"{1, 2, 3}","Automatic",0.2,"QR","NoiseFlipRate",0.616
"Polarized",3,51,0.15,"2/3",1.5849625007211563,2000,"{1, 2, 3}","Automatic",0.2,"QR","CondorcetExistRate",0.9135
"Polarized",3,51,0.15,"2/3",1.5849625007211563,2000,"{1, 2, 3}","Automatic",0.2,"QR","CondorcetEfficiency",0.668856048166393
"Polarized",3,51,0.15,"2/3",1.5849625007211563,2000,"{1, 2, 3}","Automatic",0.2,"QR","MidScore",0.5525
"Polarized",3,51,0.15,"2/3",1.5849625007211563,2000,"{1, 2, 3}","Automatic",0.2,"QR","Top1Acceptability",0.35227450980392133
"Polarized",3,51,0.15,"2/3",1.5849625007211563,2000,"{1, 2, 3}","Automatic",0.2,"QR","Top2Acceptability",0.7411568627450976
"Polarized",3,51,0.15,"2/3",1.5849625007211563,2000,"{1, 2, 3}","Automatic",0.2,"QR","Top3Acceptability",1.
"Polarized",3,51,0.15,"2/3",1.5849625007211563,2000,"{1, 2, 3}","Automatic",0.2,"SDM","NeverFirstRate",0.
"Polarized",3,51,0.15,"2/3",1.5849625007211563,2000,"{1, 2, 3}","Automatic",0.2,"SDM","NoiseFlipRate",0.4805
"Polarized",3,51,0.15,"2/3",1.5849625007211563,2000,"{1, 2, 3}","Automatic",0.2,"SDM","CondorcetExistRate",0.9135
"Polarized",3,51,0.15,"2/3",1.5849625007211563,2000,"{1, 2, 3}","Automatic",0.2,"SDM","CondorcetEfficiency",0.8412698412698413
"Polarized",3,51,0.15,"2/3",1.5849625007211563,2000,"{1, 2, 3}","Automatic",0.2,"SDM","MidScore",0.413
"Polarized",3,51,0.15,"2/3",1.5849625007211563,2000,"{1, 2, 3}","Automatic",0.2,"SDM","Top1Acceptability",0.3804215686274507
"Polarized",3,51,0.15,"2/3",1.5849625007211563,2000,"{1, 2, 3}","Automatic",0.2,"SDM","Top2Acceptability",0.7352058823529408
"Polarized",3,51,0.15,"2/3",1.5849625007211563,2000,"{1, 2, 3}","Automatic",0.2,"SDM","Top3Acceptability",1.
"Polarized",3,51,0.15,"2/3",1.5849625007211563,2000,"{1, 2, 3}","Automatic",0.2,"Fallback","NeverFirstRate",0.
"Polarized",3,51,0.15,"2/3",1.5849625007211563,2000,"{1, 2, 3}","Automatic",0.2,"Fallback","NoiseFlipRate",0.657
"Polarized",3,51,0.15,"2/3",1.5849625007211563,2000,"{1, 2, 3}","Automatic",0.2,"Fallback","CondorcetExistRate",0.9135
"Polarized",3,51,0.15,"2/3",1.5849625007211563,2000,"{1, 2, 3}","Automatic",0.2,"Fallback","CondorcetEfficiency",0.3393541324575807
"Polarized",3,51,0.15,"2/3",1.5849625007211563,2000,"{1, 2, 3}","Automatic",0.2,"Fallback","MidScore",0.3395
"Polarized",3,51,0.15,"2/3",1.5849625007211563,2000,"{1, 2, 3}","Automatic",0.2,"Fallback","Top1Acceptability",0.3329607843137252
"Polarized",3,51,0.15,"2/3",1.5849625007211563,2000,"{1, 2, 3}","Automatic",0.2,"Fallback","Top2Acceptability",0.6662549019607841
"Polarized",3,51,0.15,"2/3",1.5849625007211563,2000,"{1, 2, 3}","Automatic",0.2,"Fallback","Top3Acceptability",1.
"Polarized",3,51,0.15,"2/3",1.5849625007211563,2000,"{1, 2, 3}","Automatic",0.30000000000000004,"Borda","NeverFirstRate",0.
"Polarized",3,51,0.15,"2/3",1.5849625007211563,2000,"{1, 2, 3}","Automatic",0.30000000000000004,"Borda","NoiseFlipRate",0.4745
"Polarized",3,51,0.15,"2/3",1.5849625007211563,2000,"{1, 2, 3}","Automatic",0.30000000000000004,"Borda","CondorcetExistRate",0.926
"Polarized",3,51,0.15,"2/3",1.5849625007211563,2000,"{1, 2, 3}","Automatic",0.30000000000000004,"Borda","CondorcetEfficiency",0.8995680345572354
"Polarized",3,51,0.15,"2/3",1.5849625007211563,2000,"{1, 2, 3}","Automatic",0.30000000000000004,"Borda","MidScore",0.315
"Polarized",3,51,0.15,"2/3",1.5849625007211563,2000,"{1, 2, 3}","Automatic",0.30000000000000004,"Borda","Top1Acceptability",0.3947450980392154
"Polarized",3,51,0.15,"2/3",1.5849625007211563,2000,"{1, 2, 3}","Automatic",0.30000000000000004,"Borda","Top2Acceptability",0.7231274509803918
"Polarized",3,51,0.15,"2/3",1.5849625007211563,2000,"{1, 2, 3}","Automatic",0.30000000000000004,"Borda","Top3Acceptability",1.
"Polarized",3,51,0.15,"2/3",1.5849625007211563,2000,"{1, 2, 3}","Automatic",0.30000000000000004,"Plurality","NeverFirstRate",0.
"Polarized",3,51,0.15,"2/3",1.5849625007211563,2000,"{1, 2, 3}","Automatic",0.30000000000000004,"Plurality","NoiseFlipRate",0.6485
"Polarized",3,51,0.15,"2/3",1.5849625007211563,2000,"{1, 2, 3}","Automatic",0.30000000000000004,"Plurality","CondorcetExistRate",0.926
"Polarized",3,51,0.15,"2/3",1.5849625007211563,2000,"{1, 2, 3}","Automatic",0.30000000000000004,"Plurality","CondorcetEfficiency",0.708963282937365
"Polarized",3,51,0.15,"2/3",1.5849625007211563,2000,"{1, 2, 3}","Automatic",0.30000000000000004,"Plurality","MidScore",0.076
"Polarized",3,51,0.15,"2/3",1.5849625007211563,2000,"{1, 2, 3}","Automatic",0.30000000000000004,"Plurality","Top1Acceptability",0.41526470588235265
"Polarized",3,51,0.15,"2/3",1.5849625007211563,2000,"{1, 2, 3}","Automatic",0.30000000000000004,"Plurality","Top2Acceptability",0.6769901960784311
"Polarized",3,51,0.15,"2/3",1.5849625007211563,2000,"{1, 2, 3}","Automatic",0.30000000000000004,"Plurality","Top3Acceptability",1.
"Polarized",3,51,0.15,"2/3",1.5849625007211563,2000,"{1, 2, 3}","Automatic",0.30000000000000004,"Coombs","NeverFirstRate",0.
"Polarized",3,51,0.15,"2/3",1.5849625007211563,2000,"{1, 2, 3}","Automatic",0.30000000000000004,"Coombs","NoiseFlipRate",0.466
"Polarized",3,51,0.15,"2/3",1.5849625007211563,2000,"{1, 2, 3}","Automatic",0.30000000000000004,"Coombs","CondorcetExistRate",0.926
"Polarized",3,51,0.15,"2/3",1.5849625007211563,2000,"{1, 2, 3}","Automatic",0.30000000000000004,"Coombs","CondorcetEfficiency",0.9379049676025918
"Polarized",3,51,0.15,"2/3",1.5849625007211563,2000,"{1, 2, 3}","Automatic",0.30000000000000004,"Coombs","MidScore",0.3125
"Polarized",3,51,0.15,"2/3",1.5849625007211563,2000,"{1, 2, 3}","Automatic",0.30000000000000004,"Coombs","Top1Acceptability",0.38834313725490177
"Polarized",3,51,0.15,"2/3",1.5849625007211563,2000,"{1, 2, 3}","Automatic",0.30000000000000004,"Coombs","Top2Acceptability",0.7223921568627447
"Polarized",3,51,0.15,"2/3",1.5849625007211563,2000,"{1, 2, 3}","Automatic",0.30000000000000004,"Coombs","Top3Acceptability",1.
"Polarized",3,51,0.15,"2/3",1.5849625007211563,2000,"{1, 2, 3}","Automatic",0.30000000000000004,"QR","NeverFirstRate",0.
"Polarized",3,51,0.15,"2/3",1.5849625007211563,2000,"{1, 2, 3}","Automatic",0.30000000000000004,"QR","NoiseFlipRate",0.6835
"Polarized",3,51,0.15,"2/3",1.5849625007211563,2000,"{1, 2, 3}","Automatic",0.30000000000000004,"QR","CondorcetExistRate",0.926
"Polarized",3,51,0.15,"2/3",1.5849625007211563,2000,"{1, 2, 3}","Automatic",0.30000000000000004,"QR","CondorcetEfficiency",0.5669546436285097
"Polarized",3,51,0.15,"2/3",1.5849625007211563,2000,"{1, 2, 3}","Automatic",0.30000000000000004,"QR","MidScore",0.6765
"Polarized",3,51,0.15,"2/3",1.5849625007211563,2000,"{1, 2, 3}","Automatic",0.30000000000000004,"QR","Top1Acceptability",0.3254313725490193
"Polarized",3,51,0.15,"2/3",1.5849625007211563,2000,"{1, 2, 3}","Automatic",0.30000000000000004,"QR","Top2Acceptability",0.7499999999999994
"Polarized",3,51,0.15,"2/3",1.5849625007211563,2000,"{1, 2, 3}","Automatic",0.30000000000000004,"QR","Top3Acceptability",1.
"Polarized",3,51,0.15,"2/3",1.5849625007211563,2000,"{1, 2, 3}","Automatic",0.30000000000000004,"SDM","NeverFirstRate",0.
"Polarized",3,51,0.15,"2/3",1.5849625007211563,2000,"{1, 2, 3}","Automatic",0.30000000000000004,"SDM","NoiseFlipRate",0.509
"Polarized",3,51,0.15,"2/3",1.5849625007211563,2000,"{1, 2, 3}","Automatic",0.30000000000000004,"SDM","CondorcetExistRate",0.926
"Polarized",3,51,0.15,"2/3",1.5849625007211563,2000,"{1, 2, 3}","Automatic",0.30000000000000004,"SDM","CondorcetEfficiency",0.8072354211663066
"Polarized",3,51,0.15,"2/3",1.5849625007211563,2000,"{1, 2, 3}","Automatic",0.30000000000000004,"SDM","MidScore",0.4555
"Polarized",3,51,0.15,"2/3",1.5849625007211563,2000,"{1, 2, 3}","Automatic",0.30000000000000004,"SDM","Top1Acceptability",0.3710098039215684
"Polarized",3,51,0.15,"2/3",1.5849625007211563,2000,"{1, 2, 3}","Automatic",0.30000000000000004,"SDM","Top2Acceptability",0.7398627450980387
"Polarized",3,51,0.15,"2/3",1.5849625007211563,2000,"{1, 2, 3}","Automatic",0.30000000000000004,"SDM","Top3Acceptability",1.
"Polarized",3,51,0.15,"2/3",1.5849625007211563,2000,"{1, 2, 3}","Automatic",0.30000000000000004,"Fallback","NeverFirstRate",0.
"Polarized",3,51,0.15,"2/3",1.5849625007211563,2000,"{1, 2, 3}","Automatic",0.30000000000000004,"Fallback","NoiseFlipRate",0.6505
"Polarized",3,51,0.15,"2/3",1.5849625007211563,2000,"{1, 2, 3}","Automatic",0.30000000000000004,"Fallback","CondorcetExistRate",0.926
"Polarized",3,51,0.15,"2/3",1.5849625007211563,2000,"{1, 2, 3}","Automatic",0.30000000000000004,"Fallback","CondorcetEfficiency",0.34503239740820735
"Polarized",3,51,0.15,"2/3",1.5849625007211563,2000,"{1, 2, 3}","Automatic",0.30000000000000004,"Fallback","MidScore",0.3415
"Polarized",3,51,0.15,"2/3",1.5849625007211563,2000,"{1, 2, 3}","Automatic",0.30000000000000004,"Fallback","Top1Acceptability",0.33290196078431344
"Polarized",3,51,0.15,"2/3",1.5849625007211563,2000,"{1, 2, 3}","Automatic",0.30000000000000004,"Fallback","Top2Acceptability",0.667205882352941
"Polarized",3,51,0.15,"2/3",1.5849625007211563,2000,"{1, 2, 3}","Automatic",0.30000000000000004,"Fallback","Top3Acceptability",1.
"Polarized",3,51,0.15,"2/3",1.5849625007211563,2000,"{1, 2, 3}","Automatic",0.4,"Borda","NeverFirstRate",0.
"Polarized",3,51,0.15,"2/3",1.5849625007211563,2000,"{1, 2, 3}","Automatic",0.4,"Borda","NoiseFlipRate",0.471
"Polarized",3,51,0.15,"2/3",1.5849625007211563,2000,"{1, 2, 3}","Automatic",0.4,"Borda","CondorcetExistRate",0.9125
"Polarized",3,51,0.15,"2/3",1.5849625007211563,2000,"{1, 2, 3}","Automatic",0.4,"Borda","CondorcetEfficiency",0.9112328767123288
"Polarized",3,51,0.15,"2/3",1.5849625007211563,2000,"{1, 2, 3}","Automatic",0.4,"Borda","MidScore",0.2815
"Polarized",3,51,0.15,"2/3",1.5849625007211563,2000,"{1, 2, 3}","Automatic",0.4,"Borda","Top1Acceptability",0.3995980392156861
"Polarized",3,51,0.15,"2/3",1.5849625007211563,2000,"{1, 2, 3}","Automatic",0.4,"Borda","Top2Acceptability",0.7176862745098036
"Polarized",3,51,0.15,"2/3",1.5849625007211563,2000,"{1, 2, 3}","Automatic",0.4,"Borda","Top3Acceptability",1.
"Polarized",3,51,0.15,"2/3",1.5849625007211563,2000,"{1, 2, 3}","Automatic",0.4,"Plurality","NeverFirstRate",0.
"Polarized",3,51,0.15,"2/3",1.5849625007211563,2000,"{1, 2, 3}","Automatic",0.4,"Plurality","NoiseFlipRate",0.6875
"Polarized",3,51,0.15,"2/3",1.5849625007211563,2000,"{1, 2, 3}","Automatic",0.4,"Plurality","CondorcetExistRate",0.9125
"Polarized",3,51,0.15,"2/3",1.5849625007211563,2000,"{1, 2, 3}","Automatic",0.4,"Plurality","CondorcetEfficiency",0.7117808219178082
"Polarized",3,51,0.15,"2/3",1.5849625007211563,2000,"{1, 2, 3}","Automatic",0.4,"Plurality","MidScore",0.0425
"Polarized",3,51,0.15,"2/3",1.5849625007211563,2000,"{1, 2, 3}","Automatic",0.4,"Plurality","Top1Acceptability",0.4245882352941174
"Polarized",3,51,0.15,"2/3",1.5849625007211563,2000,"{1, 2, 3}","Automatic",0.4,"Plurality","Top2Acceptability",0.6669117647058822
"Polarized",3,51,0.15,"2/3",1.5849625007211563,2000,"{1, 2, 3}","Automatic",0.4,"Plurality","Top3Acceptability",1.
"Polarized",3,51,0.15,"2/3",1.5849625007211563,2000,"{1, 2, 3}","Automatic",0.4,"Coombs","NeverFirstRate",0.
"Polarized",3,51,0.15,"2/3",1.5849625007211563,2000,"{1, 2, 3}","Automatic",0.4,"Coombs","NoiseFlipRate",0.4885
"Polarized",3,51,0.15,"2/3",1.5849625007211563,2000,"{1, 2, 3}","Automatic",0.4,"Coombs","CondorcetExistRate",0.9125
"Polarized",3,51,0.15,"2/3",1.5849625007211563,2000,"{1, 2, 3}","Automatic",0.4,"Coombs","CondorcetEfficiency",0.9315068493150684
"Polarized",3,51,0.15,"2/3",1.5849625007211563,2000,"{1, 2, 3}","Automatic",0.4,"Coombs","MidScore",0.2905
"Polarized",3,51,0.15,"2/3",1.5849625007211563,2000,"{1, 2, 3}","Automatic",0.4,"Coombs","Top1Acceptability",0.39192156862745076
"Polarized",3,51,0.15,"2/3",1.5849625007211563,2000,"{1, 2, 3}","Automatic",0.4,"Coombs","Top2Acceptability",0.7182156862745096
"Polarized",3,51,0.15,"2/3",1.5849625007211563,2000,"{1, 2, 3}","Automatic",0.4,"Coombs","Top3Acceptability",1.
"Polarized",3,51,0.15,"2/3",1.5849625007211563,2000,"{1, 2, 3}","Automatic",0.4,"QR","NeverFirstRate",0.
"Polarized",3,51,0.15,"2/3",1.5849625007211563,2000,"{1, 2, 3}","Automatic",0.4,"QR","NoiseFlipRate",0.7345
"Polarized",3,51,0.15,"2/3",1.5849625007211563,2000,"{1, 2, 3}","Automatic",0.4,"QR","CondorcetExistRate",0.9125
"Polarized",3,51,0.15,"2/3",1.5849625007211563,2000,"{1, 2, 3}","Automatic",0.4,"QR","CondorcetEfficiency",0.4624657534246575
"Polarized",3,51,0.15,"2/3",1.5849625007211563,2000,"{1, 2, 3}","Automatic",0.4,"QR","MidScore",0.771
"Polarized",3,51,0.15,"2/3",1.5849625007211563,2000,"{1, 2, 3}","Automatic",0.4,"QR","Top1Acceptability",0.29744117647058793
"Polarized",3,51,0.15,"2/3",1.5849625007211563,2000,"{1, 2, 3}","Automatic",0.4,"QR","Top2Acceptability",0.7580784313725485
"Polarized",3,51,0.15,"2/3",1.5849625007211563,2000,"{1, 2, 3}","Automatic",0.4,"QR","Top3Acceptability",1.
"Polarized",3,51,0.15,"2/3",1.5849625007211563,2000,"{1, 2, 3}","Automatic",0.4,"SDM","NeverFirstRate",0.
"Polarized",3,51,0.15,"2/3",1.5849625007211563,2000,"{1, 2, 3}","Automatic",0.4,"SDM","NoiseFlipRate",0.5145
"Polarized",3,51,0.15,"2/3",1.5849625007211563,2000,"{1, 2, 3}","Automatic",0.4,"SDM","CondorcetExistRate",0.9125
"Polarized",3,51,0.15,"2/3",1.5849625007211563,2000,"{1, 2, 3}","Automatic",0.4,"SDM","CondorcetEfficiency",0.7632876712328767
"Polarized",3,51,0.15,"2/3",1.5849625007211563,2000,"{1, 2, 3}","Automatic",0.4,"SDM","MidScore",0.4765
"Polarized",3,51,0.15,"2/3",1.5849625007211563,2000,"{1, 2, 3}","Automatic",0.4,"SDM","Top1Acceptability",0.3639999999999999
"Polarized",3,51,0.15,"2/3",1.5849625007211563,2000,"{1, 2, 3}","Automatic",0.4,"SDM","Top2Acceptability",0.7425882352941173
"Polarized",3,51,0.15,"2/3",1.5849625007211563,2000,"{1, 2, 3}","Automatic",0.4,"SDM","Top3Acceptability",1.
"Polarized",3,51,0.15,"2/3",1.5849625007211563,2000,"{1, 2, 3}","Automatic",0.4,"Fallback","NeverFirstRate",0.
"Polarized",3,51,0.15,"2/3",1.5849625007211563,2000,"{1, 2, 3}","Automatic",0.4,"Fallback","NoiseFlipRate",0.678
"Polarized",3,51,0.15,"2/3",1.5849625007211563,2000,"{1, 2, 3}","Automatic",0.4,"Fallback","CondorcetExistRate",0.9125
"Polarized",3,51,0.15,"2/3",1.5849625007211563,2000,"{1, 2, 3}","Automatic",0.4,"Fallback","CondorcetEfficiency",0.34465753424657536
"Polarized",3,51,0.15,"2/3",1.5849625007211563,2000,"{1, 2, 3}","Automatic",0.4,"Fallback","MidScore",0.325
"Polarized",3,51,0.15,"2/3",1.5849625007211563,2000,"{1, 2, 3}","Automatic",0.4,"Fallback","Top1Acceptability",0.337176470588235
"Polarized",3,51,0.15,"2/3",1.5849625007211563,2000,"{1, 2, 3}","Automatic",0.4,"Fallback","Top2Acceptability",0.6668039215686273
"Polarized",3,51,0.15,"2/3",1.5849625007211563,2000,"{1, 2, 3}","Automatic",0.4,"Fallback","Top3Acceptability",1.
"Polarized",3,51,0.15,"2/3",1.5849625007211563,2000,"{1, 2, 3}","Automatic",0.5,"Borda","NeverFirstRate",0.
"Polarized",3,51,0.15,"2/3",1.5849625007211563,2000,"{1, 2, 3}","Automatic",0.5,"Borda","NoiseFlipRate",0.478
"Polarized",3,51,0.15,"2/3",1.5849625007211563,2000,"{1, 2, 3}","Automatic",0.5,"Borda","CondorcetExistRate",0.918
"Polarized",3,51,0.15,"2/3",1.5849625007211563,2000,"{1, 2, 3}","Automatic",0.5,"Borda","CondorcetEfficiency",0.9139433551198257
"Polarized",3,51,0.15,"2/3",1.5849625007211563,2000,"{1, 2, 3}","Automatic",0.5,"Borda","MidScore",0.272
"Polarized",3,51,0.15,"2/3",1.5849625007211563,2000,"{1, 2, 3}","Automatic",0.5,"Borda","Top1Acceptability",0.4016470588235293
"Polarized",3,51,0.15,"2/3",1.5849625007211563,2000,"{1, 2, 3}","Automatic",0.5,"Borda","Top2Acceptability",0.7151078431372546
"Polarized",3,51,0.15,"2/3",1.5849625007211563,2000,"{1, 2, 3}","Automatic",0.5,"Borda","Top3Acceptability",1.
"Polarized",3,51,0.15,"2/3",1.5849625007211563,2000,"{1, 2, 3}","Automatic",0.5,"Plurality","NeverFirstRate",0.
"Polarized",3,51,0.15,"2/3",1.5849625007211563,2000,"{1, 2, 3}","Automatic",0.5,"Plurality","NoiseFlipRate",0.752
"Polarized",3,51,0.15,"2/3",1.5849625007211563,2000,"{1, 2, 3}","Automatic",0.5,"Plurality","CondorcetExistRate",0.918
"Polarized",3,51,0.15,"2/3",1.5849625007211563,2000,"{1, 2, 3}","Automatic",0.5,"Plurality","CondorcetEfficiency",0.6998910675381264
"Polarized",3,51,0.15,"2/3",1.5849625007211563,2000,"{1, 2, 3}","Automatic",0.5,"Plurality","MidScore",0.0205
"Polarized",3,51,0.15,"2/3",1.5849625007211563,2000,"{1, 2, 3}","Automatic",0.5,"Plurality","Top1Acceptability",0.433862745098039
"Polarized",3,51,0.15,"2/3",1.5849625007211563,2000,"{1, 2, 3}","Automatic",0.5,"Plurality","Top2Acceptability",0.6535882352941176
"Polarized",3,51,0.15,"2/3",1.5849625007211563,2000,"{1, 2, 3}","Automatic",0.5,"Plurality","Top3Acceptability",1.
"Polarized",3,51,0.15,"2/3",1.5849625007211563,2000,"{1, 2, 3}","Automatic",0.5,"Coombs","NeverFirstRate",0.
"Polarized",3,51,0.15,"2/3",1.5849625007211563,2000,"{1, 2, 3}","Automatic",0.5,"Coombs","NoiseFlipRate",0.473
"Polarized",3,51,0.15,"2/3",1.5849625007211563,2000,"{1, 2, 3}","Automatic",0.5,"Coombs","CondorcetExistRate",0.918
"Polarized",3,51,0.15,"2/3",1.5849625007211563,2000,"{1, 2, 3}","Automatic",0.5,"Coombs","CondorcetEfficiency",0.9395424836601307
"Polarized",3,51,0.15,"2/3",1.5849625007211563,2000,"{1, 2, 3}","Automatic",0.5,"Coombs","MidScore",0.2805
"Polarized",3,51,0.15,"2/3",1.5849625007211563,2000,"{1, 2, 3}","Automatic",0.5,"Coombs","Top1Acceptability",0.39465686274509787
"Polarized",3,51,0.15,"2/3",1.5849625007211563,2000,"{1, 2, 3}","Automatic",0.5,"Coombs","Top2Acceptability",0.7159803921568624
"Polarized",3,51,0.15,"2/3",1.5849625007211563,2000,"{1, 2, 3}","Automatic",0.5,"Coombs","Top3Acceptability",1.
"Polarized",3,51,0.15,"2/3",1.5849625007211563,2000,"{1, 2, 3}","Automatic",0.5,"QR","NeverFirstRate",0.
"Polarized",3,51,0.15,"2/3",1.5849625007211563,2000,"{1, 2, 3}","Automatic",0.5,"QR","NoiseFlipRate",0.801
"Polarized",3,51,0.15,"2/3",1.5849625007211563,2000,"{1, 2, 3}","Automatic",0.5,"QR","CondorcetExistRate",0.918
"Polarized",3,51,0.15,"2/3",1.5849625007211563,2000,"{1, 2, 3}","Automatic",0.5,"QR","CondorcetEfficiency",0.3818082788671024
"Polarized",3,51,0.15,"2/3",1.5849625007211563,2000,"{1, 2, 3}","Automatic",0.5,"QR","MidScore",0.8635
"Polarized",3,51,0.15,"2/3",1.5849625007211563,2000,"{1, 2, 3}","Automatic",0.5,"QR","Top1Acceptability",0.2623725490196074
"Polarized",3,51,0.15,"2/3",1.5849625007211563,2000,"{1, 2, 3}","Automatic",0.5,"QR","Top2Acceptability",0.7744215686274506
"Polarized",3,51,0.15,"2/3",1.5849625007211563,2000,"{1, 2, 3}","Automatic",0.5,"QR","Top3Acceptability",1.
"Polarized",3,51,0.15,"2/3",1.5849625007211563,2000,"{1, 2, 3}","Automatic",0.5,"SDM","NeverFirstRate",0.
"Polarized",3,51,0.15,"2/3",1.5849625007211563,2000,"{1, 2, 3}","Automatic",0.5,"SDM","NoiseFlipRate",0.537
"Polarized",3,51,0.15,"2/3",1.5849625007211563,2000,"{1, 2, 3}","Automatic",0.5,"SDM","CondorcetExistRate",0.918
"Polarized",3,51,0.15,"2/3",1.5849625007211563,2000,"{1, 2, 3}","Automatic",0.5,"SDM","CondorcetEfficiency",0.7211328976034859
"Polarized",3,51,0.15,"2/3",1.5849625007211563,2000,"{1, 2, 3}","Automatic",0.5,"SDM","MidScore",0.5285
"Polarized",3,51,0.15,"2/3",1.5849625007211563,2000,"{1, 2, 3}","Automatic",0.5,"SDM","Top1Acceptability",0.347705882352941
"Polarized",3,51,0.15,"2/3",1.5849625007211563,2000,"{1, 2, 3}","Automatic",0.5,"SDM","Top2Acceptability",0.7531764705882349
"Polarized",3,51,0.15,"2/3",1.5849625007211563,2000,"{1, 2, 3}","Automatic",0.5,"SDM","Top3Acceptability",1.
"Polarized",3,51,0.15,"2/3",1.5849625007211563,2000,"{1, 2, 3}","Automatic",0.5,"Fallback","NeverFirstRate",0.
"Polarized",3,51,0.15,"2/3",1.5849625007211563,2000,"{1, 2, 3}","Automatic",0.5,"Fallback","NoiseFlipRate",0.6625
"Polarized",3,51,0.15,"2/3",1.5849625007211563,2000,"{1, 2, 3}","Automatic",0.5,"Fallback","CondorcetExistRate",0.918
"Polarized",3,51,0.15,"2/3",1.5849625007211563,2000,"{1, 2, 3}","Automatic",0.5,"Fallback","CondorcetEfficiency",0.3213507625272331
"Polarized",3,51,0.15,"2/3",1.5849625007211563,2000,"{1, 2, 3}","Automatic",0.5,"Fallback","MidScore",0.3375
"Polarized",3,51,0.15,"2/3",1.5849625007211563,2000,"{1, 2, 3}","Automatic",0.5,"Fallback","Top1Acceptability",0.3300294117647056
"Polarized",3,51,0.15,"2/3",1.5849625007211563,2000,"{1, 2, 3}","Automatic",0.5,"Fallback","Top2Acceptability",0.6650588235294115
"Polarized",3,51,0.15,"2/3",1.5849625007211563,2000,"{1, 2, 3}","Automatic",0.5,"Fallback","Top3Acceptability",1.
"Polarized",3,51,0.15,"2/3",1.5849625007211563,2000,"{1, 2, 3}","Automatic",0.6000000000000001,"Borda","NeverFirstRate",0.
"Polarized",3,51,0.15,"2/3",1.5849625007211563,2000,"{1, 2, 3}","Automatic",0.6000000000000001,"Borda","NoiseFlipRate",0.472
"Polarized",3,51,0.15,"2/3",1.5849625007211563,2000,"{1, 2, 3}","Automatic",0.6000000000000001,"Borda","CondorcetExistRate",0.924
"Polarized",3,51,0.15,"2/3",1.5849625007211563,2000,"{1, 2, 3}","Automatic",0.6000000000000001,"Borda","CondorcetEfficiency",0.9096320346320347
"Polarized",3,51,0.15,"2/3",1.5849625007211563,2000,"{1, 2, 3}","Automatic",0.6000000000000001,"Borda","MidScore",0.2765
"Polarized",3,51,0.15,"2/3",1.5849625007211563,2000,"{1, 2, 3}","Automatic",0.6000000000000001,"Borda","Top1Acceptability",0.40349019607843123
"Polarized",3,51,0.15,"2/3",1.5849625007211563,2000,"{1, 2, 3}","Automatic",0.6000000000000001,"Borda","Top2Acceptability",0.7159509803921564
"Polarized",3,51,0.15,"2/3",1.5849625007211563,2000,"{1, 2, 3}","Automatic",0.6000000000000001,"Borda","Top3Acceptability",1.
"Polarized",3,51,0.15,"2/3",1.5849625007211563,2000,"{1, 2, 3}","Automatic",0.6000000000000001,"Plurality","NeverFirstRate",0.
"Polarized",3,51,0.15,"2/3",1.5849625007211563,2000,"{1, 2, 3}","Automatic",0.6000000000000001,"Plurality","NoiseFlipRate",0.7835
"Polarized",3,51,0.15,"2/3",1.5849625007211563,2000,"{1, 2, 3}","Automatic",0.6000000000000001,"Plurality","CondorcetExistRate",0.924
"Polarized",3,51,0.15,"2/3",1.5849625007211563,2000,"{1, 2, 3}","Automatic",0.6000000000000001,"Plurality","CondorcetEfficiency",0.7121212121212122
"Polarized",3,51,0.15,"2/3",1.5849625007211563,2000,"{1, 2, 3}","Automatic",0.6000000000000001,"Plurality","MidScore",0.006
"Polarized",3,51,0.15,"2/3",1.5849625007211563,2000,"{1, 2, 3}","Automatic",0.6000000000000001,"Plurality","Top1Acceptability",0.4447156862745096
"Polarized",3,51,0.15,"2/3",1.5849625007211563,2000,"{1, 2, 3}","Automatic",0.6000000000000001,"Plurality","Top2Acceptability",0.6446372549019607
"Polarized",3,51,0.15,"2/3",1.5849625007211563,2000,"{1, 2, 3}","Automatic",0.6000000000000001,"Plurality","Top3Acceptability",1.
"Polarized",3,51,0.15,"2/3",1.5849625007211563,2000,"{1, 2, 3}","Automatic",0.6000000000000001,"Coombs","NeverFirstRate",0.
"Polarized",3,51,0.15,"2/3",1.5849625007211563,2000,"{1, 2, 3}","Automatic",0.6000000000000001,"Coombs","NoiseFlipRate",0.4615
"Polarized",3,51,0.15,"2/3",1.5849625007211563,2000,"{1, 2, 3}","Automatic",0.6000000000000001,"Coombs","CondorcetExistRate",0.924
"Polarized",3,51,0.15,"2/3",1.5849625007211563,2000,"{1, 2, 3}","Automatic",0.6000000000000001,"Coombs","CondorcetEfficiency",0.9334415584415584
"Polarized",3,51,0.15,"2/3",1.5849625007211563,2000,"{1, 2, 3}","Automatic",0.6000000000000001,"Coombs","MidScore",0.261
"Polarized",3,51,0.15,"2/3",1.5849625007211563,2000,"{1, 2, 3}","Automatic",0.6000000000000001,"Coombs","Top1Acceptability",0.4008235294117645
"Polarized",3,51,0.15,"2/3",1.5849625007211563,2000,"{1, 2, 3}","Automatic",0.6000000000000001,"Coombs","Top2Acceptability",0.7125686274509799
"Polarized",3,51,0.15,"2/3",1.5849625007211563,2000,"{1, 2, 3}","Automatic",0.6000000000000001,"Coombs","Top3Acceptability",1.
"Polarized",3,51,0.15,"2/3",1.5849625007211563,2000,"{1, 2, 3}","Automatic",0.6000000000000001,"QR","NeverFirstRate",0.
"Polarized",3,51,0.15,"2/3",1.5849625007211563,2000,"{1, 2, 3}","Automatic",0.6000000000000001,"QR","NoiseFlipRate",0.8515
"Polarized",3,51,0.15,"2/3",1.5849625007211563,2000,"{1, 2, 3}","Automatic",0.6000000000000001,"QR","CondorcetExistRate",0.924
"Polarized",3,51,0.15,"2/3",1.5849625007211563,2000,"{1, 2, 3}","Automatic",0.6000000000000001,"QR","CondorcetEfficiency",0.3198051948051948
"Polarized",3,51,0.15,"2/3",1.5849625007211563,2000,"{1, 2, 3}","Automatic",0.6000000000000001,"QR","MidScore",0.919
"Polarized",3,51,0.15,"2/3",1.5849625007211563,2000,"{1, 2, 3}","Automatic",0.6000000000000001,"QR","Top1Acceptability",0.23241176470588193
"Polarized",3,51,0.15,"2/3",1.5849625007211563,2000,"{1, 2, 3}","Automatic",0.6000000000000001,"QR","Top2Acceptability",0.7939901960784307
"Polarized",3,51,0.15,"2/3",1.5849625007211563,2000,"{1, 2, 3}","Automatic",0.6000000000000001,"QR","Top3Acceptability",1.
"Polarized",3,51,0.15,"2/3",1.5849625007211563,2000,"{1, 2, 3}","Automatic",0.6000000000000001,"SDM","NeverFirstRate",0.
"Polarized",3,51,0.15,"2/3",1.5849625007211563,2000,"{1, 2, 3}","Automatic",0.6000000000000001,"SDM","NoiseFlipRate",0.5475
"Polarized",3,51,0.15,"2/3",1.5849625007211563,2000,"{1, 2, 3}","Automatic",0.6000000000000001,"SDM","CondorcetExistRate",0.924
"Polarized",3,51,0.15,"2/3",1.5849625007211563,2000,"{1, 2, 3}","Automatic",0.6000000000000001,"SDM","CondorcetEfficiency",0.6558441558441559
"Polarized",3,51,0.15,"2/3",1.5849625007211563,2000,"{1, 2, 3}","Automatic",0.6000000000000001,"SDM","MidScore",0.5835
"Polarized",3,51,0.15,"2/3",1.5849625007211563,2000,"{1, 2, 3}","Automatic",0.6000000000000001,"SDM","Top1Acceptability",0.33018627450980376
"Polarized",3,51,0.15,"2/3",1.5849625007211563,2000,"{1, 2, 3}","Automatic",0.6000000000000001,"SDM","Top2Acceptability",0.7674999999999994
"Polarized",3,51,0.15,"2/3",1.5849625007211563,2000,"{1, 2, 3}","Automatic",0.6000000000000001,"SDM","Top3Acceptability",1.
"Polarized",3,51,0.15,"2/3",1.5849625007211563,2000,"{1, 2, 3}","Automatic",0.6000000000000001,"Fallback","NeverFirstRate",0.
"Polarized",3,51,0.15,"2/3",1.5849625007211563,2000,"{1, 2, 3}","Automatic",0.6000000000000001,"Fallback","NoiseFlipRate",0.6705
"Polarized",3,51,0.15,"2/3",1.5849625007211563,2000,"{1, 2, 3}","Automatic",0.6000000000000001,"Fallback","CondorcetExistRate",0.924
"Polarized",3,51,0.15,"2/3",1.5849625007211563,2000,"{1, 2, 3}","Automatic",0.6000000000000001,"Fallback","CondorcetEfficiency",0.3365800865800866
"Polarized",3,51,0.15,"2/3",1.5849625007211563,2000,"{1, 2, 3}","Automatic",0.6000000000000001,"Fallback","MidScore",0.327
"Polarized",3,51,0.15,"2/3",1.5849625007211563,2000,"{1, 2, 3}","Automatic",0.6000000000000001,"Fallback","Top1Acceptability",0.3341666666666664
"Polarized",3,51,0.15,"2/3",1.5849625007211563,2000,"{1, 2, 3}","Automatic",0.6000000000000001,"Fallback","Top2Acceptability",0.6653137254901957
"Polarized",3,51,0.15,"2/3",1.5849625007211563,2000,"{1, 2, 3}","Automatic",0.6000000000000001,"Fallback","Top3Acceptability",1.
"Polarized",3,51,0.15,"2/3",1.5849625007211563,2000,"{1, 2, 3}","Automatic",0.7000000000000001,"Borda","NeverFirstRate",0.
"Polarized",3,51,0.15,"2/3",1.5849625007211563,2000,"{1, 2, 3}","Automatic",0.7000000000000001,"Borda","NoiseFlipRate",0.462
"Polarized",3,51,0.15,"2/3",1.5849625007211563,2000,"{1, 2, 3}","Automatic",0.7000000000000001,"Borda","CondorcetExistRate",0.9155
"Polarized",3,51,0.15,"2/3",1.5849625007211563,2000,"{1, 2, 3}","Automatic",0.7000000000000001,"Borda","CondorcetEfficiency",0.9142545057345712
"Polarized",3,51,0.15,"2/3",1.5849625007211563,2000,"{1, 2, 3}","Automatic",0.7000000000000001,"Borda","MidScore",0.2705
"Polarized",3,51,0.15,"2/3",1.5849625007211563,2000,"{1, 2, 3}","Automatic",0.7000000000000001,"Borda","Top1Acceptability",0.40542156862745077
"Polarized",3,51,0.15,"2/3",1.5849625007211563,2000,"{1, 2, 3}","Automatic",0.7000000000000001,"Borda","Top2Acceptability",0.710803921568627
"Polarized",3,51,0.15,"2/3",1.5849625007211563,2000,"{1, 2, 3}","Automatic",0.7000000000000001,"Borda","Top3Acceptability",1.
"Polarized",3,51,0.15,"2/3",1.5849625007211563,2000,"{1, 2, 3}","Automatic",0.7000000000000001,"Plurality","NeverFirstRate",0.
"Polarized",3,51,0.15,"2/3",1.5849625007211563,2000,"{1, 2, 3}","Automatic",0.7000000000000001,"Plurality","NoiseFlipRate",0.8065
"Polarized",3,51,0.15,"2/3",1.5849625007211563,2000,"{1, 2, 3}","Automatic",0.7000000000000001,"Plurality","CondorcetExistRate",0.9155
"Polarized",3,51,0.15,"2/3",1.5849625007211563,2000,"{1, 2, 3}","Automatic",0.7000000000000001,"Plurality","CondorcetEfficiency",0.7187329328235936
"Polarized",3,51,0.15,"2/3",1.5849625007211563,2000,"{1, 2, 3}","Automatic",0.7000000000000001,"Plurality","MidScore",0.0045
"Polarized",3,51,0.15,"2/3",1.5849625007211563,2000,"{1, 2, 3}","Automatic",0.7000000000000001,"Plurality","Top1Acceptability",0.4539607843137253
"Polarized",3,51,0.15,"2/3",1.5849625007211563,2000,"{1, 2, 3}","Automatic",0.7000000000000001,"Plurality","Top2Acceptability",0.6348529411764705
"Polarized",3,51,0.15,"2/3",1.5849625007211563,2000,"{1, 2, 3}","Automatic",0.7000000000000001,"Plurality","Top3Acceptability",1.
"Polarized",3,51,0.15,"2/3",1.5849625007211563,2000,"{1, 2, 3}","Automatic",0.7000000000000001,"Coombs","NeverFirstRate",0.
"Polarized",3,51,0.15,"2/3",1.5849625007211563,2000,"{1, 2, 3}","Automatic",0.7000000000000001,"Coombs","NoiseFlipRate",0.45
"Polarized",3,51,0.15,"2/3",1.5849625007211563,2000,"{1, 2, 3}","Automatic",0.7000000000000001,"Coombs","CondorcetExistRate",0.9155
"Polarized",3,51,0.15,"2/3",1.5849625007211563,2000,"{1, 2, 3}","Automatic",0.7000000000000001,"Coombs","CondorcetEfficiency",0.937192790824686
"Polarized",3,51,0.15,"2/3",1.5849625007211563,2000,"{1, 2, 3}","Automatic",0.7000000000000001,"Coombs","MidScore",0.269
"Polarized",3,51,0.15,"2/3",1.5849625007211563,2000,"{1, 2, 3}","Automatic",0.7000000000000001,"Coombs","Top1Acceptability",0.40123529411764686
"Polarized",3,51,0.15,"2/3",1.5849625007211563,2000,"{1, 2, 3}","Automatic",0.7000000000000001,"Coombs","Top2Acceptability",0.7088431372549016
"Polarized",3,51,0.15,"2/3",1.5849625007211563,2000,"{1, 2, 3}","Automatic",0.7000000000000001,"Coombs","Top3Acceptability",1.
"Polarized",3,51,0.15,"2/3",1.5849625007211563,2000,"{1, 2, 3}","Automatic",0.7000000000000001,"QR","NeverFirstRate",0.
"Polarized",3,51,0.15,"2/3",1.5849625007211563,2000,"{1, 2, 3}","Automatic",0.7000000000000001,"QR","NoiseFlipRate",0.905
"Polarized",3,51,0.15,"2/3",1.5849625007211563,2000,"{1, 2, 3}","Automatic",0.7000000000000001,"QR","CondorcetExistRate",0.9155
"Polarized",3,51,0.15,"2/3",1.5849625007211563,2000,"{1, 2, 3}","Automatic",0.7000000000000001,"QR","CondorcetEfficiency",0.2676133260513381
"Polarized",3,51,0.15,"2/3",1.5849625007211563,2000,"{1, 2, 3}","Automatic",0.7000000000000001,"QR","MidScore",0.9635
"Polarized",3,51,0.15,"2/3",1.5849625007211563,2000,"{1, 2, 3}","Automatic",0.7000000000000001,"QR","Top1Acceptability",0.20321568627450945
"Polarized",3,51,0.15,"2/3",1.5849625007211563,2000,"{1, 2, 3}","Automatic",0.7000000000000001,"QR","Top2Acceptability",0.8110196078431365
"Polarized",3,51,0.15,"2/3",1.5849625007211563,2000,"{1, 2, 3}","Automatic",0.7000000000000001,"QR","Top3Acceptability",1.
"Polarized",3,51,0.15,"2/3",1.5849625007211563,2000,"{1, 2, 3}","Automatic",0.7000000000000001,"SDM","NeverFirstRate",0.
"Polarized",3,51,0.15,"2/3",1.5849625007211563,2000,"{1, 2, 3}","Automatic",0.7000000000000001,"SDM","NoiseFlipRate",0.5675
"Polarized",3,51,0.15,"2/3",1.5849625007211563,2000,"{1, 2, 3}","Automatic",0.7000000000000001,"SDM","CondorcetExistRate",0.9155
"Polarized",3,51,0.15,"2/3",1.5849625007211563,2000,"{1, 2, 3}","Automatic",0.7000000000000001,"SDM","CondorcetEfficiency",0.6034953577280174
"Polarized",3,51,0.15,"2/3",1.5849625007211563,2000,"{1, 2, 3}","Automatic",0.7000000000000001,"SDM","MidScore",0.6335
"Polarized",3,51,0.15,"2/3",1.5849625007211563,2000,"{1, 2, 3}","Automatic",0.7000000000000001,"SDM","Top1Acceptability",0.3081960784313723
"Polarized",3,51,0.15,"2/3",1.5849625007211563,2000,"{1, 2, 3}","Automatic",0.7000000000000001,"SDM","Top2Acceptability",0.7802941176470584
"Polarized",3,51,0.15,"2/3",1.5849625007211563,2000,"{1, 2, 3}","Automatic",0.7000000000000001,"SDM","Top3Acceptability",1.
"Polarized",3,51,0.15,"2/3",1.5849625007211563,2000,"{1, 2, 3}","Automatic",0.7000000000000001,"Fallback","NeverFirstRate",0.
"Polarized",3,51,0.15,"2/3",1.5849625007211563,2000,"{1, 2, 3}","Automatic",0.7000000000000001,"Fallback","NoiseFlipRate",0.684
"Polarized",3,51,0.15,"2/3",1.5849625007211563,2000,"{1, 2, 3}","Automatic",0.7000000000000001,"Fallback","CondorcetExistRate",0.9155
"Polarized",3,51,0.15,"2/3",1.5849625007211563,2000,"{1, 2, 3}","Automatic",0.7000000000000001,"Fallback","CondorcetEfficiency",0.3271436373566357
"Polarized",3,51,0.15,"2/3",1.5849625007211563,2000,"{1, 2, 3}","Automatic",0.7000000000000001,"Fallback","MidScore",0.329
"Polarized",3,51,0.15,"2/3",1.5849625007211563,2000,"{1, 2, 3}","Automatic",0.7000000000000001,"Fallback","Top1Acceptability",0.3332745098039213
"Polarized",3,51,0.15,"2/3",1.5849625007211563,2000,"{1, 2, 3}","Automatic",0.7000000000000001,"Fallback","Top2Acceptability",0.6647745098039214
"Polarized",3,51,0.15,"2/3",1.5849625007211563,2000,"{1, 2, 3}","Automatic",0.7000000000000001,"Fallback","Top3Acceptability",1.
"Polarized",3,51,0.15,"2/3",1.5849625007211563,2000,"{1, 2, 3}","Automatic",0.8,"Borda","NeverFirstRate",0.
"Polarized",3,51,0.15,"2/3",1.5849625007211563,2000,"{1, 2, 3}","Automatic",0.8,"Borda","NoiseFlipRate",0.468
"Polarized",3,51,0.15,"2/3",1.5849625007211563,2000,"{1, 2, 3}","Automatic",0.8,"Borda","CondorcetExistRate",0.934
"Polarized",3,51,0.15,"2/3",1.5849625007211563,2000,"{1, 2, 3}","Automatic",0.8,"Borda","CondorcetEfficiency",0.9127408993576017
"Polarized",3,51,0.15,"2/3",1.5849625007211563,2000,"{1, 2, 3}","Automatic",0.8,"Borda","MidScore",0.254
"Polarized",3,51,0.15,"2/3",1.5849625007211563,2000,"{1, 2, 3}","Automatic",0.8,"Borda","Top1Acceptability",0.4130392156862744
"Polarized",3,51,0.15,"2/3",1.5849625007211563,2000,"{1, 2, 3}","Automatic",0.8,"Borda","Top2Acceptability",0.7036960784313722
"Polarized",3,51,0.15,"2/3",1.5849625007211563,2000,"{1, 2, 3}","Automatic",0.8,"Borda","Top3Acceptability",1.
"Polarized",3,51,0.15,"2/3",1.5849625007211563,2000,"{1, 2, 3}","Automatic",0.8,"Plurality","NeverFirstRate",0.
"Polarized",3,51,0.15,"2/3",1.5849625007211563,2000,"{1, 2, 3}","Automatic",0.8,"Plurality","NoiseFlipRate",0.84
"Polarized",3,51,0.15,"2/3",1.5849625007211563,2000,"{1, 2, 3}","Automatic",0.8,"Plurality","CondorcetExistRate",0.934
"Polarized",3,51,0.15,"2/3",1.5849625007211563,2000,"{1, 2, 3}","Automatic",0.8,"Plurality","CondorcetEfficiency",0.7382226980728052
"Polarized",3,51,0.15,"2/3",1.5849625007211563,2000,"{1, 2, 3}","Automatic",0.8,"Plurality","MidScore",0.001
"Polarized",3,51,0.15,"2/3",1.5849625007211563,2000,"{1, 2, 3}","Automatic",0.8,"Plurality","Top1Acceptability",0.4658627450980391
"Polarized",3,51,0.15,"2/3",1.5849625007211563,2000,"{1, 2, 3}","Automatic",0.8,"Plurality","Top2Acceptability",0.625078431372549
"Polarized",3,51,0.15,"2/3",1.5849625007211563,2000,"{1, 2, 3}","Automatic",0.8,"Plurality","Top3Acceptability",1.
"Polarized",3,51,0.15,"2/3",1.5849625007211563,2000,"{1, 2, 3}","Automatic",0.8,"Coombs","NeverFirstRate",0.
"Polarized",3,51,0.15,"2/3",1.5849625007211563,2000,"{1, 2, 3}","Automatic",0.8,"Coombs","NoiseFlipRate",0.4385
"Polarized",3,51,0.15,"2/3",1.5849625007211563,2000,"{1, 2, 3}","Automatic",0.8,"Coombs","CondorcetExistRate",0.934
"Polarized",3,51,0.15,"2/3",1.5849625007211563,2000,"{1, 2, 3}","Automatic",0.8,"Coombs","CondorcetEfficiency",0.9470021413276232
"Polarized",3,51,0.15,"2/3",1.5849625007211563,2000,"{1, 2, 3}","Automatic",0.8,"Coombs","MidScore",0.241
"Polarized",3,51,0.15,"2/3",1.5849625007211563,2000,"{1, 2, 3}","Automatic",0.8,"Coombs","Top1Acceptability",0.4113333333333333
"Polarized",3,51,0.15,"2/3",1.5849625007211563,2000,"{1, 2, 3}","Automatic",0.8,"Coombs","Top2Acceptability",0.7001372549019604
"Polarized",3,51,0.15,"2/3",1.5849625007211563,2000,"{1, 2, 3}","Automatic",0.8,"Coombs","Top3Acceptability",1.
"Polarized",3,51,0.15,"2/3",1.5849625007211563,2000,"{1, 2, 3}","Automatic",0.8,"QR","NeverFirstRate",0.0005
"Polarized",3,51,0.15,"2/3",1.5849625007211563,2000,"{1, 2, 3}","Automatic",0.8,"QR","NoiseFlipRate",0.9285
"Polarized",3,51,0.15,"2/3",1.5849625007211563,2000,"{1, 2, 3}","Automatic",0.8,"QR","CondorcetExistRate",0.934
"Polarized",3,51,0.15,"2/3",1.5849625007211563,2000,"{1, 2, 3}","Automatic",0.8,"QR","CondorcetEfficiency",0.2360813704496788
"Polarized",3,51,0.15,"2/3",1.5849625007211563,2000,"{1, 2, 3}","Automatic",0.8,"QR","MidScore",0.9795
"Polarized",3,51,0.15,"2/3",1.5849625007211563,2000,"{1, 2, 3}","Automatic",0.8,"QR","Top1Acceptability",0.17616666666666633
"Polarized",3,51,0.15,"2/3",1.5849625007211563,2000,"{1, 2, 3}","Automatic",0.8,"QR","Top2Acceptability",0.8319999999999993
"Polarized",3,51,0.15,"2/3",1.5849625007211563,2000,"{1, 2, 3}","Automatic",0.8,"QR","Top3Acceptability",1.
"Polarized",3,51,0.15,"2/3",1.5849625007211563,2000,"{1, 2, 3}","Automatic",0.8,"SDM","NeverFirstRate",0.
"Polarized",3,51,0.15,"2/3",1.5849625007211563,2000,"{1, 2, 3}","Automatic",0.8,"SDM","NoiseFlipRate",0.5765
"Polarized",3,51,0.15,"2/3",1.5849625007211563,2000,"{1, 2, 3}","Automatic",0.8,"SDM","CondorcetExistRate",0.934
"Polarized",3,51,0.15,"2/3",1.5849625007211563,2000,"{1, 2, 3}","Automatic",0.8,"SDM","CondorcetEfficiency",0.5315845824411135
"Polarized",3,51,0.15,"2/3",1.5849625007211563,2000,"{1, 2, 3}","Automatic",0.8,"SDM","MidScore",0.6915
"Polarized",3,51,0.15,"2/3",1.5849625007211563,2000,"{1, 2, 3}","Automatic",0.8,"SDM","Top1Acceptability",0.28113725490196056
"Polarized",3,51,0.15,"2/3",1.5849625007211563,2000,"{1, 2, 3}","Automatic",0.8,"SDM","Top2Acceptability",0.7981764705882347
"Polarized",3,51,0.15,"2/3",1.5849625007211563,2000,"{1, 2, 3}","Automatic",0.8,"SDM","Top3Acceptability",1.
"Polarized",3,51,0.15,"2/3",1.5849625007211563,2000,"{1, 2, 3}","Automatic",0.8,"Fallback","NeverFirstRate",0.
"Polarized",3,51,0.15,"2/3",1.5849625007211563,2000,"{1, 2, 3}","Automatic",0.8,"Fallback","NoiseFlipRate",0.674
"Polarized",3,51,0.15,"2/3",1.5849625007211563,2000,"{1, 2, 3}","Automatic",0.8,"Fallback","CondorcetExistRate",0.934
"Polarized",3,51,0.15,"2/3",1.5849625007211563,2000,"{1, 2, 3}","Automatic",0.8,"Fallback","CondorcetEfficiency",0.3270877944325482
"Polarized",3,51,0.15,"2/3",1.5849625007211563,2000,"{1, 2, 3}","Automatic",0.8,"Fallback","MidScore",0.3515
"Polarized",3,51,0.15,"2/3",1.5849625007211563,2000,"{1, 2, 3}","Automatic",0.8,"Fallback","Top1Acceptability",0.32927450980392137
"Polarized",3,51,0.15,"2/3",1.5849625007211563,2000,"{1, 2, 3}","Automatic",0.8,"Fallback","Top2Acceptability",0.672411764705882
"Polarized",3,51,0.15,"2/3",1.5849625007211563,2000,"{1, 2, 3}","Automatic",0.8,"Fallback","Top3Acceptability",1.
"Polarized",3,51,0.15,"2/3",1.5849625007211563,2000,"{1, 2, 3}","Automatic",0.9,"Borda","NeverFirstRate",0.
"Polarized",3,51,0.15,"2/3",1.5849625007211563,2000,"{1, 2, 3}","Automatic",0.9,"Borda","NoiseFlipRate",0.46
"Polarized",3,51,0.15,"2/3",1.5849625007211563,2000,"{1, 2, 3}","Automatic",0.9,"Borda","CondorcetExistRate",0.925
"Polarized",3,51,0.15,"2/3",1.5849625007211563,2000,"{1, 2, 3}","Automatic",0.9,"Borda","CondorcetEfficiency",0.92
"Polarized",3,51,0.15,"2/3",1.5849625007211563,2000,"{1, 2, 3}","Automatic",0.9,"Borda","MidScore",0.246
"Polarized",3,51,0.15,"2/3",1.5849625007211563,2000,"{1, 2, 3}","Automatic",0.9,"Borda","Top1Acceptability",0.4169607843137254
"Polarized",3,51,0.15,"2/3",1.5849625007211563,2000,"{1, 2, 3}","Automatic",0.9,"Borda","Top2Acceptability",0.6995392156862741
"Polarized",3,51,0.15,"2/3",1.5849625007211563,2000,"{1, 2, 3}","Automatic",0.9,"Borda","Top3Acceptability",1.
"Polarized",3,51,0.15,"2/3",1.5849625007211563,2000,"{1, 2, 3}","Automatic",0.9,"Plurality","NeverFirstRate",0.
"Polarized",3,51,0.15,"2/3",1.5849625007211563,2000,"{1, 2, 3}","Automatic",0.9,"Plurality","NoiseFlipRate",0.8605
"Polarized",3,51,0.15,"2/3",1.5849625007211563,2000,"{1, 2, 3}","Automatic",0.9,"Plurality","CondorcetExistRate",0.925
"Polarized",3,51,0.15,"2/3",1.5849625007211563,2000,"{1, 2, 3}","Automatic",0.9,"Plurality","CondorcetEfficiency",0.7545945945945945
"Polarized",3,51,0.15,"2/3",1.5849625007211563,2000,"{1, 2, 3}","Automatic",0.9,"Plurality","MidScore",0.
"Polarized",3,51,0.15,"2/3",1.5849625007211563,2000,"{1, 2, 3}","Automatic",0.9,"Plurality","Top1Acceptability",0.47683333333333316
"Polarized",3,51,0.15,"2/3",1.5849625007211563,2000,"{1, 2, 3}","Automatic",0.9,"Plurality","Top2Acceptability",0.6163529411764707
"Polarized",3,51,0.15,"2/3",1.5849625007211563,2000,"{1, 2, 3}","Automatic",0.9,"Plurality","Top3Acceptability",1.
"Polarized",3,51,0.15,"2/3",1.5849625007211563,2000,"{1, 2, 3}","Automatic",0.9,"Coombs","NeverFirstRate",0.
"Polarized",3,51,0.15,"2/3",1.5849625007211563,2000,"{1, 2, 3}","Automatic",0.9,"Coombs","NoiseFlipRate",0.4065
"Polarized",3,51,0.15,"2/3",1.5849625007211563,2000,"{1, 2, 3}","Automatic",0.9,"Coombs","CondorcetExistRate",0.925
"Polarized",3,51,0.15,"2/3",1.5849625007211563,2000,"{1, 2, 3}","Automatic",0.9,"Coombs","CondorcetEfficiency",0.9551351351351351
"Polarized",3,51,0.15,"2/3",1.5849625007211563,2000,"{1, 2, 3}","Automatic",0.9,"Coombs","MidScore",0.2265
"Polarized",3,51,0.15,"2/3",1.5849625007211563,2000,"{1, 2, 3}","Automatic",0.9,"Coombs","Top1Acceptability",0.4199313725490195
"Polarized",3,51,0.15,"2/3",1.5849625007211563,2000,"{1, 2, 3}","Automatic",0.9,"Coombs","Top2Acceptability",0.6927254901960781
"Polarized",3,51,0.15,"2/3",1.5849625007211563,2000,"{1, 2, 3}","Automatic",0.9,"Coombs","Top3Acceptability",1.
"Polarized",3,51,0.15,"2/3",1.5849625007211563,2000,"{1, 2, 3}","Automatic",0.9,"QR","NeverFirstRate",0.
"Polarized",3,51,0.15,"2/3",1.5849625007211563,2000,"{1, 2, 3}","Automatic",0.9,"QR","NoiseFlipRate",0.959
"Polarized",3,51,0.15,"2/3",1.5849625007211563,2000,"{1, 2, 3}","Automatic",0.9,"QR","CondorcetExistRate",0.925
"Polarized",3,51,0.15,"2/3",1.5849625007211563,2000,"{1, 2, 3}","Automatic",0.9,"QR","CondorcetEfficiency",0.20540540540540542
"Polarized",3,51,0.15,"2/3",1.5849625007211563,2000,"{1, 2, 3}","Automatic",0.9,"QR","MidScore",0.9955
"Polarized",3,51,0.15,"2/3",1.5849625007211563,2000,"{1, 2, 3}","Automatic",0.9,"QR","Top1Acceptability",0.1509215686274507
"Polarized",3,51,0.15,"2/3",1.5849625007211563,2000,"{1, 2, 3}","Automatic",0.9,"QR","Top2Acceptability",0.8533137254901954
"Polarized",3,51,0.15,"2/3",1.5849625007211563,2000,"{1, 2, 3}","Automatic",0.9,"QR","Top3Acceptability",1.
"Polarized",3,51,0.15,"2/3",1.5849625007211563,2000,"{1, 2, 3}","Automatic",0.9,"SDM","NeverFirstRate",0.
"Polarized",3,51,0.15,"2/3",1.5849625007211563,2000,"{1, 2, 3}","Automatic",0.9,"SDM","NoiseFlipRate",0.6425
"Polarized",3,51,0.15,"2/3",1.5849625007211563,2000,"{1, 2, 3}","Automatic",0.9,"SDM","CondorcetExistRate",0.925
"Polarized",3,51,0.15,"2/3",1.5849625007211563,2000,"{1, 2, 3}","Automatic",0.9,"SDM","CondorcetEfficiency",0.4643243243243243
"Polarized",3,51,0.15,"2/3",1.5849625007211563,2000,"{1, 2, 3}","Automatic",0.9,"SDM","MidScore",0.749
"Polarized",3,51,0.15,"2/3",1.5849625007211563,2000,"{1, 2, 3}","Automatic",0.9,"SDM","Top1Acceptability",0.24718627450980363
"Polarized",3,51,0.15,"2/3",1.5849625007211563,2000,"{1, 2, 3}","Automatic",0.9,"SDM","Top2Acceptability",0.8211862745098033
"Polarized",3,51,0.15,"2/3",1.5849625007211563,2000,"{1, 2, 3}","Automatic",0.9,"SDM","Top3Acceptability",1.
"Polarized",3,51,0.15,"2/3",1.5849625007211563,2000,"{1, 2, 3}","Automatic",0.9,"Fallback","NeverFirstRate",0.
"Polarized",3,51,0.15,"2/3",1.5849625007211563,2000,"{1, 2, 3}","Automatic",0.9,"Fallback","NoiseFlipRate",0.6715
"Polarized",3,51,0.15,"2/3",1.5849625007211563,2000,"{1, 2, 3}","Automatic",0.9,"Fallback","CondorcetExistRate",0.925
"Polarized",3,51,0.15,"2/3",1.5849625007211563,2000,"{1, 2, 3}","Automatic",0.9,"Fallback","CondorcetEfficiency",0.3183783783783784
"Polarized",3,51,0.15,"2/3",1.5849625007211563,2000,"{1, 2, 3}","Automatic",0.9,"Fallback","MidScore",0.337
"Polarized",3,51,0.15,"2/3",1.5849625007211563,2000,"{1, 2, 3}","Automatic",0.9,"Fallback","Top1Acceptability",0.3314509803921567
"Polarized",3,51,0.15,"2/3",1.5849625007211563,2000,"{1, 2, 3}","Automatic",0.9,"Fallback","Top2Acceptability",0.6663529411764703
"Polarized",3,51,0.15,"2/3",1.5849625007211563,2000,"{1, 2, 3}","Automatic",0.9,"Fallback","Top3Acceptability",1.
"Polarized",3,51,0.15,"2/3",1.5849625007211563,2000,"{1, 2, 3}","Automatic",1.,"Borda","NeverFirstRate",0.
"Polarized",3,51,0.15,"2/3",1.5849625007211563,2000,"{1, 2, 3}","Automatic",1.,"Borda","NoiseFlipRate",0.45
"Polarized",3,51,0.15,"2/3",1.5849625007211563,2000,"{1, 2, 3}","Automatic",1.,"Borda","CondorcetExistRate",0.9415
"Polarized",3,51,0.15,"2/3",1.5849625007211563,2000,"{1, 2, 3}","Automatic",1.,"Borda","CondorcetEfficiency",0.9129049389272438
"Polarized",3,51,0.15,"2/3",1.5849625007211563,2000,"{1, 2, 3}","Automatic",1.,"Borda","MidScore",0.2345
"Polarized",3,51,0.15,"2/3",1.5849625007211563,2000,"{1, 2, 3}","Automatic",1.,"Borda","Top1Acceptability",0.42235294117647054
"Polarized",3,51,0.15,"2/3",1.5849625007211563,2000,"{1, 2, 3}","Automatic",1.,"Borda","Top2Acceptability",0.6922254901960783
"Polarized",3,51,0.15,"2/3",1.5849625007211563,2000,"{1, 2, 3}","Automatic",1.,"Borda","Top3Acceptability",1.
"Polarized",3,51,0.15,"2/3",1.5849625007211563,2000,"{1, 2, 3}","Automatic",1.,"Plurality","NeverFirstRate",0.
"Polarized",3,51,0.15,"2/3",1.5849625007211563,2000,"{1, 2, 3}","Automatic",1.,"Plurality","NoiseFlipRate",0.8815
"Polarized",3,51,0.15,"2/3",1.5849625007211563,2000,"{1, 2, 3}","Automatic",1.,"Plurality","CondorcetExistRate",0.9415
"Polarized",3,51,0.15,"2/3",1.5849625007211563,2000,"{1, 2, 3}","Automatic",1.,"Plurality","CondorcetEfficiency",0.7705788635156665
"Polarized",3,51,0.15,"2/3",1.5849625007211563,2000,"{1, 2, 3}","Automatic",1.,"Plurality","MidScore",0.
"Polarized",3,51,0.15,"2/3",1.5849625007211563,2000,"{1, 2, 3}","Automatic",1.,"Plurality","Top1Acceptability",0.4874019607843136
"Polarized",3,51,0.15,"2/3",1.5849625007211563,2000,"{1, 2, 3}","Automatic",1.,"Plurality","Top2Acceptability",0.608127450980392
"Polarized",3,51,0.15,"2/3",1.5849625007211563,2000,"{1, 2, 3}","Automatic",1.,"Plurality","Top3Acceptability",1.
"Polarized",3,51,0.15,"2/3",1.5849625007211563,2000,"{1, 2, 3}","Automatic",1.,"Coombs","NeverFirstRate",0.
"Polarized",3,51,0.15,"2/3",1.5849625007211563,2000,"{1, 2, 3}","Automatic",1.,"Coombs","NoiseFlipRate",0.3965
"Polarized",3,51,0.15,"2/3",1.5849625007211563,2000,"{1, 2, 3}","Automatic",1.,"Coombs","CondorcetExistRate",0.9415
"Polarized",3,51,0.15,"2/3",1.5849625007211563,2000,"{1, 2, 3}","Automatic",1.,"Coombs","CondorcetEfficiency",0.9628252788104089
"Polarized",3,51,0.15,"2/3",1.5849625007211563,2000,"{1, 2, 3}","Automatic",1.,"Coombs","MidScore",0.2125
"Polarized",3,51,0.15,"2/3",1.5849625007211563,2000,"{1, 2, 3}","Automatic",1.,"Coombs","Top1Acceptability",0.4270294117647058
"Polarized",3,51,0.15,"2/3",1.5849625007211563,2000,"{1, 2, 3}","Automatic",1.,"Coombs","Top2Acceptability",0.6840980392156861
"Polarized",3,51,0.15,"2/3",1.5849625007211563,2000,"{1, 2, 3}","Automatic",1.,"Coombs","Top3Acceptability",1.
"Polarized",3,51,0.15,"2/3",1.5849625007211563,2000,"{1, 2, 3}","Automatic",1.,"QR","NeverFirstRate",0.0025
"Polarized",3,51,0.15,"2/3",1.5849625007211563,2000,"{1, 2, 3}","Automatic",1.,"QR","NoiseFlipRate",0.9585
"Polarized",3,51,0.15,"2/3",1.5849625007211563,2000,"{1, 2, 3}","Automatic",1.,"QR","CondorcetExistRate",0.9415
"Polarized",3,51,0.15,"2/3",1.5849625007211563,2000,"{1, 2, 3}","Automatic",1.,"QR","CondorcetEfficiency",0.1938396176314392
"Polarized",3,51,0.15,"2/3",1.5849625007211563,2000,"{1, 2, 3}","Automatic",1.,"QR","MidScore",0.995
"Polarized",3,51,0.15,"2/3",1.5849625007211563,2000,"{1, 2, 3}","Automatic",1.,"QR","Top1Acceptability",0.13183333333333308
"Polarized",3,51,0.15,"2/3",1.5849625007211563,2000,"{1, 2, 3}","Automatic",1.,"QR","Top2Acceptability",0.8721274509803911
"Polarized",3,51,0.15,"2/3",1.5849625007211563,2000,"{1, 2, 3}","Automatic",1.,"QR","Top3Acceptability",1.
"Polarized",3,51,0.15,"2/3",1.5849625007211563,2000,"{1, 2, 3}","Automatic",1.,"SDM","NeverFirstRate",0.001
"Polarized",3,51,0.15,"2/3",1.5849625007211563,2000,"{1, 2, 3}","Automatic",1.,"SDM","NoiseFlipRate",0.67
"Polarized",3,51,0.15,"2/3",1.5849625007211563,2000,"{1, 2, 3}","Automatic",1.,"SDM","CondorcetExistRate",0.9415
"Polarized",3,51,0.15,"2/3",1.5849625007211563,2000,"{1, 2, 3}","Automatic",1.,"SDM","CondorcetEfficiency",0.3898035050451407
"Polarized",3,51,0.15,"2/3",1.5849625007211563,2000,"{1, 2, 3}","Automatic",1.,"SDM","MidScore",0.803
"Polarized",3,51,0.15,"2/3",1.5849625007211563,2000,"{1, 2, 3}","Automatic",1.,"SDM","Top1Acceptability",0.21329411764705855
"Polarized",3,51,0.15,"2/3",1.5849625007211563,2000,"{1, 2, 3}","Automatic",1.,"SDM","Top2Acceptability",0.8436078431372541
"Polarized",3,51,0.15,"2/3",1.5849625007211563,2000,"{1, 2, 3}","Automatic",1.,"SDM","Top3Acceptability",1.
"Polarized",3,51,0.15,"2/3",1.5849625007211563,2000,"{1, 2, 3}","Automatic",1.,"Fallback","NeverFirstRate",0.002
"Polarized",3,51,0.15,"2/3",1.5849625007211563,2000,"{1, 2, 3}","Automatic",1.,"Fallback","NoiseFlipRate",0.6815
"Polarized",3,51,0.15,"2/3",1.5849625007211563,2000,"{1, 2, 3}","Automatic",1.,"Fallback","CondorcetExistRate",0.9415
"Polarized",3,51,0.15,"2/3",1.5849625007211563,2000,"{1, 2, 3}","Automatic",1.,"Fallback","CondorcetEfficiency",0.3271375464684015
"Polarized",3,51,0.15,"2/3",1.5849625007211563,2000,"{1, 2, 3}","Automatic",1.,"Fallback","MidScore",0.339
"Polarized",3,51,0.15,"2/3",1.5849625007211563,2000,"{1, 2, 3}","Automatic",1.,"Fallback","Top1Acceptability",0.32949019607843116
"Polarized",3,51,0.15,"2/3",1.5849625007211563,2000,"{1, 2, 3}","Automatic",1.,"Fallback","Top2Acceptability",0.6662941176470586
"Polarized",3,51,0.15,"2/3",1.5849625007211563,2000,"{1, 2, 3}","Automatic",1.,"Fallback","Top3Acceptability",1.
"Polarized",5,51,0.15,"2/3",1.5849625007211563,2000,"{1, 2, 3}","Automatic",0.,"Borda","NeverFirstRate",0.
"Polarized",5,51,0.15,"2/3",1.5849625007211563,2000,"{1, 2, 3}","Automatic",0.,"Borda","NoiseFlipRate",0.277
"Polarized",5,51,0.15,"2/3",1.5849625007211563,2000,"{1, 2, 3}","Automatic",0.,"Borda","CondorcetExistRate",0.737
"Polarized",5,51,0.15,"2/3",1.5849625007211563,2000,"{1, 2, 3}","Automatic",0.,"Borda","CondorcetEfficiency",0.8426051560379919
"Polarized",5,51,0.15,"2/3",1.5849625007211563,2000,"{1, 2, 3}","Automatic",0.,"Borda","MidScore",0.405
"Polarized",5,51,0.15,"2/3",1.5849625007211563,2000,"{1, 2, 3}","Automatic",0.,"Borda","Top1Acceptability",0.2520490196078427
"Polarized",5,51,0.15,"2/3",1.5849625007211563,2000,"{1, 2, 3}","Automatic",0.,"Borda","Top2Acceptability",0.4777156862745096
"Polarized",5,51,0.15,"2/3",1.5849625007211563,2000,"{1, 2, 3}","Automatic",0.,"Borda","Top3Acceptability",0.6767450980392155
"Polarized",5,51,0.15,"2/3",1.5849625007211563,2000,"{1, 2, 3}","Automatic",0.,"Plurality","NeverFirstRate",0.
"Polarized",5,51,0.15,"2/3",1.5849625007211563,2000,"{1, 2, 3}","Automatic",0.,"Plurality","NoiseFlipRate",0.463
"Polarized",5,51,0.15,"2/3",1.5849625007211563,2000,"{1, 2, 3}","Automatic",0.,"Plurality","CondorcetExistRate",0.737
"Polarized",5,51,0.15,"2/3",1.5849625007211563,2000,"{1, 2, 3}","Automatic",0.,"Plurality","CondorcetEfficiency",0.5841248303934871
"Polarized",5,51,0.15,"2/3",1.5849625007211563,2000,"{1, 2, 3}","Automatic",0.,"Plurality","MidScore",0.418
"Polarized",5,51,0.15,"2/3",1.5849625007211563,2000,"{1, 2, 3}","Automatic",0.,"Plurality","Top1Acceptability",0.2740490196078427
"Polarized",5,51,0.15,"2/3",1.5849625007211563,2000,"{1, 2, 3}","Automatic",0.,"Plurality","Top2Acceptability",0.45613725490196055
"Polarized",5,51,0.15,"2/3",1.5849625007211563,2000,"{1, 2, 3}","Automatic",0.,"Plurality","Top3Acceptability",0.6370392156862743
"Polarized",5,51,0.15,"2/3",1.5849625007211563,2000,"{1, 2, 3}","Automatic",0.,"Coombs","NeverFirstRate",0.
"Polarized",5,51,0.15,"2/3",1.5849625007211563,2000,"{1, 2, 3}","Automatic",0.,"Coombs","NoiseFlipRate",0.4175
"Polarized",5,51,0.15,"2/3",1.5849625007211563,2000,"{1, 2, 3}","Automatic",0.,"Coombs","CondorcetExistRate",0.737
"Polarized",5,51,0.15,"2/3",1.5849625007211563,2000,"{1, 2, 3}","Automatic",0.,"Coombs","CondorcetEfficiency",0.9023066485753053
"Polarized",5,51,0.15,"2/3",1.5849625007211563,2000,"{1, 2, 3}","Automatic",0.,"Coombs","MidScore",0.40725
"Polarized",5,51,0.15,"2/3",1.5849625007211563,2000,"{1, 2, 3}","Automatic",0.,"Coombs","Top1Acceptability",0.2409117647058819
"Polarized",5,51,0.15,"2/3",1.5849625007211563,2000,"{1, 2, 3}","Automatic",0.,"Coombs","Top2Acceptability",0.4654705882352939
"Polarized",5,51,0.15,"2/3",1.5849625007211563,2000,"{1, 2, 3}","Automatic",0.,"Coombs","Top3Acceptability",0.6692549019607841
"Polarized",5,51,0.15,"2/3",1.5849625007211563,2000,"{1, 2, 3}","Automatic",0.,"QR","NeverFirstRate",0.
"Polarized",5,51,0.15,"2/3",1.5849625007211563,2000,"{1, 2, 3}","Automatic",0.,"QR","NoiseFlipRate",0.4025
"Polarized",5,51,0.15,"2/3",1.5849625007211563,2000,"{1, 2, 3}","Automatic",0.,"QR","CondorcetExistRate",0.737
"Polarized",5,51,0.15,"2/3",1.5849625007211563,2000,"{1, 2, 3}","Automatic",0.,"QR","CondorcetEfficiency",0.6621438263229308
"Polarized",5,51,0.15,"2/3",1.5849625007211563,2000,"{1, 2, 3}","Automatic",0.,"QR","MidScore",0.38975
"Polarized",5,51,0.15,"2/3",1.5849625007211563,2000,"{1, 2, 3}","Automatic",0.,"QR","Top1Acceptability",0.22626470588235253
"Polarized",5,51,0.15,"2/3",1.5849625007211563,2000,"{1, 2, 3}","Automatic",0.,"QR","Top2Acceptability",0.4548725490196076
"Polarized",5,51,0.15,"2/3",1.5849625007211563,2000,"{1, 2, 3}","Automatic",0.,"QR","Top3Acceptability",0.6824019607843136
"Polarized",5,51,0.15,"2/3",1.5849625007211563,2000,"{1, 2, 3}","Automatic",0.,"SDM","NeverFirstRate",0.
"Polarized",5,51,0.15,"2/3",1.5849625007211563,2000,"{1, 2, 3}","Automatic",0.,"SDM","NoiseFlipRate",0.2875
"Polarized",5,51,0.15,"2/3",1.5849625007211563,2000,"{1, 2, 3}","Automatic",0.,"SDM","CondorcetExistRate",0.737
"Polarized",5,51,0.15,"2/3",1.5849625007211563,2000,"{1, 2, 3}","Automatic",0.,"SDM","CondorcetEfficiency",0.8018995929443691
"Polarized",5,51,0.15,"2/3",1.5849625007211563,2000,"{1, 2, 3}","Automatic",0.,"SDM","MidScore",0.40075
"Polarized",5,51,0.15,"2/3",1.5849625007211563,2000,"{1, 2, 3}","Automatic",0.,"SDM","Top1Acceptability",0.24119607843137209
"Polarized",5,51,0.15,"2/3",1.5849625007211563,2000,"{1, 2, 3}","Automatic",0.,"SDM","Top2Acceptability",0.4726078431372547
"Polarized",5,51,0.15,"2/3",1.5849625007211563,2000,"{1, 2, 3}","Automatic",0.,"SDM","Top3Acceptability",0.67978431372549
"Polarized",5,51,0.15,"2/3",1.5849625007211563,2000,"{1, 2, 3}","Automatic",0.,"Fallback","NeverFirstRate",0.
"Polarized",5,51,0.15,"2/3",1.5849625007211563,2000,"{1, 2, 3}","Automatic",0.,"Fallback","NoiseFlipRate",0.805
"Polarized",5,51,0.15,"2/3",1.5849625007211563,2000,"{1, 2, 3}","Automatic",0.,"Fallback","CondorcetExistRate",0.737
"Polarized",5,51,0.15,"2/3",1.5849625007211563,2000,"{1, 2, 3}","Automatic",0.,"Fallback","CondorcetEfficiency",0.19402985074626866
"Polarized",5,51,0.15,"2/3",1.5849625007211563,2000,"{1, 2, 3}","Automatic",0.,"Fallback","MidScore",0.39525
"Polarized",5,51,0.15,"2/3",1.5849625007211563,2000,"{1, 2, 3}","Automatic",0.,"Fallback","Top1Acceptability",0.19918627450980356
"Polarized",5,51,0.15,"2/3",1.5849625007211563,2000,"{1, 2, 3}","Automatic",0.,"Fallback","Top2Acceptability",0.399941176470588
"Polarized",5,51,0.15,"2/3",1.5849625007211563,2000,"{1, 2, 3}","Automatic",0.,"Fallback","Top3Acceptability",0.5980882352941176
"Polarized",5,51,0.15,"2/3",1.5849625007211563,2000,"{1, 2, 3}","Automatic",0.1,"Borda","NeverFirstRate",0.
"Polarized",5,51,0.15,"2/3",1.5849625007211563,2000,"{1, 2, 3}","Automatic",0.1,"Borda","NoiseFlipRate",0.2625
"Polarized",5,51,0.15,"2/3",1.5849625007211563,2000,"{1, 2, 3}","Automatic",0.1,"Borda","CondorcetExistRate",0.7485
"Polarized",5,51,0.15,"2/3",1.5849625007211563,2000,"{1, 2, 3}","Automatic",0.1,"Borda","CondorcetEfficiency",0.8430193720774883
"Polarized",5,51,0.15,"2/3",1.5849625007211563,2000,"{1, 2, 3}","Automatic",0.1,"Borda","MidScore",0.39725
"Polarized",5,51,0.15,"2/3",1.5849625007211563,2000,"{1, 2, 3}","Automatic",0.1,"Borda","Top1Acceptability",0.25484313725490154
"Polarized",5,51,0.15,"2/3",1.5849625007211563,2000,"{1, 2, 3}","Automatic",0.1,"Borda","Top2Acceptability",0.4858823529411764
"Polarized",5,51,0.15,"2/3",1.5849625007211563,2000,"{1, 2, 3}","Automatic",0.1,"Borda","Top3Acceptability",0.6808627450980389
"Polarized",5,51,0.15,"2/3",1.5849625007211563,2000,"{1, 2, 3}","Automatic",0.1,"Plurality","NeverFirstRate",0.
"Polarized",5,51,0.15,"2/3",1.5849625007211563,2000,"{1, 2, 3}","Automatic",0.1,"Plurality","NoiseFlipRate",0.4565
"Polarized",5,51,0.15,"2/3",1.5849625007211563,2000,"{1, 2, 3}","Automatic",0.1,"Plurality","CondorcetExistRate",0.7485
"Polarized",5,51,0.15,"2/3",1.5849625007211563,2000,"{1, 2, 3}","Automatic",0.1,"Plurality","CondorcetEfficiency",0.6098864395457582
"Polarized",5,51,0.15,"2/3",1.5849625007211563,2000,"{1, 2, 3}","Automatic",0.1,"Plurality","MidScore",0.2635
"Polarized",5,51,0.15,"2/3",1.5849625007211563,2000,"{1, 2, 3}","Automatic",0.1,"Plurality","Top1Acceptability",0.27895098039215654
"Polarized",5,51,0.15,"2/3",1.5849625007211563,2000,"{1, 2, 3}","Automatic",0.1,"Plurality","Top2Acceptability",0.46120588235294097
"Polarized",5,51,0.15,"2/3",1.5849625007211563,2000,"{1, 2, 3}","Automatic",0.1,"Plurality","Top3Acceptability",0.6361764705882351
"Polarized",5,51,0.15,"2/3",1.5849625007211563,2000,"{1, 2, 3}","Automatic",0.1,"Coombs","NeverFirstRate",0.
"Polarized",5,51,0.15,"2/3",1.5849625007211563,2000,"{1, 2, 3}","Automatic",0.1,"Coombs","NoiseFlipRate",0.4065
"Polarized",5,51,0.15,"2/3",1.5849625007211563,2000,"{1, 2, 3}","Automatic",0.1,"Coombs","CondorcetExistRate",0.7485
"Polarized",5,51,0.15,"2/3",1.5849625007211563,2000,"{1, 2, 3}","Automatic",0.1,"Coombs","CondorcetEfficiency",0.8984635938543755
"Polarized",5,51,0.15,"2/3",1.5849625007211563,2000,"{1, 2, 3}","Automatic",0.1,"Coombs","MidScore",0.402
"Polarized",5,51,0.15,"2/3",1.5849625007211563,2000,"{1, 2, 3}","Automatic",0.1,"Coombs","Top1Acceptability",0.24439215686274463
"Polarized",5,51,0.15,"2/3",1.5849625007211563,2000,"{1, 2, 3}","Automatic",0.1,"Coombs","Top2Acceptability",0.47396078431372535
"Polarized",5,51,0.15,"2/3",1.5849625007211563,2000,"{1, 2, 3}","Automatic",0.1,"Coombs","Top3Acceptability",0.6738039215686272
"Polarized",5,51,0.15,"2/3",1.5849625007211563,2000,"{1, 2, 3}","Automatic",0.1,"QR","NeverFirstRate",0.
"Polarized",5,51,0.15,"2/3",1.5849625007211563,2000,"{1, 2, 3}","Automatic",0.1,"QR","NoiseFlipRate",0.4035
"Polarized",5,51,0.15,"2/3",1.5849625007211563,2000,"{1, 2, 3}","Automatic",0.1,"QR","CondorcetExistRate",0.7485
"Polarized",5,51,0.15,"2/3",1.5849625007211563,2000,"{1, 2, 3}","Automatic",0.1,"QR","CondorcetEfficiency",0.6279225116900468
"Polarized",5,51,0.15,"2/3",1.5849625007211563,2000,"{1, 2, 3}","Automatic",0.1,"QR","MidScore",0.4755
"Polarized",5,51,0.15,"2/3",1.5849625007211563,2000,"{1, 2, 3}","Automatic",0.1,"QR","Top1Acceptability",0.22223529411764664
"Polarized",5,51,0.15,"2/3",1.5849625007211563,2000,"{1, 2, 3}","Automatic",0.1,"QR","Top2Acceptability",0.45788235294117635
"Polarized",5,51,0.15,"2/3",1.5849625007211563,2000,"{1, 2, 3}","Automatic",0.1,"QR","Top3Acceptability",0.690754901960784
"Polarized",5,51,0.15,"2/3",1.5849625007211563,2000,"{1, 2, 3}","Automatic",0.1,"SDM","NeverFirstRate",0.
"Polarized",5,51,0.15,"2/3",1.5849625007211563,2000,"{1, 2, 3}","Automatic",0.1,"SDM","NoiseFlipRate",0.269
"Polarized",5,51,0.15,"2/3",1.5849625007211563,2000,"{1, 2, 3}","Automatic",0.1,"SDM","CondorcetExistRate",0.7485
"Polarized",5,51,0.15,"2/3",1.5849625007211563,2000,"{1, 2, 3}","Automatic",0.1,"SDM","CondorcetEfficiency",0.7755511022044088
"Polarized",5,51,0.15,"2/3",1.5849625007211563,2000,"{1, 2, 3}","Automatic",0.1,"SDM","MidScore",0.43625
"Polarized",5,51,0.15,"2/3",1.5849625007211563,2000,"{1, 2, 3}","Automatic",0.1,"SDM","Top1Acceptability",0.24064705882352896
"Polarized",5,51,0.15,"2/3",1.5849625007211563,2000,"{1, 2, 3}","Automatic",0.1,"SDM","Top2Acceptability",0.47988235294117637
"Polarized",5,51,0.15,"2/3",1.5849625007211563,2000,"{1, 2, 3}","Automatic",0.1,"SDM","Top3Acceptability",0.6862745098039212
"Polarized",5,51,0.15,"2/3",1.5849625007211563,2000,"{1, 2, 3}","Automatic",0.1,"Fallback","NeverFirstRate",0.0005
"Polarized",5,51,0.15,"2/3",1.5849625007211563,2000,"{1, 2, 3}","Automatic",0.1,"Fallback","NoiseFlipRate",0.8165
"Polarized",5,51,0.15,"2/3",1.5849625007211563,2000,"{1, 2, 3}","Automatic",0.1,"Fallback","CondorcetExistRate",0.7485
"Polarized",5,51,0.15,"2/3",1.5849625007211563,2000,"{1, 2, 3}","Automatic",0.1,"Fallback","CondorcetEfficiency",0.18704074816299265
"Polarized",5,51,0.15,"2/3",1.5849625007211563,2000,"{1, 2, 3}","Automatic",0.1,"Fallback","MidScore",0.39425
"Polarized",5,51,0.15,"2/3",1.5849625007211563,2000,"{1, 2, 3}","Automatic",0.1,"Fallback","Top1Acceptability",0.19734313725490163
"Polarized",5,51,0.15,"2/3",1.5849625007211563,2000,"{1, 2, 3}","Automatic",0.1,"Fallback","Top2Acceptability",0.39718627450980376
"Polarized",5,51,0.15,"2/3",1.5849625007211563,2000,"{1, 2, 3}","Automatic",0.1,"Fallback","Top3Acceptability",0.597705882352941
"Polarized",5,51,0.15,"2/3",1.5849625007211563,2000,"{1, 2, 3}","Automatic",0.2,"Borda","NeverFirstRate",0.
"Polarized",5,51,0.15,"2/3",1.5849625007211563,2000,"{1, 2, 3}","Automatic",0.2,"Borda","NoiseFlipRate",0.255
"Polarized",5,51,0.15,"2/3",1.5849625007211563,2000,"{1, 2, 3}","Automatic",0.2,"Borda","CondorcetExistRate",0.7625
"Polarized",5,51,0.15,"2/3",1.5849625007211563,2000,"{1, 2, 3}","Automatic",0.2,"Borda","CondorcetEfficiency",0.8222950819672131
"Polarized",5,51,0.15,"2/3",1.5849625007211563,2000,"{1, 2, 3}","Automatic",0.2,"Borda","MidScore",0.434
"Polarized",5,51,0.15,"2/3",1.5849625007211563,2000,"{1, 2, 3}","Automatic",0.2,"Borda","Top1Acceptability",0.24660784313725445
"Polarized",5,51,0.15,"2/3",1.5849625007211563,2000,"{1, 2, 3}","Automatic",0.2,"Borda","Top2Acceptability",0.5057254901960784
"Polarized",5,51,0.15,"2/3",1.5849625007211563,2000,"{1, 2, 3}","Automatic",0.2,"Borda","Top3Acceptability",0.6974215686274507
"Polarized",5,51,0.15,"2/3",1.5849625007211563,2000,"{1, 2, 3}","Automatic",0.2,"Plurality","NeverFirstRate",0.
"Polarized",5,51,0.15,"2/3",1.5849625007211563,2000,"{1, 2, 3}","Automatic",0.2,"Plurality","NoiseFlipRate",0.441
"Polarized",5,51,0.15,"2/3",1.5849625007211563,2000,"{1, 2, 3}","Automatic",0.2,"Plurality","CondorcetExistRate",0.7625
"Polarized",5,51,0.15,"2/3",1.5849625007211563,2000,"{1, 2, 3}","Automatic",0.2,"Plurality","CondorcetEfficiency",0.540327868852459
"Polarized",5,51,0.15,"2/3",1.5849625007211563,2000,"{1, 2, 3}","Automatic",0.2,"Plurality","MidScore",0.146
"Polarized",5,51,0.15,"2/3",1.5849625007211563,2000,"{1, 2, 3}","Automatic",0.2,"Plurality","Top1Acceptability",0.29372549019607813
"Polarized",5,51,0.15,"2/3",1.5849625007211563,2000,"{1, 2, 3}","Automatic",0.2,"Plurality","Top2Acceptability",0.46435294117647036
"Polarized",5,51,0.15,"2/3",1.5849625007211563,2000,"{1, 2, 3}","Automatic",0.2,"Plurality","Top3Acceptability",0.6277156862745097
"Polarized",5,51,0.15,"2/3",1.5849625007211563,2000,"{1, 2, 3}","Automatic",0.2,"Coombs","NeverFirstRate",0.
"Polarized",5,51,0.15,"2/3",1.5849625007211563,2000,"{1, 2, 3}","Automatic",0.2,"Coombs","NoiseFlipRate",0.371
"Polarized",5,51,0.15,"2/3",1.5849625007211563,2000,"{1, 2, 3}","Automatic",0.2,"Coombs","CondorcetExistRate",0.7625
"Polarized",5,51,0.15,"2/3",1.5849625007211563,2000,"{1, 2, 3}","Automatic",0.2,"Coombs","CondorcetEfficiency",0.899016393442623
"Polarized",5,51,0.15,"2/3",1.5849625007211563,2000,"{1, 2, 3}","Automatic",0.2,"Coombs","MidScore",0.40425
"Polarized",5,51,0.15,"2/3",1.5849625007211563,2000,"{1, 2, 3}","Automatic",0.2,"Coombs","Top1Acceptability",0.24348039215686232
"Polarized",5,51,0.15,"2/3",1.5849625007211563,2000,"{1, 2, 3}","Automatic",0.2,"Coombs","Top2Acceptability",0.4938823529411764
"Polarized",5,51,0.15,"2/3",1.5849625007211563,2000,"{1, 2, 3}","Automatic",0.2,"Coombs","Top3Acceptability",0.6864215686274507
"Polarized",5,51,0.15,"2/3",1.5849625007211563,2000,"{1, 2, 3}","Automatic",0.2,"QR","NeverFirstRate",0.
"Polarized",5,51,0.15,"2/3",1.5849625007211563,2000,"{1, 2, 3}","Automatic",0.2,"QR","NoiseFlipRate",0.351
"Polarized",5,51,0.15,"2/3",1.5849625007211563,2000,"{1, 2, 3}","Automatic",0.2,"QR","CondorcetExistRate",0.7625
"Polarized",5,51,0.15,"2/3",1.5849625007211563,2000,"{1, 2, 3}","Automatic",0.2,"QR","CondorcetEfficiency",0.5770491803278689
"Polarized",5,51,0.15,"2/3",1.5849625007211563,2000,"{1, 2, 3}","Automatic",0.2,"QR","MidScore",0.55725
"Polarized",5,51,0.15,"2/3",1.5849625007211563,2000,"{1, 2, 3}","Automatic",0.2,"QR","Top1Acceptability",0.20918627450980357
"Polarized",5,51,0.15,"2/3",1.5849625007211563,2000,"{1, 2, 3}","Automatic",0.2,"QR","Top2Acceptability",0.4704901960784314
"Polarized",5,51,0.15,"2/3",1.5849625007211563,2000,"{1, 2, 3}","Automatic",0.2,"QR","Top3Acceptability",0.7106176470588232
"Polarized",5,51,0.15,"2/3",1.5849625007211563,2000,"{1, 2, 3}","Automatic",0.2,"SDM","NeverFirstRate",0.
"Polarized",5,51,0.15,"2/3",1.5849625007211563,2000,"{1, 2, 3}","Automatic",0.2,"SDM","NoiseFlipRate",0.252
"Polarized",5,51,0.15,"2/3",1.5849625007211563,2000,"{1, 2, 3}","Automatic",0.2,"SDM","CondorcetExistRate",0.7625
"Polarized",5,51,0.15,"2/3",1.5849625007211563,2000,"{1, 2, 3}","Automatic",0.2,"SDM","CondorcetEfficiency",0.7304918032786886
"Polarized",5,51,0.15,"2/3",1.5849625007211563,2000,"{1, 2, 3}","Automatic",0.2,"SDM","MidScore",0.51375
"Polarized",5,51,0.15,"2/3",1.5849625007211563,2000,"{1, 2, 3}","Automatic",0.2,"SDM","Top1Acceptability",0.2274019607843133
"Polarized",5,51,0.15,"2/3",1.5849625007211563,2000,"{1, 2, 3}","Automatic",0.2,"SDM","Top2Acceptability",0.49892156862745096
"Polarized",5,51,0.15,"2/3",1.5849625007211563,2000,"{1, 2, 3}","Automatic",0.2,"SDM","Top3Acceptability",0.7044019607843134
"Polarized",5,51,0.15,"2/3",1.5849625007211563,2000,"{1, 2, 3}","Automatic",0.2,"Fallback","NeverFirstRate",0.
"Polarized",5,51,0.15,"2/3",1.5849625007211563,2000,"{1, 2, 3}","Automatic",0.2,"Fallback","NoiseFlipRate",0.8105
"Polarized",5,51,0.15,"2/3",1.5849625007211563,2000,"{1, 2, 3}","Automatic",0.2,"Fallback","CondorcetExistRate",0.7625
"Polarized",5,51,0.15,"2/3",1.5849625007211563,2000,"{1, 2, 3}","Automatic",0.2,"Fallback","CondorcetEfficiency",0.20131147540983607
"Polarized",5,51,0.15,"2/3",1.5849625007211563,2000,"{1, 2, 3}","Automatic",0.2,"Fallback","MidScore",0.39625
"Polarized",5,51,0.15,"2/3",1.5849625007211563,2000,"{1, 2, 3}","Automatic",0.2,"Fallback","Top1Acceptability",0.20038235294117612
"Polarized",5,51,0.15,"2/3",1.5849625007211563,2000,"{1, 2, 3}","Automatic",0.2,"Fallback","Top2Acceptability",0.39869607843137245
"Polarized",5,51,0.15,"2/3",1.5849625007211563,2000,"{1, 2, 3}","Automatic",0.2,"Fallback","Top3Acceptability",0.6003725490196077
"Polarized",5,51,0.15,"2/3",1.5849625007211563,2000,"{1, 2, 3}","Automatic",0.30000000000000004,"Borda","NeverFirstRate",0.
"Polarized",5,51,0.15,"2/3",1.5849625007211563,2000,"{1, 2, 3}","Automatic",0.30000000000000004,"Borda","NoiseFlipRate",0.2105
"Polarized",5,51,0.15,"2/3",1.5849625007211563,2000,"{1, 2, 3}","Automatic",0.30000000000000004,"Borda","CondorcetExistRate",0.773
"Polarized",5,51,0.15,"2/3",1.5849625007211563,2000,"{1, 2, 3}","Automatic",0.30000000000000004,"Borda","CondorcetEfficiency",0.758732212160414
"Polarized",5,51,0.15,"2/3",1.5849625007211563,2000,"{1, 2, 3}","Automatic",0.30000000000000004,"Borda","MidScore",0.49375
"Polarized",5,51,0.15,"2/3",1.5849625007211563,2000,"{1, 2, 3}","Automatic",0.30000000000000004,"Borda","Top1Acceptability",0.23133333333333292
"Polarized",5,51,0.15,"2/3",1.5849625007211563,2000,"{1, 2, 3}","Automatic",0.30000000000000004,"Borda","Top2Acceptability",0.5381960784313726
"Polarized",5,51,0.15,"2/3",1.5849625007211563,2000,"{1, 2, 3}","Automatic",0.30000000000000004,"Borda","Top3Acceptability",0.7189803921568623
"Polarized",5,51,0.15,"2/3",1.5849625007211563,2000,"{1, 2, 3}","Automatic",0.30000000000000004,"Plurality","NeverFirstRate",0.
"Polarized",5,51,0.15,"2/3",1.5849625007211563,2000,"{1, 2, 3}","Automatic",0.30000000000000004,"Plurality","NoiseFlipRate",0.42
"Polarized",5,51,0.15,"2/3",1.5849625007211563,2000,"{1, 2, 3}","Automatic",0.30000000000000004,"Plurality","CondorcetExistRate",0.773
"Polarized",5,51,0.15,"2/3",1.5849625007211563,2000,"{1, 2, 3}","Automatic",0.30000000000000004,"Plurality","CondorcetEfficiency",0.4890038809831824
"Polarized",5,51,0.15,"2/3",1.5849625007211563,2000,"{1, 2, 3}","Automatic",0.30000000000000004,"Plurality","MidScore",0.067
"Polarized",5,51,0.15,"2/3",1.5849625007211563,2000,"{1, 2, 3}","Automatic",0.30000000000000004,"Plurality","Top1Acceptability",0.3095098039215684
"Polarized",5,51,0.15,"2/3",1.5849625007211563,2000,"{1, 2, 3}","Automatic",0.30000000000000004,"Plurality","Top2Acceptability",0.47008823529411753
"Polarized",5,51,0.15,"2/3",1.5849625007211563,2000,"{1, 2, 3}","Automatic",0.30000000000000004,"Plurality","Top3Acceptability",0.6133235294117647
"Polarized",5,51,0.15,"2/3",1.5849625007211563,2000,"{1, 2, 3}","Automatic",0.30000000000000004,"Coombs","NeverFirstRate",0.
"Polarized",5,51,0.15,"2/3",1.5849625007211563,2000,"{1, 2, 3}","Automatic",0.30000000000000004,"Coombs","NoiseFlipRate",0.3315
"Polarized",5,51,0.15,"2/3",1.5849625007211563,2000,"{1, 2, 3}","Automatic",0.30000000000000004,"Coombs","CondorcetExistRate",0.773
"Polarized",5,51,0.15,"2/3",1.5849625007211563,2000,"{1, 2, 3}","Automatic",0.30000000000000004,"Coombs","CondorcetEfficiency",0.8965071151358344
"Polarized",5,51,0.15,"2/3",1.5849625007211563,2000,"{1, 2, 3}","Automatic",0.30000000000000004,"Coombs","MidScore",0.40275
"Polarized",5,51,0.15,"2/3",1.5849625007211563,2000,"{1, 2, 3}","Automatic",0.30000000000000004,"Coombs","Top1Acceptability",0.24315686274509762
"Polarized",5,51,0.15,"2/3",1.5849625007211563,2000,"{1, 2, 3}","Automatic",0.30000000000000004,"Coombs","Top2Acceptability",0.5253529411764705
"Polarized",5,51,0.15,"2/3",1.5849625007211563,2000,"{1, 2, 3}","Automatic",0.30000000000000004,"Coombs","Top3Acceptability",0.6987156862745096
"Polarized",5,51,0.15,"2/3",1.5849625007211563,2000,"{1, 2, 3}","Automatic",0.30000000000000004,"QR","NeverFirstRate",0.
"Polarized",5,51,0.15,"2/3",1.5849625007211563,2000,"{1, 2, 3}","Automatic",0.30000000000000004,"QR","NoiseFlipRate",0.2735
"Polarized",5,51,0.15,"2/3",1.5849625007211563,2000,"{1, 2, 3}","Automatic",0.30000000000000004,"QR","CondorcetExistRate",0.773
"Polarized",5,51,0.15,"2/3",1.5849625007211563,2000,"{1, 2, 3}","Automatic",0.30000000000000004,"QR","CondorcetEfficiency",0.4922380336351876
"Polarized",5,51,0.15,"2/3",1.5849625007211563,2000,"{1, 2, 3}","Automatic",0.30000000000000004,"QR","MidScore",0.615
"Polarized",5,51,0.15,"2/3",1.5849625007211563,2000,"{1, 2, 3}","Automatic",0.30000000000000004,"QR","Top1Acceptability",0.18868627450980358
"Polarized",5,51,0.15,"2/3",1.5849625007211563,2000,"{1, 2, 3}","Automatic",0.30000000000000004,"QR","Top2Acceptability",0.49181372549019614
"Polarized",5,51,0.15,"2/3",1.5849625007211563,2000,"{1, 2, 3}","Automatic",0.30000000000000004,"QR","Top3Acceptability",0.7362156862745094
"Polarized",5,51,0.15,"2/3",1.5849625007211563,2000,"{1, 2, 3}","Automatic",0.30000000000000004,"SDM","NeverFirstRate",0.
"Polarized",5,51,0.15,"2/3",1.5849625007211563,2000,"{1, 2, 3}","Automatic",0.30000000000000004,"SDM","NoiseFlipRate",0.1925
"Polarized",5,51,0.15,"2/3",1.5849625007211563,2000,"{1, 2, 3}","Automatic",0.30000000000000004,"SDM","CondorcetExistRate",0.773
"Polarized",5,51,0.15,"2/3",1.5849625007211563,2000,"{1, 2, 3}","Automatic",0.30000000000000004,"SDM","CondorcetEfficiency",0.6254851228978008
"Polarized",5,51,0.15,"2/3",1.5849625007211563,2000,"{1, 2, 3}","Automatic",0.30000000000000004,"SDM","MidScore",0.5855
"Polarized",5,51,0.15,"2/3",1.5849625007211563,2000,"{1, 2, 3}","Automatic",0.30000000000000004,"SDM","Top1Acceptability",0.2032647058823526
"Polarized",5,51,0.15,"2/3",1.5849625007211563,2000,"{1, 2, 3}","Automatic",0.30000000000000004,"SDM","Top2Acceptability",0.5306274509803921
"Polarized",5,51,0.15,"2/3",1.5849625007211563,2000,"{1, 2, 3}","Automatic",0.30000000000000004,"SDM","Top3Acceptability",0.7288431372549017
"Polarized",5,51,0.15,"2/3",1.5849625007211563,2000,"{1, 2, 3}","Automatic",0.30000000000000004,"Fallback","NeverFirstRate",0.
"Polarized",5,51,0.15,"2/3",1.5849625007211563,2000,"{1, 2, 3}","Automatic",0.30000000000000004,"Fallback","NoiseFlipRate",0.8225
"Polarized",5,51,0.15,"2/3",1.5849625007211563,2000,"{1, 2, 3}","Automatic",0.30000000000000004,"Fallback","CondorcetExistRate",0.773
"Polarized",5,51,0.15,"2/3",1.5849625007211563,2000,"{1, 2, 3}","Automatic",0.30000000000000004,"Fallback","CondorcetEfficiency",0.2076326002587322
"Polarized",5,51,0.15,"2/3",1.5849625007211563,2000,"{1, 2, 3}","Automatic",0.30000000000000004,"Fallback","MidScore",0.40125
"Polarized",5,51,0.15,"2/3",1.5849625007211563,2000,"{1, 2, 3}","Automatic",0.30000000000000004,"Fallback","Top1Acceptability",0.2011862745098036
"Polarized",5,51,0.15,"2/3",1.5849625007211563,2000,"{1, 2, 3}","Automatic",0.30000000000000004,"Fallback","Top2Acceptability",0.4011764705882352
"Polarized",5,51,0.15,"2/3",1.5849625007211563,2000,"{1, 2, 3}","Automatic",0.30000000000000004,"Fallback","Top3Acceptability",0.5989803921568625
"Polarized",5,51,0.15,"2/3",1.5849625007211563,2000,"{1, 2, 3}","Automatic",0.4,"Borda","NeverFirstRate",0.
"Polarized",5,51,0.15,"2/3",1.5849625007211563,2000,"{1, 2, 3}","Automatic",0.4,"Borda","NoiseFlipRate",0.161
"Polarized",5,51,0.15,"2/3",1.5849625007211563,2000,"{1, 2, 3}","Automatic",0.4,"Borda","CondorcetExistRate",0.793
"Polarized",5,51,0.15,"2/3",1.5849625007211563,2000,"{1, 2, 3}","Automatic",0.4,"Borda","CondorcetEfficiency",0.7074401008827238
"Polarized",5,51,0.15,"2/3",1.5849625007211563,2000,"{1, 2, 3}","Automatic",0.4,"Borda","MidScore",0.54575
"Polarized",5,51,0.15,"2/3",1.5849625007211563,2000,"{1, 2, 3}","Automatic",0.4,"Borda","Top1Acceptability",0.21738235294117605
"Polarized",5,51,0.15,"2/3",1.5849625007211563,2000,"{1, 2, 3}","Automatic",0.4,"Borda","Top2Acceptability",0.5785392156862748
"Polarized",5,51,0.15,"2/3",1.5849625007211563,2000,"{1, 2, 3}","Automatic",0.4,"Borda","Top3Acceptability",0.7494509803921564
"Polarized",5,51,0.15,"2/3",1.5849625007211563,2000,"{1, 2, 3}","Automatic",0.4,"Plurality","NeverFirstRate",0.
"Polarized",5,51,0.15,"2/3",1.5849625007211563,2000,"{1, 2, 3}","Automatic",0.4,"Plurality","NoiseFlipRate",0.3725
"Polarized",5,51,0.15,"2/3",1.5849625007211563,2000,"{1, 2, 3}","Automatic",0.4,"Plurality","CondorcetExistRate",0.793
"Polarized",5,51,0.15,"2/3",1.5849625007211563,2000,"{1, 2, 3}","Automatic",0.4,"Plurality","CondorcetEfficiency",0.48675914249684743
"Polarized",5,51,0.15,"2/3",1.5849625007211563,2000,"{1, 2, 3}","Automatic",0.4,"Plurality","MidScore",0.024
"Polarized",5,51,0.15,"2/3",1.5849625007211563,2000,"{1, 2, 3}","Automatic",0.4,"Plurality","Top1Acceptability",0.33248039215686254
"Polarized",5,51,0.15,"2/3",1.5849625007211563,2000,"{1, 2, 3}","Automatic",0.4,"Plurality","Top2Acceptability",0.47934313725490185
"Polarized",5,51,0.15,"2/3",1.5849625007211563,2000,"{1, 2, 3}","Automatic",0.4,"Plurality","Top3Acceptability",0.6018235294117648
"Polarized",5,51,0.15,"2/3",1.5849625007211563,2000,"{1, 2, 3}","Automatic",0.4,"Coombs","NeverFirstRate",0.
"Polarized",5,51,0.15,"2/3",1.5849625007211563,2000,"{1, 2, 3}","Automatic",0.4,"Coombs","NoiseFlipRate",0.319
"Polarized",5,51,0.15,"2/3",1.5849625007211563,2000,"{1, 2, 3}","Automatic",0.4,"Coombs","CondorcetExistRate",0.793
"Polarized",5,51,0.15,"2/3",1.5849625007211563,2000,"{1, 2, 3}","Automatic",0.4,"Coombs","CondorcetEfficiency",0.905422446406053
"Polarized",5,51,0.15,"2/3",1.5849625007211563,2000,"{1, 2, 3}","Automatic",0.4,"Coombs","MidScore",0.3985
"Polarized",5,51,0.15,"2/3",1.5849625007211563,2000,"{1, 2, 3}","Automatic",0.4,"Coombs","Top1Acceptability",0.2520196078431368
"Polarized",5,51,0.15,"2/3",1.5849625007211563,2000,"{1, 2, 3}","Automatic",0.4,"Coombs","Top2Acceptability",0.5585686274509805
"Polarized",5,51,0.15,"2/3",1.5849625007211563,2000,"{1, 2, 3}","Automatic",0.4,"Coombs","Top3Acceptability",0.7154509803921566
"Polarized",5,51,0.15,"2/3",1.5849625007211563,2000,"{1, 2, 3}","Automatic",0.4,"QR","NeverFirstRate",0.
"Polarized",5,51,0.15,"2/3",1.5849625007211563,2000,"{1, 2, 3}","Automatic",0.4,"QR","NoiseFlipRate",0.213
"Polarized",5,51,0.15,"2/3",1.5849625007211563,2000,"{1, 2, 3}","Automatic",0.4,"QR","CondorcetExistRate",0.793
"Polarized",5,51,0.15,"2/3",1.5849625007211563,2000,"{1, 2, 3}","Automatic",0.4,"QR","CondorcetEfficiency",0.46279949558638084
"Polarized",5,51,0.15,"2/3",1.5849625007211563,2000,"{1, 2, 3}","Automatic",0.4,"QR","MidScore",0.65
"Polarized",5,51,0.15,"2/3",1.5849625007211563,2000,"{1, 2, 3}","Automatic",0.4,"QR","Top1Acceptability",0.1758725490196075
"Polarized",5,51,0.15,"2/3",1.5849625007211563,2000,"{1, 2, 3}","Automatic",0.4,"QR","Top2Acceptability",0.5244019607843138
"Polarized",5,51,0.15,"2/3",1.5849625007211563,2000,"{1, 2, 3}","Automatic",0.4,"QR","Top3Acceptability",0.7686568627450975
"Polarized",5,51,0.15,"2/3",1.5849625007211563,2000,"{1, 2, 3}","Automatic",0.4,"SDM","NeverFirstRate",0.
"Polarized",5,51,0.15,"2/3",1.5849625007211563,2000,"{1, 2, 3}","Automatic",0.4,"SDM","NoiseFlipRate",0.1355
"Polarized",5,51,0.15,"2/3",1.5849625007211563,2000,"{1, 2, 3}","Automatic",0.4,"SDM","CondorcetExistRate",0.793
"Polarized",5,51,0.15,"2/3",1.5849625007211563,2000,"{1, 2, 3}","Automatic",0.4,"SDM","CondorcetEfficiency",0.5680958385876419
"Polarized",5,51,0.15,"2/3",1.5849625007211563,2000,"{1, 2, 3}","Automatic",0.4,"SDM","MidScore",0.6335
"Polarized",5,51,0.15,"2/3",1.5849625007211563,2000,"{1, 2, 3}","Automatic",0.4,"SDM","Top1Acceptability",0.1882941176470585
"Polarized",5,51,0.15,"2/3",1.5849625007211563,2000,"{1, 2, 3}","Automatic",0.4,"SDM","Top2Acceptability",0.5719509803921569
"Polarized",5,51,0.15,"2/3",1.5849625007211563,2000,"{1, 2, 3}","Automatic",0.4,"SDM","Top3Acceptability",0.760117647058823
"Polarized",5,51,0.15,"2/3",1.5849625007211563,2000,"{1, 2, 3}","Automatic",0.4,"Fallback","NeverFirstRate",0.
"Polarized",5,51,0.15,"2/3",1.5849625007211563,2000,"{1, 2, 3}","Automatic",0.4,"Fallback","NoiseFlipRate",0.7965
"Polarized",5,51,0.15,"2/3",1.5849625007211563,2000,"{1, 2, 3}","Automatic",0.4,"Fallback","CondorcetExistRate",0.793
"Polarized",5,51,0.15,"2/3",1.5849625007211563,2000,"{1, 2, 3}","Automatic",0.4,"Fallback","CondorcetEfficiency",0.19104665825977302
"Polarized",5,51,0.15,"2/3",1.5849625007211563,2000,"{1, 2, 3}","Automatic",0.4,"Fallback","MidScore",0.409
"Polarized",5,51,0.15,"2/3",1.5849625007211563,2000,"{1, 2, 3}","Automatic",0.4,"Fallback","Top1Acceptability",0.1963039215686271
"Polarized",5,51,0.15,"2/3",1.5849625007211563,2000,"{1, 2, 3}","Automatic",0.4,"Fallback","Top2Acceptability",0.3933627450980391
"Polarized",5,51,0.15,"2/3",1.5849625007211563,2000,"{1, 2, 3}","Automatic",0.4,"Fallback","Top3Acceptability",0.5962941176470588
"Polarized",5,51,0.15,"2/3",1.5849625007211563,2000,"{1, 2, 3}","Automatic",0.5,"Borda","NeverFirstRate",0.
"Polarized",5,51,0.15,"2/3",1.5849625007211563,2000,"{1, 2, 3}","Automatic",0.5,"Borda","NoiseFlipRate",0.094
"Polarized",5,51,0.15,"2/3",1.5849625007211563,2000,"{1, 2, 3}","Automatic",0.5,"Borda","CondorcetExistRate",0.84
"Polarized",5,51,0.15,"2/3",1.5849625007211563,2000,"{1, 2, 3}","Automatic",0.5,"Borda","CondorcetEfficiency",0.6297619047619047
"Polarized",5,51,0.15,"2/3",1.5849625007211563,2000,"{1, 2, 3}","Automatic",0.5,"Borda","MidScore",0.601
"Polarized",5,51,0.15,"2/3",1.5849625007211563,2000,"{1, 2, 3}","Automatic",0.5,"Borda","Top1Acceptability",0.19518627450980355
"Polarized",5,51,0.15,"2/3",1.5849625007211563,2000,"{1, 2, 3}","Automatic",0.5,"Borda","Top2Acceptability",0.6260686274509804
"Polarized",5,51,0.15,"2/3",1.5849625007211563,2000,"{1, 2, 3}","Automatic",0.5,"Borda","Top3Acceptability",0.7851274509803917
"Polarized",5,51,0.15,"2/3",1.5849625007211563,2000,"{1, 2, 3}","Automatic",0.5,"Plurality","NeverFirstRate",0.
"Polarized",5,51,0.15,"2/3",1.5849625007211563,2000,"{1, 2, 3}","Automatic",0.5,"Plurality","NoiseFlipRate",0.3685
"Polarized",5,51,0.15,"2/3",1.5849625007211563,2000,"{1, 2, 3}","Automatic",0.5,"Plurality","CondorcetExistRate",0.84
"Polarized",5,51,0.15,"2/3",1.5849625007211563,2000,"{1, 2, 3}","Automatic",0.5,"Plurality","CondorcetEfficiency",0.4738095238095238
"Polarized",5,51,0.15,"2/3",1.5849625007211563,2000,"{1, 2, 3}","Automatic",0.5,"Plurality","MidScore",0.00825
"Polarized",5,51,0.15,"2/3",1.5849625007211563,2000,"{1, 2, 3}","Automatic",0.5,"Plurality","Top1Acceptability",0.357941176470588
"Polarized",5,51,0.15,"2/3",1.5849625007211563,2000,"{1, 2, 3}","Automatic",0.5,"Plurality","Top2Acceptability",0.4886568627450979
"Polarized",5,51,0.15,"2/3",1.5849625007211563,2000,"{1, 2, 3}","Automatic",0.5,"Plurality","Top3Acceptability",0.594578431372549
"Polarized",5,51,0.15,"2/3",1.5849625007211563,2000,"{1, 2, 3}","Automatic",0.5,"Coombs","NeverFirstRate",0.
"Polarized",5,51,0.15,"2/3",1.5849625007211563,2000,"{1, 2, 3}","Automatic",0.5,"Coombs","NoiseFlipRate",0.31
"Polarized",5,51,0.15,"2/3",1.5849625007211563,2000,"{1, 2, 3}","Automatic",0.5,"Coombs","CondorcetExistRate",0.84
"Polarized",5,51,0.15,"2/3",1.5849625007211563,2000,"{1, 2, 3}","Automatic",0.5,"Coombs","CondorcetEfficiency",0.9148809523809524
"Polarized",5,51,0.15,"2/3",1.5849625007211563,2000,"{1, 2, 3}","Automatic",0.5,"Coombs","MidScore",0.405
"Polarized",5,51,0.15,"2/3",1.5849625007211563,2000,"{1, 2, 3}","Automatic",0.5,"Coombs","Top1Acceptability",0.25824509803921525
"Polarized",5,51,0.15,"2/3",1.5849625007211563,2000,"{1, 2, 3}","Automatic",0.5,"Coombs","Top2Acceptability",0.5940686274509804
"Polarized",5,51,0.15,"2/3",1.5849625007211563,2000,"{1, 2, 3}","Automatic",0.5,"Coombs","Top3Acceptability",0.7344117647058821
"Polarized",5,51,0.15,"2/3",1.5849625007211563,2000,"{1, 2, 3}","Automatic",0.5,"QR","NeverFirstRate",0.
"Polarized",5,51,0.15,"2/3",1.5849625007211563,2000,"{1, 2, 3}","Automatic",0.5,"QR","NoiseFlipRate",0.1885
"Polarized",5,51,0.15,"2/3",1.5849625007211563,2000,"{1, 2, 3}","Automatic",0.5,"QR","CondorcetExistRate",0.84
"Polarized",5,51,0.15,"2/3",1.5849625007211563,2000,"{1, 2, 3}","Automatic",0.5,"QR","CondorcetEfficiency",0.4779761904761905
"Polarized",5,51,0.15,"2/3",1.5849625007211563,2000,"{1, 2, 3}","Automatic",0.5,"QR","MidScore",0.6645
"Polarized",5,51,0.15,"2/3",1.5849625007211563,2000,"{1, 2, 3}","Automatic",0.5,"QR","Top1Acceptability",0.16404901960784285
"Polarized",5,51,0.15,"2/3",1.5849625007211563,2000,"{1, 2, 3}","Automatic",0.5,"QR","Top2Acceptability",0.5751372549019608
"Polarized",5,51,0.15,"2/3",1.5849625007211563,2000,"{1, 2, 3}","Automatic",0.5,"QR","Top3Acceptability",0.7999607843137251
"Polarized",5,51,0.15,"2/3",1.5849625007211563,2000,"{1, 2, 3}","Automatic",0.5,"SDM","NeverFirstRate",0.
"Polarized",5,51,0.15,"2/3",1.5849625007211563,2000,"{1, 2, 3}","Automatic",0.5,"SDM","NoiseFlipRate",0.072
"Polarized",5,51,0.15,"2/3",1.5849625007211563,2000,"{1, 2, 3}","Automatic",0.5,"SDM","CondorcetExistRate",0.84
"Polarized",5,51,0.15,"2/3",1.5849625007211563,2000,"{1, 2, 3}","Automatic",0.5,"SDM","CondorcetEfficiency",0.5363095238095238
"Polarized",5,51,0.15,"2/3",1.5849625007211563,2000,"{1, 2, 3}","Automatic",0.5,"SDM","MidScore",0.65475
"Polarized",5,51,0.15,"2/3",1.5849625007211563,2000,"{1, 2, 3}","Automatic",0.5,"SDM","Top1Acceptability",0.17251960784313694
"Polarized",5,51,0.15,"2/3",1.5849625007211563,2000,"{1, 2, 3}","Automatic",0.5,"SDM","Top2Acceptability",0.6230686274509804
"Polarized",5,51,0.15,"2/3",1.5849625007211563,2000,"{1, 2, 3}","Automatic",0.5,"SDM","Top3Acceptability",0.7934803921568622
"Polarized",5,51,0.15,"2/3",1.5849625007211563,2000,"{1, 2, 3}","Automatic",0.5,"Fallback","NeverFirstRate",0.001
"Polarized",5,51,0.15,"2/3",1.5849625007211563,2000,"{1, 2, 3}","Automatic",0.5,"Fallback","NoiseFlipRate",0.792
"Polarized",5,51,0.15,"2/3",1.5849625007211563,2000,"{1, 2, 3}","Automatic",0.5,"Fallback","CondorcetExistRate",0.84
"Polarized",5,51,0.15,"2/3",1.5849625007211563,2000,"{1, 2, 3}","Automatic",0.5,"Fallback","CondorcetEfficiency",0.20595238095238094
"Polarized",5,51,0.15,"2/3",1.5849625007211563,2000,"{1, 2, 3}","Automatic",0.5,"Fallback","MidScore",0.40425
"Polarized",5,51,0.15,"2/3",1.5849625007211563,2000,"{1, 2, 3}","Automatic",0.5,"Fallback","Top1Acceptability",0.19895098039215656
"Polarized",5,51,0.15,"2/3",1.5849625007211563,2000,"{1, 2, 3}","Automatic",0.5,"Fallback","Top2Acceptability",0.40209803921568626
"Polarized",5,51,0.15,"2/3",1.5849625007211563,2000,"{1, 2, 3}","Automatic",0.5,"Fallback","Top3Acceptability",0.6044999999999999
"Polarized",5,51,0.15,"2/3",1.5849625007211563,2000,"{1, 2, 3}","Automatic",0.6000000000000001,"Borda","NeverFirstRate",0.
"Polarized",5,51,0.15,"2/3",1.5849625007211563,2000,"{1, 2, 3}","Automatic",0.6000000000000001,"Borda","NoiseFlipRate",0.0575
"Polarized",5,51,0.15,"2/3",1.5849625007211563,2000,"{1, 2, 3}","Automatic",0.6000000000000001,"Borda","CondorcetExistRate",0.8715
"Polarized",5,51,0.15,"2/3",1.5849625007211563,2000,"{1, 2, 3}","Automatic",0.6000000000000001,"Borda","CondorcetEfficiency",0.5754446356855996
"Polarized",5,51,0.15,"2/3",1.5849625007211563,2000,"{1, 2, 3}","Automatic",0.6000000000000001,"Borda","MidScore",0.637
"Polarized",5,51,0.15,"2/3",1.5849625007211563,2000,"{1, 2, 3}","Automatic",0.6000000000000001,"Borda","Top1Acceptability",0.1689019607843134
"Polarized",5,51,0.15,"2/3",1.5849625007211563,2000,"{1, 2, 3}","Automatic",0.6000000000000001,"Borda","Top2Acceptability",0.670598039215686
"Polarized",5,51,0.15,"2/3",1.5849625007211563,2000,"{1, 2, 3}","Automatic",0.6000000000000001,"Borda","Top3Acceptability",0.8248333333333326
"Polarized",5,51,0.15,"2/3",1.5849625007211563,2000,"{1, 2, 3}","Automatic",0.6000000000000001,"Plurality","NeverFirstRate",0.
"Polarized",5,51,0.15,"2/3",1.5849625007211563,2000,"{1, 2, 3}","Automatic",0.6000000000000001,"Plurality","NoiseFlipRate",0.346
"Polarized",5,51,0.15,"2/3",1.5849625007211563,2000,"{1, 2, 3}","Automatic",0.6000000000000001,"Plurality","CondorcetExistRate",0.8715
"Polarized",5,51,0.15,"2/3",1.5849625007211563,2000,"{1, 2, 3}","Automatic",0.6000000000000001,"Plurality","CondorcetEfficiency",0.45266781411359724
"Polarized",5,51,0.15,"2/3",1.5849625007211563,2000,"{1, 2, 3}","Automatic",0.6000000000000001,"Plurality","MidScore",0.002
"Polarized",5,51,0.15,"2/3",1.5849625007211563,2000,"{1, 2, 3}","Automatic",0.6000000000000001,"Plurality","Top1Acceptability",0.38028431372548993
"Polarized",5,51,0.15,"2/3",1.5849625007211563,2000,"{1, 2, 3}","Automatic",0.6000000000000001,"Plurality","Top2Acceptability",0.49688235294117633
"Polarized",5,51,0.15,"2/3",1.5849625007211563,2000,"{1, 2, 3}","Automatic",0.6000000000000001,"Plurality","Top3Acceptability",0.582735294117647
"Polarized",5,51,0.15,"2/3",1.5849625007211563,2000,"{1, 2, 3}","Automatic",0.6000000000000001,"Coombs","NeverFirstRate",0.
"Polarized",5,51,0.15,"2/3",1.5849625007211563,2000,"{1, 2, 3}","Automatic",0.6000000000000001,"Coombs","NoiseFlipRate",0.307
"Polarized",5,51,0.15,"2/3",1.5849625007211563,2000,"{1, 2, 3}","Automatic",0.6000000000000001,"Coombs","CondorcetExistRate",0.8715
"Polarized",5,51,0.15,"2/3",1.5849625007211563,2000,"{1, 2, 3}","Automatic",0.6000000000000001,"Coombs","CondorcetEfficiency",0.9185312679288583
"Polarized",5,51,0.15,"2/3",1.5849625007211563,2000,"{1, 2, 3}","Automatic",0.6000000000000001,"Coombs","MidScore",0.40525
"Polarized",5,51,0.15,"2/3",1.5849625007211563,2000,"{1, 2, 3}","Automatic",0.6000000000000001,"Coombs","Top1Acceptability",0.25959803921568586
"Polarized",5,51,0.15,"2/3",1.5849625007211563,2000,"{1, 2, 3}","Automatic",0.6000000000000001,"Coombs","Top2Acceptability",0.6225392156862743
"Polarized",5,51,0.15,"2/3",1.5849625007211563,2000,"{1, 2, 3}","Automatic",0.6000000000000001,"Coombs","Top3Acceptability",0.7541372549019605
"Polarized",5,51,0.15,"2/3",1.5849625007211563,2000,"{1, 2, 3}","Automatic",0.6000000000000001,"QR","NeverFirstRate",0.
"Polarized",5,51,0.15,"2/3",1.5849625007211563,2000,"{1, 2, 3}","Automatic",0.6000000000000001,"QR","NoiseFlipRate",0.105
"Polarized",5,51,0.15,"2/3",1.5849625007211563,2000,"{1, 2, 3}","Automatic",0.6000000000000001,"QR","CondorcetExistRate",0.8715
"Polarized",5,51,0.15,"2/3",1.5849625007211563,2000,"{1, 2, 3}","Automatic",0.6000000000000001,"QR","CondorcetEfficiency",0.4968445209409065
"Polarized",5,51,0.15,"2/3",1.5849625007211563,2000,"{1, 2, 3}","Automatic",0.6000000000000001,"QR","MidScore",0.66525
"Polarized",5,51,0.15,"2/3",1.5849625007211563,2000,"{1, 2, 3}","Automatic",0.6000000000000001,"QR","Top1Acceptability",0.15221568627450952
"Polarized",5,51,0.15,"2/3",1.5849625007211563,2000,"{1, 2, 3}","Automatic",0.6000000000000001,"QR","Top2Acceptability",0.6379803921568626
"Polarized",5,51,0.15,"2/3",1.5849625007211563,2000,"{1, 2, 3}","Automatic",0.6000000000000001,"QR","Top3Acceptability",0.833431372549019
"Polarized",5,51,0.15,"2/3",1.5849625007211563,2000,"{1, 2, 3}","Automatic",0.6000000000000001,"SDM","NeverFirstRate",0.
"Polarized",5,51,0.15,"2/3",1.5849625007211563,2000,"{1, 2, 3}","Automatic",0.6000000000000001,"SDM","NoiseFlipRate",0.0315
"Polarized",5,51,0.15,"2/3",1.5849625007211563,2000,"{1, 2, 3}","Automatic",0.6000000000000001,"SDM","CondorcetExistRate",0.8715
"Polarized",5,51,0.15,"2/3",1.5849625007211563,2000,"{1, 2, 3}","Automatic",0.6000000000000001,"SDM","CondorcetEfficiency",0.5278255880665519
"Polarized",5,51,0.15,"2/3",1.5849625007211563,2000,"{1, 2, 3}","Automatic",0.6000000000000001,"SDM","MidScore",0.665
"Polarized",5,51,0.15,"2/3",1.5849625007211563,2000,"{1, 2, 3}","Automatic",0.6000000000000001,"SDM","Top1Acceptability",0.15622549019607818
"Polarized",5,51,0.15,"2/3",1.5849625007211563,2000,"{1, 2, 3}","Automatic",0.6000000000000001,"SDM","Top2Acceptability",0.6688137254901958
"Polarized",5,51,0.15,"2/3",1.5849625007211563,2000,"{1, 2, 3}","Automatic",0.6000000000000001,"SDM","Top3Acceptability",0.8300980392156856
"Polarized",5,51,0.15,"2/3",1.5849625007211563,2000,"{1, 2, 3}","Automatic",0.6000000000000001,"Fallback","NeverFirstRate",0.0045
"Polarized",5,51,0.15,"2/3",1.5849625007211563,2000,"{1, 2, 3}","Automatic",0.6000000000000001,"Fallback","NoiseFlipRate",0.7855
"Polarized",5,51,0.15,"2/3",1.5849625007211563,2000,"{1, 2, 3}","Automatic",0.6000000000000001,"Fallback","CondorcetExistRate",0.8715
"Polarized",5,51,0.15,"2/3",1.5849625007211563,2000,"{1, 2, 3}","Automatic",0.6000000000000001,"Fallback","CondorcetEfficiency",0.1985083189902467
"Polarized",5,51,0.15,"2/3",1.5849625007211563,2000,"{1, 2, 3}","Automatic",0.6000000000000001,"Fallback","MidScore",0.4165
"Polarized",5,51,0.15,"2/3",1.5849625007211563,2000,"{1, 2, 3}","Automatic",0.6000000000000001,"Fallback","Top1Acceptability",0.19596078431372524
"Polarized",5,51,0.15,"2/3",1.5849625007211563,2000,"{1, 2, 3}","Automatic",0.6000000000000001,"Fallback","Top2Acceptability",0.4074411764705882
"Polarized",5,51,0.15,"2/3",1.5849625007211563,2000,"{1, 2, 3}","Automatic",0.6000000000000001,"Fallback","Top3Acceptability",0.6134901960784311
"Polarized",5,51,0.15,"2/3",1.5849625007211563,2000,"{1, 2, 3}","Automatic",0.7000000000000001,"Borda","NeverFirstRate",0.
"Polarized",5,51,0.15,"2/3",1.5849625007211563,2000,"{1, 2, 3}","Automatic",0.7000000000000001,"Borda","NoiseFlipRate",0.0305
"Polarized",5,51,0.15,"2/3",1.5849625007211563,2000,"{1, 2, 3}","Automatic",0.7000000000000001,"Borda","CondorcetExistRate",0.899
"Polarized",5,51,0.15,"2/3",1.5849625007211563,2000,"{1, 2, 3}","Automatic",0.7000000000000001,"Borda","CondorcetEfficiency",0.5528364849833148
"Polarized",5,51,0.15,"2/3",1.5849625007211563,2000,"{1, 2, 3}","Automatic",0.7000000000000001,"Borda","MidScore",0.65375
"Polarized",5,51,0.15,"2/3",1.5849625007211563,2000,"{1, 2, 3}","Automatic",0.7000000000000001,"Borda","Top1Acceptability",0.1577450980392154
"Polarized",5,51,0.15,"2/3",1.5849625007211563,2000,"{1, 2, 3}","Automatic",0.7000000000000001,"Borda","Top2Acceptability",0.7160098039215682
"Polarized",5,51,0.15,"2/3",1.5849625007211563,2000,"{1, 2, 3}","Automatic",0.7000000000000001,"Borda","Top3Acceptability",0.8617254901960776
"Polarized",5,51,0.15,"2/3",1.5849625007211563,2000,"{1, 2, 3}","Automatic",0.7000000000000001,"Plurality","NeverFirstRate",0.
"Polarized",5,51,0.15,"2/3",1.5849625007211563,2000,"{1, 2, 3}","Automatic",0.7000000000000001,"Plurality","NoiseFlipRate",0.333
"Polarized",5,51,0.15,"2/3",1.5849625007211563,2000,"{1, 2, 3}","Automatic",0.7000000000000001,"Plurality","CondorcetExistRate",0.899
"Polarized",5,51,0.15,"2/3",1.5849625007211563,2000,"{1, 2, 3}","Automatic",0.7000000000000001,"Plurality","CondorcetEfficiency",0.45661846496106784
"Polarized",5,51,0.15,"2/3",1.5849625007211563,2000,"{1, 2, 3}","Automatic",0.7000000000000001,"Plurality","MidScore",0.00175
"Polarized",5,51,0.15,"2/3",1.5849625007211563,2000,"{1, 2, 3}","Automatic",0.7000000000000001,"Plurality","Top1Acceptability",0.4045098039215684
"Polarized",5,51,0.15,"2/3",1.5849625007211563,2000,"{1, 2, 3}","Automatic",0.7000000000000001,"Plurality","Top2Acceptability",0.5100098039215686
"Polarized",5,51,0.15,"2/3",1.5849625007211563,2000,"{1, 2, 3}","Automatic",0.7000000000000001,"Plurality","Top3Acceptability",0.5808235294117646
"Polarized",5,51,0.15,"2/3",1.5849625007211563,2000,"{1, 2, 3}","Automatic",0.7000000000000001,"Coombs","NeverFirstRate",0.
"Polarized",5,51,0.15,"2/3",1.5849625007211563,2000,"{1, 2, 3}","Automatic",0.7000000000000001,"Coombs","NoiseFlipRate",0.3135
"Polarized",5,51,0.15,"2/3",1.5849625007211563,2000,"{1, 2, 3}","Automatic",0.7000000000000001,"Coombs","CondorcetExistRate",0.899
"Polarized",5,51,0.15,"2/3",1.5849625007211563,2000,"{1, 2, 3}","Automatic",0.7000000000000001,"Coombs","CondorcetEfficiency",0.9304783092324805
"Polarized",5,51,0.15,"2/3",1.5849625007211563,2000,"{1, 2, 3}","Automatic",0.7000000000000001,"Coombs","MidScore",0.4015
"Polarized",5,51,0.15,"2/3",1.5849625007211563,2000,"{1, 2, 3}","Automatic",0.7000000000000001,"Coombs","Top1Acceptability",0.26977450980392115
"Polarized",5,51,0.15,"2/3",1.5849625007211563,2000,"{1, 2, 3}","Automatic",0.7000000000000001,"Coombs","Top2Acceptability",0.6535098039215684
"Polarized",5,51,0.15,"2/3",1.5849625007211563,2000,"{1, 2, 3}","Automatic",0.7000000000000001,"Coombs","Top3Acceptability",0.7715784313725484
"Polarized",5,51,0.15,"2/3",1.5849625007211563,2000,"{1, 2, 3}","Automatic",0.7000000000000001,"QR","NeverFirstRate",0.0005
"Polarized",5,51,0.15,"2/3",1.5849625007211563,2000,"{1, 2, 3}","Automatic",0.7000000000000001,"QR","NoiseFlipRate",0.057
"Polarized",5,51,0.15,"2/3",1.5849625007211563,2000,"{1, 2, 3}","Automatic",0.7000000000000001,"QR","CondorcetExistRate",0.899
"Polarized",5,51,0.15,"2/3",1.5849625007211563,2000,"{1, 2, 3}","Automatic",0.7000000000000001,"QR","CondorcetEfficiency",0.5200222469410456
"Polarized",5,51,0.15,"2/3",1.5849625007211563,2000,"{1, 2, 3}","Automatic",0.7000000000000001,"QR","MidScore",0.66725
"Polarized",5,51,0.15,"2/3",1.5849625007211563,2000,"{1, 2, 3}","Automatic",0.7000000000000001,"QR","Top1Acceptability",0.1489901960784311
"Polarized",5,51,0.15,"2/3",1.5849625007211563,2000,"{1, 2, 3}","Automatic",0.7000000000000001,"QR","Top2Acceptability",0.7016274509803918
"Polarized",5,51,0.15,"2/3",1.5849625007211563,2000,"{1, 2, 3}","Automatic",0.7000000000000001,"QR","Top3Acceptability",0.8657450980392148
"Polarized",5,51,0.15,"2/3",1.5849625007211563,2000,"{1, 2, 3}","Automatic",0.7000000000000001,"SDM","NeverFirstRate",0.
"Polarized",5,51,0.15,"2/3",1.5849625007211563,2000,"{1, 2, 3}","Automatic",0.7000000000000001,"SDM","NoiseFlipRate",0.018
"Polarized",5,51,0.15,"2/3",1.5849625007211563,2000,"{1, 2, 3}","Automatic",0.7000000000000001,"SDM","CondorcetExistRate",0.899
"Polarized",5,51,0.15,"2/3",1.5849625007211563,2000,"{1, 2, 3}","Automatic",0.7000000000000001,"SDM","CondorcetEfficiency",0.5317018909899889
"Polarized",5,51,0.15,"2/3",1.5849625007211563,2000,"{1, 2, 3}","Automatic",0.7000000000000001,"SDM","MidScore",0.66525
"Polarized",5,51,0.15,"2/3",1.5849625007211563,2000,"{1, 2, 3}","Automatic",0.7000000000000001,"SDM","Top1Acceptability",0.15079411764705855
"Polarized",5,51,0.15,"2/3",1.5849625007211563,2000,"{1, 2, 3}","Automatic",0.7000000000000001,"SDM","Top2Acceptability",0.7166960784313723
"Polarized",5,51,0.15,"2/3",1.5849625007211563,2000,"{1, 2, 3}","Automatic",0.7000000000000001,"SDM","Top3Acceptability",0.8641666666666659
"Polarized",5,51,0.15,"2/3",1.5849625007211563,2000,"{1, 2, 3}","Automatic",0.7000000000000001,"Fallback","NeverFirstRate",0.0095
"Polarized",5,51,0.15,"2/3",1.5849625007211563,2000,"{1, 2, 3}","Automatic",0.7000000000000001,"Fallback","NoiseFlipRate",0.7905
"Polarized",5,51,0.15,"2/3",1.5849625007211563,2000,"{1, 2, 3}","Automatic",0.7000000000000001,"Fallback","CondorcetExistRate",0.899
"Polarized",5,51,0.15,"2/3",1.5849625007211563,2000,"{1, 2, 3}","Automatic",0.7000000000000001,"Fallback","CondorcetEfficiency",0.2347052280311457
"Polarized",5,51,0.15,"2/3",1.5849625007211563,2000,"{1, 2, 3}","Automatic",0.7000000000000001,"Fallback","MidScore",0.4325
"Polarized",5,51,0.15,"2/3",1.5849625007211563,2000,"{1, 2, 3}","Automatic",0.7000000000000001,"Fallback","Top1Acceptability",0.19342156862745072
"Polarized",5,51,0.15,"2/3",1.5849625007211563,2000,"{1, 2, 3}","Automatic",0.7000000000000001,"Fallback","Top2Acceptability",0.4144313725490196
"Polarized",5,51,0.15,"2/3",1.5849625007211563,2000,"{1, 2, 3}","Automatic",0.7000000000000001,"Fallback","Top3Acceptability",0.6170490196078429
"Polarized",5,51,0.15,"2/3",1.5849625007211563,2000,"{1, 2, 3}","Automatic",0.8,"Borda","NeverFirstRate",0.0015
"Polarized",5,51,0.15,"2/3",1.5849625007211563,2000,"{1, 2, 3}","Automatic",0.8,"Borda","NoiseFlipRate",0.0155
"Polarized",5,51,0.15,"2/3",1.5849625007211563,2000,"{1, 2, 3}","Automatic",0.8,"Borda","CondorcetExistRate",0.944
"Polarized",5,51,0.15,"2/3",1.5849625007211563,2000,"{1, 2, 3}","Automatic",0.8,"Borda","CondorcetEfficiency",0.5614406779661016
"Polarized",5,51,0.15,"2/3",1.5849625007211563,2000,"{1, 2, 3}","Automatic",0.8,"Borda","MidScore",0.65875
"Polarized",5,51,0.15,"2/3",1.5849625007211563,2000,"{1, 2, 3}","Automatic",0.8,"Borda","Top1Acceptability",0.1451666666666664
"Polarized",5,51,0.15,"2/3",1.5849625007211563,2000,"{1, 2, 3}","Automatic",0.8,"Borda","Top2Acceptability",0.7617549019607839
"Polarized",5,51,0.15,"2/3",1.5849625007211563,2000,"{1, 2, 3}","Automatic",0.8,"Borda","Top3Acceptability",0.9001862745098028
"Polarized",5,51,0.15,"2/3",1.5849625007211563,2000,"{1, 2, 3}","Automatic",0.8,"Plurality","NeverFirstRate",0.
"Polarized",5,51,0.15,"2/3",1.5849625007211563,2000,"{1, 2, 3}","Automatic",0.8,"Plurality","NoiseFlipRate",0.3205
"Polarized",5,51,0.15,"2/3",1.5849625007211563,2000,"{1, 2, 3}","Automatic",0.8,"Plurality","CondorcetExistRate",0.944
"Polarized",5,51,0.15,"2/3",1.5849625007211563,2000,"{1, 2, 3}","Automatic",0.8,"Plurality","CondorcetEfficiency",0.4433262711864407
"Polarized",5,51,0.15,"2/3",1.5849625007211563,2000,"{1, 2, 3}","Automatic",0.8,"Plurality","MidScore",0.00075
"Polarized",5,51,0.15,"2/3",1.5849625007211563,2000,"{1, 2, 3}","Automatic",0.8,"Plurality","Top1Acceptability",0.43057843137254875
"Polarized",5,51,0.15,"2/3",1.5849625007211563,2000,"{1, 2, 3}","Automatic",0.8,"Plurality","Top2Acceptability",0.5213725490196078
"Polarized",5,51,0.15,"2/3",1.5849625007211563,2000,"{1, 2, 3}","Automatic",0.8,"Plurality","Top3Acceptability",0.5748529411764706
"Polarized",5,51,0.15,"2/3",1.5849625007211563,2000,"{1, 2, 3}","Automatic",0.8,"Coombs","NeverFirstRate",0.0005
"Polarized",5,51,0.15,"2/3",1.5849625007211563,2000,"{1, 2, 3}","Automatic",0.8,"Coombs","NoiseFlipRate",0.3145
"Polarized",5,51,0.15,"2/3",1.5849625007211563,2000,"{1, 2, 3}","Automatic",0.8,"Coombs","CondorcetExistRate",0.944
"Polarized",5,51,0.15,"2/3",1.5849625007211563,2000,"{1, 2, 3}","Automatic",0.8,"Coombs","CondorcetEfficiency",0.9518008474576272
"Polarized",5,51,0.15,"2/3",1.5849625007211563,2000,"{1, 2, 3}","Automatic",0.8,"Coombs","MidScore",0.40125
"Polarized",5,51,0.15,"2/3",1.5849625007211563,2000,"{1, 2, 3}","Automatic",0.8,"Coombs","Top1Acceptability",0.27863725490196045
"Polarized",5,51,0.15,"2/3",1.5849625007211563,2000,"{1, 2, 3}","Automatic",0.8,"Coombs","Top2Acceptability",0.6864411764705881
"Polarized",5,51,0.15,"2/3",1.5849625007211563,2000,"{1, 2, 3}","Automatic",0.8,"Coombs","Top3Acceptability",0.791166666666666
"Polarized",5,51,0.15,"2/3",1.5849625007211563,2000,"{1, 2, 3}","Automatic",0.8,"QR","NeverFirstRate",0.0015
"Polarized",5,51,0.15,"2/3",1.5849625007211563,2000,"{1, 2, 3}","Automatic",0.8,"QR","NoiseFlipRate",0.022
"Polarized",5,51,0.15,"2/3",1.5849625007211563,2000,"{1, 2, 3}","Automatic",0.8,"QR","CondorcetExistRate",0.944
"Polarized",5,51,0.15,"2/3",1.5849625007211563,2000,"{1, 2, 3}","Automatic",0.8,"QR","CondorcetEfficiency",0.5476694915254238
"Polarized",5,51,0.15,"2/3",1.5849625007211563,2000,"{1, 2, 3}","Automatic",0.8,"QR","MidScore",0.66675
"Polarized",5,51,0.15,"2/3",1.5849625007211563,2000,"{1, 2, 3}","Automatic",0.8,"QR","Top1Acceptability",0.13978431372548994
"Polarized",5,51,0.15,"2/3",1.5849625007211563,2000,"{1, 2, 3}","Automatic",0.8,"QR","Top2Acceptability",0.7592745098039211
"Polarized",5,51,0.15,"2/3",1.5849625007211563,2000,"{1, 2, 3}","Automatic",0.8,"QR","Top3Acceptability",0.9023823529411754
"Polarized",5,51,0.15,"2/3",1.5849625007211563,2000,"{1, 2, 3}","Automatic",0.8,"SDM","NeverFirstRate",0.0015
"Polarized",5,51,0.15,"2/3",1.5849625007211563,2000,"{1, 2, 3}","Automatic",0.8,"SDM","NoiseFlipRate",0.0025
"Polarized",5,51,0.15,"2/3",1.5849625007211563,2000,"{1, 2, 3}","Automatic",0.8,"SDM","CondorcetExistRate",0.944
"Polarized",5,51,0.15,"2/3",1.5849625007211563,2000,"{1, 2, 3}","Automatic",0.8,"SDM","CondorcetEfficiency",0.5497881355932204
"Polarized",5,51,0.15,"2/3",1.5849625007211563,2000,"{1, 2, 3}","Automatic",0.8,"SDM","MidScore",0.6665
"Polarized",5,51,0.15,"2/3",1.5849625007211563,2000,"{1, 2, 3}","Automatic",0.8,"SDM","Top1Acceptability",0.1401666666666664
"Polarized",5,51,0.15,"2/3",1.5849625007211563,2000,"{1, 2, 3}","Automatic",0.8,"SDM","Top2Acceptability",0.7622450980392153
"Polarized",5,51,0.15,"2/3",1.5849625007211563,2000,"{1, 2, 3}","Automatic",0.8,"SDM","Top3Acceptability",0.9020686274509794
"Polarized",5,51,0.15,"2/3",1.5849625007211563,2000,"{1, 2, 3}","Automatic",0.8,"Fallback","NeverFirstRate",0.0265
"Polarized",5,51,0.15,"2/3",1.5849625007211563,2000,"{1, 2, 3}","Automatic",0.8,"Fallback","NoiseFlipRate",0.7545
"Polarized",5,51,0.15,"2/3",1.5849625007211563,2000,"{1, 2, 3}","Automatic",0.8,"Fallback","CondorcetExistRate",0.944
"Polarized",5,51,0.15,"2/3",1.5849625007211563,2000,"{1, 2, 3}","Automatic",0.8,"Fallback","CondorcetEfficiency",0.24947033898305085
"Polarized",5,51,0.15,"2/3",1.5849625007211563,2000,"{1, 2, 3}","Automatic",0.8,"Fallback","MidScore",0.44725
"Polarized",5,51,0.15,"2/3",1.5849625007211563,2000,"{1, 2, 3}","Automatic",0.8,"Fallback","Top1Acceptability",0.18396078431372523
"Polarized",5,51,0.15,"2/3",1.5849625007211563,2000,"{1, 2, 3}","Automatic",0.8,"Fallback","Top2Acceptability",0.43533333333333335
"Polarized",5,51,0.15,"2/3",1.5849625007211563,2000,"{1, 2, 3}","Automatic",0.8,"Fallback","Top3Acceptability",0.6553235294117644
"Polarized",5,51,0.15,"2/3",1.5849625007211563,2000,"{1, 2, 3}","Automatic",0.9,"Borda","NeverFirstRate",0.
"Polarized",5,51,0.15,"2/3",1.5849625007211563,2000,"{1, 2, 3}","Automatic",0.9,"Borda","NoiseFlipRate",0.0035
"Polarized",5,51,0.15,"2/3",1.5849625007211563,2000,"{1, 2, 3}","Automatic",0.9,"Borda","CondorcetExistRate",0.971
"Polarized",5,51,0.15,"2/3",1.5849625007211563,2000,"{1, 2, 3}","Automatic",0.9,"Borda","CondorcetEfficiency",0.6132852729145211
"Polarized",5,51,0.15,"2/3",1.5849625007211563,2000,"{1, 2, 3}","Automatic",0.9,"Borda","MidScore",0.67025
"Polarized",5,51,0.15,"2/3",1.5849625007211563,2000,"{1, 2, 3}","Automatic",0.9,"Borda","Top1Acceptability",0.13635294117647034
"Polarized",5,51,0.15,"2/3",1.5849625007211563,2000,"{1, 2, 3}","Automatic",0.9,"Borda","Top2Acceptability",0.8053333333333326
"Polarized",5,51,0.15,"2/3",1.5849625007211563,2000,"{1, 2, 3}","Automatic",0.9,"Borda","Top3Acceptability",0.940225490196077
"Polarized",5,51,0.15,"2/3",1.5849625007211563,2000,"{1, 2, 3}","Automatic",0.9,"Plurality","NeverFirstRate",0.
"Polarized",5,51,0.15,"2/3",1.5849625007211563,2000,"{1, 2, 3}","Automatic",0.9,"Plurality","NoiseFlipRate",0.301
"Polarized",5,51,0.15,"2/3",1.5849625007211563,2000,"{1, 2, 3}","Automatic",0.9,"Plurality","CondorcetExistRate",0.971
"Polarized",5,51,0.15,"2/3",1.5849625007211563,2000,"{1, 2, 3}","Automatic",0.9,"Plurality","CondorcetEfficiency",0.3877445932028836
"Polarized",5,51,0.15,"2/3",1.5849625007211563,2000,"{1, 2, 3}","Automatic",0.9,"Plurality","MidScore",0.00025
"Polarized",5,51,0.15,"2/3",1.5849625007211563,2000,"{1, 2, 3}","Automatic",0.9,"Plurality","Top1Acceptability",0.45049999999999973
"Polarized",5,51,0.15,"2/3",1.5849625007211563,2000,"{1, 2, 3}","Automatic",0.9,"Plurality","Top2Acceptability",0.5297058823529411
"Polarized",5,51,0.15,"2/3",1.5849625007211563,2000,"{1, 2, 3}","Automatic",0.9,"Plurality","Top3Acceptability",0.5655098039215687
"Polarized",5,51,0.15,"2/3",1.5849625007211563,2000,"{1, 2, 3}","Automatic",0.9,"Coombs","NeverFirstRate",0.
"Polarized",5,51,0.15,"2/3",1.5849625007211563,2000,"{1, 2, 3}","Automatic",0.9,"Coombs","NoiseFlipRate",0.302
"Polarized",5,51,0.15,"2/3",1.5849625007211563,2000,"{1, 2, 3}","Automatic",0.9,"Coombs","CondorcetExistRate",0.971
"Polarized",5,51,0.15,"2/3",1.5849625007211563,2000,"{1, 2, 3}","Automatic",0.9,"Coombs","CondorcetEfficiency",0.9654994850669413
"Polarized",5,51,0.15,"2/3",1.5849625007211563,2000,"{1, 2, 3}","Automatic",0.9,"Coombs","MidScore",0.436
"Polarized",5,51,0.15,"2/3",1.5849625007211563,2000,"{1, 2, 3}","Automatic",0.9,"Coombs","Top1Acceptability",0.2681176470588232
"Polarized",5,51,0.15,"2/3",1.5849625007211563,2000,"{1, 2, 3}","Automatic",0.9,"Coombs","Top2Acceptability",0.7261470588235289
"Polarized",5,51,0.15,"2/3",1.5849625007211563,2000,"{1, 2, 3}","Automatic",0.9,"Coombs","Top3Acceptability",0.8264215686274501
"Polarized",5,51,0.15,"2/3",1.5849625007211563,2000,"{1, 2, 3}","Automatic",0.9,"QR","NeverFirstRate",0.
"Polarized",5,51,0.15,"2/3",1.5849625007211563,2000,"{1, 2, 3}","Automatic",0.9,"QR","NoiseFlipRate",0.01
"Polarized",5,51,0.15,"2/3",1.5849625007211563,2000,"{1, 2, 3}","Automatic",0.9,"QR","CondorcetExistRate",0.971
"Polarized",5,51,0.15,"2/3",1.5849625007211563,2000,"{1, 2, 3}","Automatic",0.9,"QR","CondorcetEfficiency",0.611740473738414
"Polarized",5,51,0.15,"2/3",1.5849625007211563,2000,"{1, 2, 3}","Automatic",0.9,"QR","MidScore",0.671
"Polarized",5,51,0.15,"2/3",1.5849625007211563,2000,"{1, 2, 3}","Automatic",0.9,"QR","Top1Acceptability",0.13575490196078407
"Polarized",5,51,0.15,"2/3",1.5849625007211563,2000,"{1, 2, 3}","Automatic",0.9,"QR","Top2Acceptability",0.8051960784313719
"Polarized",5,51,0.15,"2/3",1.5849625007211563,2000,"{1, 2, 3}","Automatic",0.9,"QR","Top3Acceptability",0.9405392156862731
"Polarized",5,51,0.15,"2/3",1.5849625007211563,2000,"{1, 2, 3}","Automatic",0.9,"SDM","NeverFirstRate",0.
"Polarized",5,51,0.15,"2/3",1.5849625007211563,2000,"{1, 2, 3}","Automatic",0.9,"SDM","NoiseFlipRate",0.0005
"Polarized",5,51,0.15,"2/3",1.5849625007211563,2000,"{1, 2, 3}","Automatic",0.9,"SDM","CondorcetExistRate",0.971
"Polarized",5,51,0.15,"2/3",1.5849625007211563,2000,"{1, 2, 3}","Automatic",0.9,"SDM","CondorcetEfficiency",0.611740473738414
"Polarized",5,51,0.15,"2/3",1.5849625007211563,2000,"{1, 2, 3}","Automatic",0.9,"SDM","MidScore",0.671
"Polarized",5,51,0.15,"2/3",1.5849625007211563,2000,"{1, 2, 3}","Automatic",0.9,"SDM","Top1Acceptability",0.13574509803921547
"Polarized",5,51,0.15,"2/3",1.5849625007211563,2000,"{1, 2, 3}","Automatic",0.9,"SDM","Top2Acceptability",0.8053627450980386
"Polarized",5,51,0.15,"2/3",1.5849625007211563,2000,"{1, 2, 3}","Automatic",0.9,"SDM","Top3Acceptability",0.9405196078431358
"Polarized",5,51,0.15,"2/3",1.5849625007211563,2000,"{1, 2, 3}","Automatic",0.9,"Fallback","NeverFirstRate",0.0575
"Polarized",5,51,0.15,"2/3",1.5849625007211563,2000,"{1, 2, 3}","Automatic",0.9,"Fallback","NoiseFlipRate",0.649
"Polarized",5,51,0.15,"2/3",1.5849625007211563,2000,"{1, 2, 3}","Automatic",0.9,"Fallback","CondorcetExistRate",0.971
"Polarized",5,51,0.15,"2/3",1.5849625007211563,2000,"{1, 2, 3}","Automatic",0.9,"Fallback","CondorcetEfficiency",0.3321318228630278
"Polarized",5,51,0.15,"2/3",1.5849625007211563,2000,"{1, 2, 3}","Automatic",0.9,"Fallback","MidScore",0.51775
"Polarized",5,51,0.15,"2/3",1.5849625007211563,2000,"{1, 2, 3}","Automatic",0.9,"Fallback","Top1Acceptability",0.16417647058823515
"Polarized",5,51,0.15,"2/3",1.5849625007211563,2000,"{1, 2, 3}","Automatic",0.9,"Fallback","Top2Acceptability",0.5075
"Polarized",5,51,0.15,"2/3",1.5849625007211563,2000,"{1, 2, 3}","Automatic",0.9,"Fallback","Top3Acceptability",0.7421960784313719
"Polarized",5,51,0.15,"2/3",1.5849625007211563,2000,"{1, 2, 3}","Automatic",1.,"Borda","NeverFirstRate",0.0005
"Polarized",5,51,0.15,"2/3",1.5849625007211563,2000,"{1, 2, 3}","Automatic",1.,"Borda","NoiseFlipRate",0.0015
"Polarized",5,51,0.15,"2/3",1.5849625007211563,2000,"{1, 2, 3}","Automatic",1.,"Borda","CondorcetExistRate",0.9915
"Polarized",5,51,0.15,"2/3",1.5849625007211563,2000,"{1, 2, 3}","Automatic",1.,"Borda","CondorcetEfficiency",0.6187594553706506
"Polarized",5,51,0.15,"2/3",1.5849625007211563,2000,"{1, 2, 3}","Automatic",1.,"Borda","MidScore",0.66925
"Polarized",5,51,0.15,"2/3",1.5849625007211563,2000,"{1, 2, 3}","Automatic",1.,"Borda","Top1Acceptability",0.12749999999999975
"Polarized",5,51,0.15,"2/3",1.5849625007211563,2000,"{1, 2, 3}","Automatic",1.,"Borda","Top2Acceptability",0.8550098039215679
"Polarized",5,51,0.15,"2/3",1.5849625007211563,2000,"{1, 2, 3}","Automatic",1.,"Borda","Top3Acceptability",0.9782745098039208
"Polarized",5,51,0.15,"2/3",1.5849625007211563,2000,"{1, 2, 3}","Automatic",1.,"Plurality","NeverFirstRate",0.
"Polarized",5,51,0.15,"2/3",1.5849625007211563,2000,"{1, 2, 3}","Automatic",1.,"Plurality","NoiseFlipRate",0.2975
"Polarized",5,51,0.15,"2/3",1.5849625007211563,2000,"{1, 2, 3}","Automatic",1.,"Plurality","CondorcetExistRate",0.9915
"Polarized",5,51,0.15,"2/3",1.5849625007211563,2000,"{1, 2, 3}","Automatic",1.,"Plurality","CondorcetEfficiency",0.3812405446293495
"Polarized",5,51,0.15,"2/3",1.5849625007211563,2000,"{1, 2, 3}","Automatic",1.,"Plurality","MidScore",0.
"Polarized",5,51,0.15,"2/3",1.5849625007211563,2000,"{1, 2, 3}","Automatic",1.,"Plurality","Top1Acceptability",0.47719607843137235
"Polarized",5,51,0.15,"2/3",1.5849625007211563,2000,"{1, 2, 3}","Automatic",1.,"Plurality","Top2Acceptability",0.5414705882352941
"Polarized",5,51,0.15,"2/3",1.5849625007211563,2000,"{1, 2, 3}","Automatic",1.,"Plurality","Top3Acceptability",0.5592549019607844
"Polarized",5,51,0.15,"2/3",1.5849625007211563,2000,"{1, 2, 3}","Automatic",1.,"Coombs","NeverFirstRate",0.
"Polarized",5,51,0.15,"2/3",1.5849625007211563,2000,"{1, 2, 3}","Automatic",1.,"Coombs","NoiseFlipRate",0.323
"Polarized",5,51,0.15,"2/3",1.5849625007211563,2000,"{1, 2, 3}","Automatic",1.,"Coombs","CondorcetExistRate",0.9915
"Polarized",5,51,0.15,"2/3",1.5849625007211563,2000,"{1, 2, 3}","Automatic",1.,"Coombs","CondorcetEfficiency",0.9828542612203732
"Polarized",5,51,0.15,"2/3",1.5849625007211563,2000,"{1, 2, 3}","Automatic",1.,"Coombs","MidScore",0.429
"Polarized",5,51,0.15,"2/3",1.5849625007211563,2000,"{1, 2, 3}","Automatic",1.,"Coombs","Top1Acceptability",0.278735294117647
"Polarized",5,51,0.15,"2/3",1.5849625007211563,2000,"{1, 2, 3}","Automatic",1.,"Coombs","Top2Acceptability",0.7585980392156857
"Polarized",5,51,0.15,"2/3",1.5849625007211563,2000,"{1, 2, 3}","Automatic",1.,"Coombs","Top3Acceptability",0.8410686274509799
"Polarized",5,51,0.15,"2/3",1.5849625007211563,2000,"{1, 2, 3}","Automatic",1.,"QR","NeverFirstRate",0.0005
"Polarized",5,51,0.15,"2/3",1.5849625007211563,2000,"{1, 2, 3}","Automatic",1.,"QR","NoiseFlipRate",0.003
"Polarized",5,51,0.15,"2/3",1.5849625007211563,2000,"{1, 2, 3}","Automatic",1.,"QR","CondorcetExistRate",0.9915
"Polarized",5,51,0.15,"2/3",1.5849625007211563,2000,"{1, 2, 3}","Automatic",1.,"QR","CondorcetEfficiency",0.6187594553706506
"Polarized",5,51,0.15,"2/3",1.5849625007211563,2000,"{1, 2, 3}","Automatic",1.,"QR","MidScore",0.66925
"Polarized",5,51,0.15,"2/3",1.5849625007211563,2000,"{1, 2, 3}","Automatic",1.,"QR","Top1Acceptability",0.12749999999999975
"Polarized",5,51,0.15,"2/3",1.5849625007211563,2000,"{1, 2, 3}","Automatic",1.,"QR","Top2Acceptability",0.8550098039215679
"Polarized",5,51,0.15,"2/3",1.5849625007211563,2000,"{1, 2, 3}","Automatic",1.,"QR","Top3Acceptability",0.9782745098039208
"Polarized",5,51,0.15,"2/3",1.5849625007211563,2000,"{1, 2, 3}","Automatic",1.,"SDM","NeverFirstRate",0.0005
"Polarized",5,51,0.15,"2/3",1.5849625007211563,2000,"{1, 2, 3}","Automatic",1.,"SDM","NoiseFlipRate",0.
"Polarized",5,51,0.15,"2/3",1.5849625007211563,2000,"{1, 2, 3}","Automatic",1.,"SDM","CondorcetExistRate",0.9915
"Polarized",5,51,0.15,"2/3",1.5849625007211563,2000,"{1, 2, 3}","Automatic",1.,"SDM","CondorcetEfficiency",0.6182551689359557
"Polarized",5,51,0.15,"2/3",1.5849625007211563,2000,"{1, 2, 3}","Automatic",1.,"SDM","MidScore",0.6695
"Polarized",5,51,0.15,"2/3",1.5849625007211563,2000,"{1, 2, 3}","Automatic",1.,"SDM","Top1Acceptability",0.1271568627450978
"Polarized",5,51,0.15,"2/3",1.5849625007211563,2000,"{1, 2, 3}","Automatic",1.,"SDM","Top2Acceptability",0.8550392156862738
"Polarized",5,51,0.15,"2/3",1.5849625007211563,2000,"{1, 2, 3}","Automatic",1.,"SDM","Top3Acceptability",0.9783725490196071
"Polarized",5,51,0.15,"2/3",1.5849625007211563,2000,"{1, 2, 3}","Automatic",1.,"Fallback","NeverFirstRate",0.0665
"Polarized",5,51,0.15,"2/3",1.5849625007211563,2000,"{1, 2, 3}","Automatic",1.,"Fallback","NoiseFlipRate",0.3375
"Polarized",5,51,0.15,"2/3",1.5849625007211563,2000,"{1, 2, 3}","Automatic",1.,"Fallback","CondorcetExistRate",0.9915
"Polarized",5,51,0.15,"2/3",1.5849625007211563,2000,"{1, 2, 3}","Automatic",1.,"Fallback","CondorcetEfficiency",0.4977307110438729
"Polarized",5,51,0.15,"2/3",1.5849625007211563,2000,"{1, 2, 3}","Automatic",1.,"Fallback","MidScore",0.63975
"Polarized",5,51,0.15,"2/3",1.5849625007211563,2000,"{1, 2, 3}","Automatic",1.,"Fallback","Top1Acceptability",0.116205882352941
"Polarized",5,51,0.15,"2/3",1.5849625007211563,2000,"{1, 2, 3}","Automatic",1.,"Fallback","Top2Acceptability",0.7114607843137251
"Polarized",5,51,0.15,"2/3",1.5849625007211563,2000,"{1, 2, 3}","Automatic",1.,"Fallback","Top3Acceptability",0.934823529411764
"Polarized",7,51,0.15,"2/3",1.5849625007211563,2000,"{1, 2, 3}","Automatic",0.,"Borda","NeverFirstRate",0.
"Polarized",7,51,0.15,"2/3",1.5849625007211563,2000,"{1, 2, 3}","Automatic",0.,"Borda","NoiseFlipRate",0.2035
"Polarized",7,51,0.15,"2/3",1.5849625007211563,2000,"{1, 2, 3}","Automatic",0.,"Borda","CondorcetExistRate",0.618
"Polarized",7,51,0.15,"2/3",1.5849625007211563,2000,"{1, 2, 3}","Automatic",0.,"Borda","CondorcetEfficiency",0.848705501618123
"Polarized",7,51,0.15,"2/3",1.5849625007211563,2000,"{1, 2, 3}","Automatic",0.,"Borda","MidScore",0.4443333333333333
"Polarized",7,51,0.15,"2/3",1.5849625007211563,2000,"{1, 2, 3}","Automatic",0.,"Borda","Top1Acceptability",0.18955882352941142
"Polarized",7,51,0.15,"2/3",1.5849625007211563,2000,"{1, 2, 3}","Automatic",0.,"Borda","Top2Acceptability",0.36182352941176454
"Polarized",7,51,0.15,"2/3",1.5849625007211563,2000,"{1, 2, 3}","Automatic",0.,"Borda","Top3Acceptability",0.5157843137254902
"Polarized",7,51,0.15,"2/3",1.5849625007211563,2000,"{1, 2, 3}","Automatic",0.,"Plurality","NeverFirstRate",0.
"Polarized",7,51,0.15,"2/3",1.5849625007211563,2000,"{1, 2, 3}","Automatic",0.,"Plurality","NoiseFlipRate",0.4145
"Polarized",7,51,0.15,"2/3",1.5849625007211563,2000,"{1, 2, 3}","Automatic",0.,"Plurality","CondorcetExistRate",0.618
"Polarized",7,51,0.15,"2/3",1.5849625007211563,2000,"{1, 2, 3}","Automatic",0.,"Plurality","CondorcetEfficiency",0.5080906148867314
"Polarized",7,51,0.15,"2/3",1.5849625007211563,2000,"{1, 2, 3}","Automatic",0.,"Plurality","MidScore",0.433
"Polarized",7,51,0.15,"2/3",1.5849625007211563,2000,"{1, 2, 3}","Automatic",0.,"Plurality","Top1Acceptability",0.21784313725490148
"Polarized",7,51,0.15,"2/3",1.5849625007211563,2000,"{1, 2, 3}","Automatic",0.,"Plurality","Top2Acceptability",0.3475588235294115
"Polarized",7,51,0.15,"2/3",1.5849625007211563,2000,"{1, 2, 3}","Automatic",0.,"Plurality","Top3Acceptability",0.47729411764705865
"Polarized",7,51,0.15,"2/3",1.5849625007211563,2000,"{1, 2, 3}","Automatic",0.,"Coombs","NeverFirstRate",0.
"Polarized",7,51,0.15,"2/3",1.5849625007211563,2000,"{1, 2, 3}","Automatic",0.,"Coombs","NoiseFlipRate",0.3745
"Polarized",7,51,0.15,"2/3",1.5849625007211563,2000,"{1, 2, 3}","Automatic",0.,"Coombs","CondorcetExistRate",0.618
"Polarized",7,51,0.15,"2/3",1.5849625007211563,2000,"{1, 2, 3}","Automatic",0.,"Coombs","CondorcetEfficiency",0.8867313915857605
"Polarized",7,51,0.15,"2/3",1.5849625007211563,2000,"{1, 2, 3}","Automatic",0.,"Coombs","MidScore",0.4386666666666667
"Polarized",7,51,0.15,"2/3",1.5849625007211563,2000,"{1, 2, 3}","Automatic",0.,"Coombs","Top1Acceptability",0.17947058823529377
"Polarized",7,51,0.15,"2/3",1.5849625007211563,2000,"{1, 2, 3}","Automatic",0.,"Coombs","Top2Acceptability",0.34731372549019585
"Polarized",7,51,0.15,"2/3",1.5849625007211563,2000,"{1, 2, 3}","Automatic",0.,"Coombs","Top3Acceptability",0.503235294117647
"Polarized",7,51,0.15,"2/3",1.5849625007211563,2000,"{1, 2, 3}","Automatic",0.,"QR","NeverFirstRate",0.0005
"Polarized",7,51,0.15,"2/3",1.5849625007211563,2000,"{1, 2, 3}","Automatic",0.,"QR","NoiseFlipRate",0.308
"Polarized",7,51,0.15,"2/3",1.5849625007211563,2000,"{1, 2, 3}","Automatic",0.,"QR","CondorcetExistRate",0.618
"Polarized",7,51,0.15,"2/3",1.5849625007211563,2000,"{1, 2, 3}","Automatic",0.,"QR","CondorcetEfficiency",0.6666666666666666
"Polarized",7,51,0.15,"2/3",1.5849625007211563,2000,"{1, 2, 3}","Automatic",0.,"QR","MidScore",0.44516666666666665
"Polarized",7,51,0.15,"2/3",1.5849625007211563,2000,"{1, 2, 3}","Automatic",0.,"QR","Top1Acceptability",0.16500980392156833
"Polarized",7,51,0.15,"2/3",1.5849625007211563,2000,"{1, 2, 3}","Automatic",0.,"QR","Top2Acceptability",0.33159803921568604
"Polarized",7,51,0.15,"2/3",1.5849625007211563,2000,"{1, 2, 3}","Automatic",0.,"QR","Top3Acceptability",0.49782352941176466
"Polarized",7,51,0.15,"2/3",1.5849625007211563,2000,"{1, 2, 3}","Automatic",0.,"SDM","NeverFirstRate",0.
"Polarized",7,51,0.15,"2/3",1.5849625007211563,2000,"{1, 2, 3}","Automatic",0.,"SDM","NoiseFlipRate",0.2
"Polarized",7,51,0.15,"2/3",1.5849625007211563,2000,"{1, 2, 3}","Automatic",0.,"SDM","CondorcetExistRate",0.618
"Polarized",7,51,0.15,"2/3",1.5849625007211563,2000,"{1, 2, 3}","Automatic",0.,"SDM","CondorcetEfficiency",0.8106796116504854
"Polarized",7,51,0.15,"2/3",1.5849625007211563,2000,"{1, 2, 3}","Automatic",0.,"SDM","MidScore",0.43916666666666665
"Polarized",7,51,0.15,"2/3",1.5849625007211563,2000,"{1, 2, 3}","Automatic",0.,"SDM","Top1Acceptability",0.1786960784313722
"Polarized",7,51,0.15,"2/3",1.5849625007211563,2000,"{1, 2, 3}","Automatic",0.,"SDM","Top2Acceptability",0.35205882352941154
"Polarized",7,51,0.15,"2/3",1.5849625007211563,2000,"{1, 2, 3}","Automatic",0.,"SDM","Top3Acceptability",0.512813725490196
"Polarized",7,51,0.15,"2/3",1.5849625007211563,2000,"{1, 2, 3}","Automatic",0.,"Fallback","NeverFirstRate",0.0005
"Polarized",7,51,0.15,"2/3",1.5849625007211563,2000,"{1, 2, 3}","Automatic",0.,"Fallback","NoiseFlipRate",0.8625
"Polarized",7,51,0.15,"2/3",1.5849625007211563,2000,"{1, 2, 3}","Automatic",0.,"Fallback","CondorcetExistRate",0.618
"Polarized",7,51,0.15,"2/3",1.5849625007211563,2000,"{1, 2, 3}","Automatic",0.,"Fallback","CondorcetEfficiency",0.15614886731391586
"Polarized",7,51,0.15,"2/3",1.5849625007211563,2000,"{1, 2, 3}","Automatic",0.,"Fallback","MidScore",0.43
"Polarized",7,51,0.15,"2/3",1.5849625007211563,2000,"{1, 2, 3}","Automatic",0.,"Fallback","Top1Acceptability",0.14282352941176446
"Polarized",7,51,0.15,"2/3",1.5849625007211563,2000,"{1, 2, 3}","Automatic",0.,"Fallback","Top2Acceptability",0.28709803921568594
"Polarized",7,51,0.15,"2/3",1.5849625007211563,2000,"{1, 2, 3}","Automatic",0.,"Fallback","Top3Acceptability",0.42889215686274484
"Polarized",7,51,0.15,"2/3",1.5849625007211563,2000,"{1, 2, 3}","Automatic",0.1,"Borda","NeverFirstRate",0.0005
"Polarized",7,51,0.15,"2/3",1.5849625007211563,2000,"{1, 2, 3}","Automatic",0.1,"Borda","NoiseFlipRate",0.1855
"Polarized",7,51,0.15,"2/3",1.5849625007211563,2000,"{1, 2, 3}","Automatic",0.1,"Borda","CondorcetExistRate",0.6515
"Polarized",7,51,0.15,"2/3",1.5849625007211563,2000,"{1, 2, 3}","Automatic",0.1,"Borda","CondorcetEfficiency",0.8288564850345357
"Polarized",7,51,0.15,"2/3",1.5849625007211563,2000,"{1, 2, 3}","Automatic",0.1,"Borda","MidScore",0.4395
"Polarized",7,51,0.15,"2/3",1.5849625007211563,2000,"{1, 2, 3}","Automatic",0.1,"Borda","Top1Acceptability",0.18499999999999966
"Polarized",7,51,0.15,"2/3",1.5849625007211563,2000,"{1, 2, 3}","Automatic",0.1,"Borda","Top2Acceptability",0.37105882352941155
"Polarized",7,51,0.15,"2/3",1.5849625007211563,2000,"{1, 2, 3}","Automatic",0.1,"Borda","Top3Acceptability",0.5297941176470587
"Polarized",7,51,0.15,"2/3",1.5849625007211563,2000,"{1, 2, 3}","Automatic",0.1,"Plurality","NeverFirstRate",0.
"Polarized",7,51,0.15,"2/3",1.5849625007211563,2000,"{1, 2, 3}","Automatic",0.1,"Plurality","NoiseFlipRate",0.404
"Polarized",7,51,0.15,"2/3",1.5849625007211563,2000,"{1, 2, 3}","Automatic",0.1,"Plurality","CondorcetExistRate",0.6515
"Polarized",7,51,0.15,"2/3",1.5849625007211563,2000,"{1, 2, 3}","Automatic",0.1,"Plurality","CondorcetEfficiency",0.43207981580967
"Polarized",7,51,0.15,"2/3",1.5849625007211563,2000,"{1, 2, 3}","Automatic",0.1,"Plurality","MidScore",0.27
"Polarized",7,51,0.15,"2/3",1.5849625007211563,2000,"{1, 2, 3}","Automatic",0.1,"Plurality","Top1Acceptability",0.22243137254901915
"Polarized",7,51,0.15,"2/3",1.5849625007211563,2000,"{1, 2, 3}","Automatic",0.1,"Plurality","Top2Acceptability",0.35338235294117626
"Polarized",7,51,0.15,"2/3",1.5849625007211563,2000,"{1, 2, 3}","Automatic",0.1,"Plurality","Top3Acceptability",0.48019607843137246
"Polarized",7,51,0.15,"2/3",1.5849625007211563,2000,"{1, 2, 3}","Automatic",0.1,"Coombs","NeverFirstRate",0.0005
"Polarized",7,51,0.15,"2/3",1.5849625007211563,2000,"{1, 2, 3}","Automatic",0.1,"Coombs","NoiseFlipRate",0.3525
"Polarized",7,51,0.15,"2/3",1.5849625007211563,2000,"{1, 2, 3}","Automatic",0.1,"Coombs","CondorcetExistRate",0.6515
"Polarized",7,51,0.15,"2/3",1.5849625007211563,2000,"{1, 2, 3}","Automatic",0.1,"Coombs","CondorcetEfficiency",0.8610897927858787
"Polarized",7,51,0.15,"2/3",1.5849625007211563,2000,"{1, 2, 3}","Automatic",0.1,"Coombs","MidScore",0.43466666666666676
"Polarized",7,51,0.15,"2/3",1.5849625007211563,2000,"{1, 2, 3}","Automatic",0.1,"Coombs","Top1Acceptability",0.1760490196078428
"Polarized",7,51,0.15,"2/3",1.5849625007211563,2000,"{1, 2, 3}","Automatic",0.1,"Coombs","Top2Acceptability",0.35691176470588215
"Polarized",7,51,0.15,"2/3",1.5849625007211563,2000,"{1, 2, 3}","Automatic",0.1,"Coombs","Top3Acceptability",0.5145980392156861
"Polarized",7,51,0.15,"2/3",1.5849625007211563,2000,"{1, 2, 3}","Automatic",0.1,"QR","NeverFirstRate",0.0005
"Polarized",7,51,0.15,"2/3",1.5849625007211563,2000,"{1, 2, 3}","Automatic",0.1,"QR","NoiseFlipRate",0.2935
"Polarized",7,51,0.15,"2/3",1.5849625007211563,2000,"{1, 2, 3}","Automatic",0.1,"QR","CondorcetExistRate",0.6515
"Polarized",7,51,0.15,"2/3",1.5849625007211563,2000,"{1, 2, 3}","Automatic",0.1,"QR","CondorcetEfficiency",0.6108979278587874
"Polarized",7,51,0.15,"2/3",1.5849625007211563,2000,"{1, 2, 3}","Automatic",0.1,"QR","MidScore",0.476
"Polarized",7,51,0.15,"2/3",1.5849625007211563,2000,"{1, 2, 3}","Automatic",0.1,"QR","Top1Acceptability",0.16279411764705853
"Polarized",7,51,0.15,"2/3",1.5849625007211563,2000,"{1, 2, 3}","Automatic",0.1,"QR","Top2Acceptability",0.335362745098039
"Polarized",7,51,0.15,"2/3",1.5849625007211563,2000,"{1, 2, 3}","Automatic",0.1,"QR","Top3Acceptability",0.5053823529411765
"Polarized",7,51,0.15,"2/3",1.5849625007211563,2000,"{1, 2, 3}","Automatic",0.1,"SDM","NeverFirstRate",0.0005
"Polarized",7,51,0.15,"2/3",1.5849625007211563,2000,"{1, 2, 3}","Automatic",0.1,"SDM","NoiseFlipRate",0.182
"Polarized",7,51,0.15,"2/3",1.5849625007211563,2000,"{1, 2, 3}","Automatic",0.1,"SDM","CondorcetExistRate",0.6515
"Polarized",7,51,0.15,"2/3",1.5849625007211563,2000,"{1, 2, 3}","Automatic",0.1,"SDM","CondorcetEfficiency",0.7774366845740599
"Polarized",7,51,0.15,"2/3",1.5849625007211563,2000,"{1, 2, 3}","Automatic",0.1,"SDM","MidScore",0.4738333333333334
"Polarized",7,51,0.15,"2/3",1.5849625007211563,2000,"{1, 2, 3}","Automatic",0.1,"SDM","Top1Acceptability",0.1740098039215683
"Polarized",7,51,0.15,"2/3",1.5849625007211563,2000,"{1, 2, 3}","Automatic",0.1,"SDM","Top2Acceptability",0.36009803921568606
"Polarized",7,51,0.15,"2/3",1.5849625007211563,2000,"{1, 2, 3}","Automatic",0.1,"SDM","Top3Acceptability",0.5251960784313726
"Polarized",7,51,0.15,"2/3",1.5849625007211563,2000,"{1, 2, 3}","Automatic",0.1,"Fallback","NeverFirstRate",0.
"Polarized",7,51,0.15,"2/3",1.5849625007211563,2000,"{1, 2, 3}","Automatic",0.1,"Fallback","NoiseFlipRate",0.8565
"Polarized",7,51,0.15,"2/3",1.5849625007211563,2000,"{1, 2, 3}","Automatic",0.1,"Fallback","CondorcetExistRate",0.6515
"Polarized",7,51,0.15,"2/3",1.5849625007211563,2000,"{1, 2, 3}","Automatic",0.1,"Fallback","CondorcetEfficiency",0.1557943207981581
"Polarized",7,51,0.15,"2/3",1.5849625007211563,2000,"{1, 2, 3}","Automatic",0.1,"Fallback","MidScore",0.42866666666666664
"Polarized",7,51,0.15,"2/3",1.5849625007211563,2000,"{1, 2, 3}","Automatic",0.1,"Fallback","Top1Acceptability",0.144441176470588
"Polarized",7,51,0.15,"2/3",1.5849625007211563,2000,"{1, 2, 3}","Automatic",0.1,"Fallback","Top2Acceptability",0.28740196078431335
"Polarized",7,51,0.15,"2/3",1.5849625007211563,2000,"{1, 2, 3}","Automatic",0.1,"Fallback","Top3Acceptability",0.4286176470588233
"Polarized",7,51,0.15,"2/3",1.5849625007211563,2000,"{1, 2, 3}","Automatic",0.2,"Borda","NeverFirstRate",0.
"Polarized",7,51,0.15,"2/3",1.5849625007211563,2000,"{1, 2, 3}","Automatic",0.2,"Borda","NoiseFlipRate",0.1545
"Polarized",7,51,0.15,"2/3",1.5849625007211563,2000,"{1, 2, 3}","Automatic",0.2,"Borda","CondorcetExistRate",0.649
"Polarized",7,51,0.15,"2/3",1.5849625007211563,2000,"{1, 2, 3}","Automatic",0.2,"Borda","CondorcetEfficiency",0.7765793528505393
"Polarized",7,51,0.15,"2/3",1.5849625007211563,2000,"{1, 2, 3}","Automatic",0.2,"Borda","MidScore",0.4753333333333334
"Polarized",7,51,0.15,"2/3",1.5849625007211563,2000,"{1, 2, 3}","Automatic",0.2,"Borda","Top1Acceptability",0.17713725490196047
"Polarized",7,51,0.15,"2/3",1.5849625007211563,2000,"{1, 2, 3}","Automatic",0.2,"Borda","Top2Acceptability",0.39883333333333315
"Polarized",7,51,0.15,"2/3",1.5849625007211563,2000,"{1, 2, 3}","Automatic",0.2,"Borda","Top3Acceptability",0.5631176470588235
"Polarized",7,51,0.15,"2/3",1.5849625007211563,2000,"{1, 2, 3}","Automatic",0.2,"Plurality","NeverFirstRate",0.
"Polarized",7,51,0.15,"2/3",1.5849625007211563,2000,"{1, 2, 3}","Automatic",0.2,"Plurality","NoiseFlipRate",0.3495
"Polarized",7,51,0.15,"2/3",1.5849625007211563,2000,"{1, 2, 3}","Automatic",0.2,"Plurality","CondorcetExistRate",0.649
"Polarized",7,51,0.15,"2/3",1.5849625007211563,2000,"{1, 2, 3}","Automatic",0.2,"Plurality","CondorcetEfficiency",0.44298921417565484
"Polarized",7,51,0.15,"2/3",1.5849625007211563,2000,"{1, 2, 3}","Automatic",0.2,"Plurality","MidScore",0.113
"Polarized",7,51,0.15,"2/3",1.5849625007211563,2000,"{1, 2, 3}","Automatic",0.2,"Plurality","Top1Acceptability",0.24183333333333287
"Polarized",7,51,0.15,"2/3",1.5849625007211563,2000,"{1, 2, 3}","Automatic",0.2,"Plurality","Top2Acceptability",0.3694803921568625
"Polarized",7,51,0.15,"2/3",1.5849625007211563,2000,"{1, 2, 3}","Automatic",0.2,"Plurality","Top3Acceptability",0.48492156862745084
"Polarized",7,51,0.15,"2/3",1.5849625007211563,2000,"{1, 2, 3}","Automatic",0.2,"Coombs","NeverFirstRate",0.
"Polarized",7,51,0.15,"2/3",1.5849625007211563,2000,"{1, 2, 3}","Automatic",0.2,"Coombs","NoiseFlipRate",0.29
"Polarized",7,51,0.15,"2/3",1.5849625007211563,2000,"{1, 2, 3}","Automatic",0.2,"Coombs","CondorcetExistRate",0.649
"Polarized",7,51,0.15,"2/3",1.5849625007211563,2000,"{1, 2, 3}","Automatic",0.2,"Coombs","CondorcetEfficiency",0.8836671802773498
"Polarized",7,51,0.15,"2/3",1.5849625007211563,2000,"{1, 2, 3}","Automatic",0.2,"Coombs","MidScore",0.4251666666666667
"Polarized",7,51,0.15,"2/3",1.5849625007211563,2000,"{1, 2, 3}","Automatic",0.2,"Coombs","Top1Acceptability",0.17883333333333304
"Polarized",7,51,0.15,"2/3",1.5849625007211563,2000,"{1, 2, 3}","Automatic",0.2,"Coombs","Top2Acceptability",0.3940392156862743
"Polarized",7,51,0.15,"2/3",1.5849625007211563,2000,"{1, 2, 3}","Automatic",0.2,"Coombs","Top3Acceptability",0.5475196078431372
"Polarized",7,51,0.15,"2/3",1.5849625007211563,2000,"{1, 2, 3}","Automatic",0.2,"QR","NeverFirstRate",0.0015
"Polarized",7,51,0.15,"2/3",1.5849625007211563,2000,"{1, 2, 3}","Automatic",0.2,"QR","NoiseFlipRate",0.2765
"Polarized",7,51,0.15,"2/3",1.5849625007211563,2000,"{1, 2, 3}","Automatic",0.2,"QR","CondorcetExistRate",0.649
"Polarized",7,51,0.15,"2/3",1.5849625007211563,2000,"{1, 2, 3}","Automatic",0.2,"QR","CondorcetEfficiency",0.5292758089368259
"Polarized",7,51,0.15,"2/3",1.5849625007211563,2000,"{1, 2, 3}","Automatic",0.2,"QR","MidScore",0.5501666666666667
"Polarized",7,51,0.15,"2/3",1.5849625007211563,2000,"{1, 2, 3}","Automatic",0.2,"QR","Top1Acceptability",0.14740196078431347
"Polarized",7,51,0.15,"2/3",1.5849625007211563,2000,"{1, 2, 3}","Automatic",0.2,"QR","Top2Acceptability",0.34117647058823514
"Polarized",7,51,0.15,"2/3",1.5849625007211563,2000,"{1, 2, 3}","Automatic",0.2,"QR","Top3Acceptability",0.5342843137254901
"Polarized",7,51,0.15,"2/3",1.5849625007211563,2000,"{1, 2, 3}","Automatic",0.2,"SDM","NeverFirstRate",0.
"Polarized",7,51,0.15,"2/3",1.5849625007211563,2000,"{1, 2, 3}","Automatic",0.2,"SDM","NoiseFlipRate",0.143
"Polarized",7,51,0.15,"2/3",1.5849625007211563,2000,"{1, 2, 3}","Automatic",0.2,"SDM","CondorcetExistRate",0.649
"Polarized",7,51,0.15,"2/3",1.5849625007211563,2000,"{1, 2, 3}","Automatic",0.2,"SDM","CondorcetEfficiency",0.672573189522342
"Polarized",7,51,0.15,"2/3",1.5849625007211563,2000,"{1, 2, 3}","Automatic",0.2,"SDM","MidScore",0.528
"Polarized",7,51,0.15,"2/3",1.5849625007211563,2000,"{1, 2, 3}","Automatic",0.2,"SDM","Top1Acceptability",0.16082352941176442
"Polarized",7,51,0.15,"2/3",1.5849625007211563,2000,"{1, 2, 3}","Automatic",0.2,"SDM","Top2Acceptability",0.3801568627450979
"Polarized",7,51,0.15,"2/3",1.5849625007211563,2000,"{1, 2, 3}","Automatic",0.2,"SDM","Top3Acceptability",0.5590588235294117
"Polarized",7,51,0.15,"2/3",1.5849625007211563,2000,"{1, 2, 3}","Automatic",0.2,"Fallback","NeverFirstRate",0.0005
"Polarized",7,51,0.15,"2/3",1.5849625007211563,2000,"{1, 2, 3}","Automatic",0.2,"Fallback","NoiseFlipRate",0.8675
"Polarized",7,51,0.15,"2/3",1.5849625007211563,2000,"{1, 2, 3}","Automatic",0.2,"Fallback","CondorcetExistRate",0.649
"Polarized",7,51,0.15,"2/3",1.5849625007211563,2000,"{1, 2, 3}","Automatic",0.2,"Fallback","CondorcetEfficiency",0.1510015408320493
"Polarized",7,51,0.15,"2/3",1.5849625007211563,2000,"{1, 2, 3}","Automatic",0.2,"Fallback","MidScore",0.42900000000000005
"Polarized",7,51,0.15,"2/3",1.5849625007211563,2000,"{1, 2, 3}","Automatic",0.2,"Fallback","Top1Acceptability",0.1448039215686272
"Polarized",7,51,0.15,"2/3",1.5849625007211563,2000,"{1, 2, 3}","Automatic",0.2,"Fallback","Top2Acceptability",0.28892156862745066
"Polarized",7,51,0.15,"2/3",1.5849625007211563,2000,"{1, 2, 3}","Automatic",0.2,"Fallback","Top3Acceptability",0.4304901960784313
"Polarized",7,51,0.15,"2/3",1.5849625007211563,2000,"{1, 2, 3}","Automatic",0.30000000000000004,"Borda","NeverFirstRate",0.
"Polarized",7,51,0.15,"2/3",1.5849625007211563,2000,"{1, 2, 3}","Automatic",0.30000000000000004,"Borda","NoiseFlipRate",0.112
"Polarized",7,51,0.15,"2/3",1.5849625007211563,2000,"{1, 2, 3}","Automatic",0.30000000000000004,"Borda","CondorcetExistRate",0.65
"Polarized",7,51,0.15,"2/3",1.5849625007211563,2000,"{1, 2, 3}","Automatic",0.30000000000000004,"Borda","CondorcetEfficiency",0.6923076923076923
"Polarized",7,51,0.15,"2/3",1.5849625007211563,2000,"{1, 2, 3}","Automatic",0.30000000000000004,"Borda","MidScore",0.5261666666666667
"Polarized",7,51,0.15,"2/3",1.5849625007211563,2000,"{1, 2, 3}","Automatic",0.30000000000000004,"Borda","Top1Acceptability",0.16510784313725463
"Polarized",7,51,0.15,"2/3",1.5849625007211563,2000,"{1, 2, 3}","Automatic",0.30000000000000004,"Borda","Top2Acceptability",0.43956862745098035
"Polarized",7,51,0.15,"2/3",1.5849625007211563,2000,"{1, 2, 3}","Automatic",0.30000000000000004,"Borda","Top3Acceptability",0.6072549019607844
"Polarized",7,51,0.15,"2/3",1.5849625007211563,2000,"{1, 2, 3}","Automatic",0.30000000000000004,"Plurality","NeverFirstRate",0.
"Polarized",7,51,0.15,"2/3",1.5849625007211563,2000,"{1, 2, 3}","Automatic",0.30000000000000004,"Plurality","NoiseFlipRate",0.307
"Polarized",7,51,0.15,"2/3",1.5849625007211563,2000,"{1, 2, 3}","Automatic",0.30000000000000004,"Plurality","CondorcetExistRate",0.65
"Polarized",7,51,0.15,"2/3",1.5849625007211563,2000,"{1, 2, 3}","Automatic",0.30000000000000004,"Plurality","CondorcetEfficiency",0.4107692307692308
"Polarized",7,51,0.15,"2/3",1.5849625007211563,2000,"{1, 2, 3}","Automatic",0.30000000000000004,"Plurality","MidScore",0.048333333333333346
"Polarized",7,51,0.15,"2/3",1.5849625007211563,2000,"{1, 2, 3}","Automatic",0.30000000000000004,"Plurality","Top1Acceptability",0.2664411764705878
"Polarized",7,51,0.15,"2/3",1.5849625007211563,2000,"{1, 2, 3}","Automatic",0.30000000000000004,"Plurality","Top2Acceptability",0.3868137254901959
"Polarized",7,51,0.15,"2/3",1.5849625007211563,2000,"{1, 2, 3}","Automatic",0.30000000000000004,"Plurality","Top3Acceptability",0.48857843137254897
"Polarized",7,51,0.15,"2/3",1.5849625007211563,2000,"{1, 2, 3}","Automatic",0.30000000000000004,"Coombs","NeverFirstRate",0.
"Polarized",7,51,0.15,"2/3",1.5849625007211563,2000,"{1, 2, 3}","Automatic",0.30000000000000004,"Coombs","NoiseFlipRate",0.246
"Polarized",7,51,0.15,"2/3",1.5849625007211563,2000,"{1, 2, 3}","Automatic",0.30000000000000004,"Coombs","CondorcetExistRate",0.65
"Polarized",7,51,0.15,"2/3",1.5849625007211563,2000,"{1, 2, 3}","Automatic",0.30000000000000004,"Coombs","CondorcetEfficiency",0.8823076923076923
"Polarized",7,51,0.15,"2/3",1.5849625007211563,2000,"{1, 2, 3}","Automatic",0.30000000000000004,"Coombs","MidScore",0.42716666666666664
"Polarized",7,51,0.15,"2/3",1.5849625007211563,2000,"{1, 2, 3}","Automatic",0.30000000000000004,"Coombs","Top1Acceptability",0.1838921568627448
"Polarized",7,51,0.15,"2/3",1.5849625007211563,2000,"{1, 2, 3}","Automatic",0.30000000000000004,"Coombs","Top2Acceptability",0.44339215686274497
"Polarized",7,51,0.15,"2/3",1.5849625007211563,2000,"{1, 2, 3}","Automatic",0.30000000000000004,"Coombs","Top3Acceptability",0.5825686274509804
"Polarized",7,51,0.15,"2/3",1.5849625007211563,2000,"{1, 2, 3}","Automatic",0.30000000000000004,"QR","NeverFirstRate",0.0005
"Polarized",7,51,0.15,"2/3",1.5849625007211563,2000,"{1, 2, 3}","Automatic",0.30000000000000004,"QR","NoiseFlipRate",0.2395
"Polarized",7,51,0.15,"2/3",1.5849625007211563,2000,"{1, 2, 3}","Automatic",0.30000000000000004,"QR","CondorcetExistRate",0.65
"Polarized",7,51,0.15,"2/3",1.5849625007211563,2000,"{1, 2, 3}","Automatic",0.30000000000000004,"QR","CondorcetEfficiency",0.4461538461538462
"Polarized",7,51,0.15,"2/3",1.5849625007211563,2000,"{1, 2, 3}","Automatic",0.30000000000000004,"QR","MidScore",0.5763333333333335
"Polarized",7,51,0.15,"2/3",1.5849625007211563,2000,"{1, 2, 3}","Automatic",0.30000000000000004,"QR","Top1Acceptability",0.1390882352941174
"Polarized",7,51,0.15,"2/3",1.5849625007211563,2000,"{1, 2, 3}","Automatic",0.30000000000000004,"QR","Top2Acceptability",0.3642156862745098
"Polarized",7,51,0.15,"2/3",1.5849625007211563,2000,"{1, 2, 3}","Automatic",0.30000000000000004,"QR","Top3Acceptability",0.5798529411764706
"Polarized",7,51,0.15,"2/3",1.5849625007211563,2000,"{1, 2, 3}","Automatic",0.30000000000000004,"SDM","NeverFirstRate",0.
"Polarized",7,51,0.15,"2/3",1.5849625007211563,2000,"{1, 2, 3}","Automatic",0.30000000000000004,"SDM","NoiseFlipRate",0.1185
"Polarized",7,51,0.15,"2/3",1.5849625007211563,2000,"{1, 2, 3}","Automatic",0.30000000000000004,"SDM","CondorcetExistRate",0.65
"Polarized",7,51,0.15,"2/3",1.5849625007211563,2000,"{1, 2, 3}","Automatic",0.30000000000000004,"SDM","CondorcetEfficiency",0.58
"Polarized",7,51,0.15,"2/3",1.5849625007211563,2000,"{1, 2, 3}","Automatic",0.30000000000000004,"SDM","MidScore",0.5646666666666668
"Polarized",7,51,0.15,"2/3",1.5849625007211563,2000,"{1, 2, 3}","Automatic",0.30000000000000004,"SDM","Top1Acceptability",0.14928431372548995
"Polarized",7,51,0.15,"2/3",1.5849625007211563,2000,"{1, 2, 3}","Automatic",0.30000000000000004,"SDM","Top2Acceptability",0.416313725490196
"Polarized",7,51,0.15,"2/3",1.5849625007211563,2000,"{1, 2, 3}","Automatic",0.30000000000000004,"SDM","Top3Acceptability",0.6052647058823529
"Polarized",7,51,0.15,"2/3",1.5849625007211563,2000,"{1, 2, 3}","Automatic",0.30000000000000004,"Fallback","NeverFirstRate",0.001
"Polarized",7,51,0.15,"2/3",1.5849625007211563,2000,"{1, 2, 3}","Automatic",0.30000000000000004,"Fallback","NoiseFlipRate",0.8575
"Polarized",7,51,0.15,"2/3",1.5849625007211563,2000,"{1, 2, 3}","Automatic",0.30000000000000004,"Fallback","CondorcetExistRate",0.65
"Polarized",7,51,0.15,"2/3",1.5849625007211563,2000,"{1, 2, 3}","Automatic",0.30000000000000004,"Fallback","CondorcetEfficiency",0.13538461538461538
"Polarized",7,51,0.15,"2/3",1.5849625007211563,2000,"{1, 2, 3}","Automatic",0.30000000000000004,"Fallback","MidScore",0.41999999999999993
"Polarized",7,51,0.15,"2/3",1.5849625007211563,2000,"{1, 2, 3}","Automatic",0.30000000000000004,"Fallback","Top1Acceptability",0.14092156862745076
"Polarized",7,51,0.15,"2/3",1.5849625007211563,2000,"{1, 2, 3}","Automatic",0.30000000000000004,"Fallback","Top2Acceptability",0.2822450980392153
"Polarized",7,51,0.15,"2/3",1.5849625007211563,2000,"{1, 2, 3}","Automatic",0.30000000000000004,"Fallback","Top3Acceptability",0.4240588235294117
"Polarized",7,51,0.15,"2/3",1.5849625007211563,2000,"{1, 2, 3}","Automatic",0.4,"Borda","NeverFirstRate",0.
"Polarized",7,51,0.15,"2/3",1.5849625007211563,2000,"{1, 2, 3}","Automatic",0.4,"Borda","NoiseFlipRate",0.085
"Polarized",7,51,0.15,"2/3",1.5849625007211563,2000,"{1, 2, 3}","Automatic",0.4,"Borda","CondorcetExistRate",0.703
"Polarized",7,51,0.15,"2/3",1.5849625007211563,2000,"{1, 2, 3}","Automatic",0.4,"Borda","CondorcetEfficiency",0.6052631578947368
"Polarized",7,51,0.15,"2/3",1.5849625007211563,2000,"{1, 2, 3}","Automatic",0.4,"Borda","MidScore",0.5626666666666668
"Polarized",7,51,0.15,"2/3",1.5849625007211563,2000,"{1, 2, 3}","Automatic",0.4,"Borda","Top1Acceptability",0.15079411764705855
"Polarized",7,51,0.15,"2/3",1.5849625007211563,2000,"{1, 2, 3}","Automatic",0.4,"Borda","Top2Acceptability",0.4914313725490197
"Polarized",7,51,0.15,"2/3",1.5849625007211563,2000,"{1, 2, 3}","Automatic",0.4,"Borda","Top3Acceptability",0.6549117647058823
"Polarized",7,51,0.15,"2/3",1.5849625007211563,2000,"{1, 2, 3}","Automatic",0.4,"Plurality","NeverFirstRate",0.
"Polarized",7,51,0.15,"2/3",1.5849625007211563,2000,"{1, 2, 3}","Automatic",0.4,"Plurality","NoiseFlipRate",0.27
"Polarized",7,51,0.15,"2/3",1.5849625007211563,2000,"{1, 2, 3}","Automatic",0.4,"Plurality","CondorcetExistRate",0.703
"Polarized",7,51,0.15,"2/3",1.5849625007211563,2000,"{1, 2, 3}","Automatic",0.4,"Plurality","CondorcetEfficiency",0.4395448079658606
"Polarized",7,51,0.15,"2/3",1.5849625007211563,2000,"{1, 2, 3}","Automatic",0.4,"Plurality","MidScore",0.012833333333333335
"Polarized",7,51,0.15,"2/3",1.5849625007211563,2000,"{1, 2, 3}","Automatic",0.4,"Plurality","Top1Acceptability",0.29502941176470565
"Polarized",7,51,0.15,"2/3",1.5849625007211563,2000,"{1, 2, 3}","Automatic",0.4,"Plurality","Top2Acceptability",0.4066568627450979
"Polarized",7,51,0.15,"2/3",1.5849625007211563,2000,"{1, 2, 3}","Automatic",0.4,"Plurality","Top3Acceptability",0.4952549019607842
"Polarized",7,51,0.15,"2/3",1.5849625007211563,2000,"{1, 2, 3}","Automatic",0.4,"Coombs","NeverFirstRate",0.
"Polarized",7,51,0.15,"2/3",1.5849625007211563,2000,"{1, 2, 3}","Automatic",0.4,"Coombs","NoiseFlipRate",0.2075
"Polarized",7,51,0.15,"2/3",1.5849625007211563,2000,"{1, 2, 3}","Automatic",0.4,"Coombs","CondorcetExistRate",0.703
"Polarized",7,51,0.15,"2/3",1.5849625007211563,2000,"{1, 2, 3}","Automatic",0.4,"Coombs","CondorcetEfficiency",0.8662873399715505
"Polarized",7,51,0.15,"2/3",1.5849625007211563,2000,"{1, 2, 3}","Automatic",0.4,"Coombs","MidScore",0.4255
"Polarized",7,51,0.15,"2/3",1.5849625007211563,2000,"{1, 2, 3}","Automatic",0.4,"Coombs","Top1Acceptability",0.19218627450980363
"Polarized",7,51,0.15,"2/3",1.5849625007211563,2000,"{1, 2, 3}","Automatic",0.4,"Coombs","Top2Acceptability",0.49149019607843125
"Polarized",7,51,0.15,"2/3",1.5849625007211563,2000,"{1, 2, 3}","Automatic",0.4,"Coombs","Top3Acceptability",0.6200686274509803
"Polarized",7,51,0.15,"2/3",1.5849625007211563,2000,"{1, 2, 3}","Automatic",0.4,"QR","NeverFirstRate",0.0005
"Polarized",7,51,0.15,"2/3",1.5849625007211563,2000,"{1, 2, 3}","Automatic",0.4,"QR","NoiseFlipRate",0.216
"Polarized",7,51,0.15,"2/3",1.5849625007211563,2000,"{1, 2, 3}","Automatic",0.4,"QR","CondorcetExistRate",0.703
"Polarized",7,51,0.15,"2/3",1.5849625007211563,2000,"{1, 2, 3}","Automatic",0.4,"QR","CondorcetEfficiency",0.4352773826458037
"Polarized",7,51,0.15,"2/3",1.5849625007211563,2000,"{1, 2, 3}","Automatic",0.4,"QR","MidScore",0.5843333333333335
"Polarized",7,51,0.15,"2/3",1.5849625007211563,2000,"{1, 2, 3}","Automatic",0.4,"QR","Top1Acceptability",0.1312254901960782
"Polarized",7,51,0.15,"2/3",1.5849625007211563,2000,"{1, 2, 3}","Automatic",0.4,"QR","Top2Acceptability",0.4082843137254903
"Polarized",7,51,0.15,"2/3",1.5849625007211563,2000,"{1, 2, 3}","Automatic",0.4,"QR","Top3Acceptability",0.632970588235294
"Polarized",7,51,0.15,"2/3",1.5849625007211563,2000,"{1, 2, 3}","Automatic",0.4,"SDM","NeverFirstRate",0.0005
"Polarized",7,51,0.15,"2/3",1.5849625007211563,2000,"{1, 2, 3}","Automatic",0.4,"SDM","NoiseFlipRate",0.0875
"Polarized",7,51,0.15,"2/3",1.5849625007211563,2000,"{1, 2, 3}","Automatic",0.4,"SDM","CondorcetExistRate",0.703
"Polarized",7,51,0.15,"2/3",1.5849625007211563,2000,"{1, 2, 3}","Automatic",0.4,"SDM","CondorcetEfficiency",0.5298719772403983
"Polarized",7,51,0.15,"2/3",1.5849625007211563,2000,"{1, 2, 3}","Automatic",0.4,"SDM","MidScore",0.5833333333333334
"Polarized",7,51,0.15,"2/3",1.5849625007211563,2000,"{1, 2, 3}","Automatic",0.4,"SDM","Top1Acceptability",0.13910784313725466
"Polarized",7,51,0.15,"2/3",1.5849625007211563,2000,"{1, 2, 3}","Automatic",0.4,"SDM","Top2Acceptability",0.4681078431372549
"Polarized",7,51,0.15,"2/3",1.5849625007211563,2000,"{1, 2, 3}","Automatic",0.4,"SDM","Top3Acceptability",0.654705882352941
"Polarized",7,51,0.15,"2/3",1.5849625007211563,2000,"{1, 2, 3}","Automatic",0.4,"Fallback","NeverFirstRate",0.0045
"Polarized",7,51,0.15,"2/3",1.5849625007211563,2000,"{1, 2, 3}","Automatic",0.4,"Fallback","NoiseFlipRate",0.8455
"Polarized",7,51,0.15,"2/3",1.5849625007211563,2000,"{1, 2, 3}","Automatic",0.4,"Fallback","CondorcetExistRate",0.703
"Polarized",7,51,0.15,"2/3",1.5849625007211563,2000,"{1, 2, 3}","Automatic",0.4,"Fallback","CondorcetEfficiency",0.16998577524893316
"Polarized",7,51,0.15,"2/3",1.5849625007211563,2000,"{1, 2, 3}","Automatic",0.4,"Fallback","MidScore",0.42266666666666675
"Polarized",7,51,0.15,"2/3",1.5849625007211563,2000,"{1, 2, 3}","Automatic",0.4,"Fallback","Top1Acceptability",0.14536274509803904
"Polarized",7,51,0.15,"2/3",1.5849625007211563,2000,"{1, 2, 3}","Automatic",0.4,"Fallback","Top2Acceptability",0.2908431372549017
"Polarized",7,51,0.15,"2/3",1.5849625007211563,2000,"{1, 2, 3}","Automatic",0.4,"Fallback","Top3Acceptability",0.43216666666666664
"Polarized",7,51,0.15,"2/3",1.5849625007211563,2000,"{1, 2, 3}","Automatic",0.5,"Borda","NeverFirstRate",0.
"Polarized",7,51,0.15,"2/3",1.5849625007211563,2000,"{1, 2, 3}","Automatic",0.5,"Borda","NoiseFlipRate",0.047
"Polarized",7,51,0.15,"2/3",1.5849625007211563,2000,"{1, 2, 3}","Automatic",0.5,"Borda","CondorcetExistRate",0.773
"Polarized",7,51,0.15,"2/3",1.5849625007211563,2000,"{1, 2, 3}","Automatic",0.5,"Borda","CondorcetEfficiency",0.5640362225097024
"Polarized",7,51,0.15,"2/3",1.5849625007211563,2000,"{1, 2, 3}","Automatic",0.5,"Borda","MidScore",0.5804999999999999
"Polarized",7,51,0.15,"2/3",1.5849625007211563,2000,"{1, 2, 3}","Automatic",0.5,"Borda","Top1Acceptability",0.14255882352941152
"Polarized",7,51,0.15,"2/3",1.5849625007211563,2000,"{1, 2, 3}","Automatic",0.5,"Borda","Top2Acceptability",0.5574803921568627
"Polarized",7,51,0.15,"2/3",1.5849625007211563,2000,"{1, 2, 3}","Automatic",0.5,"Borda","Top3Acceptability",0.7065686274509801
"Polarized",7,51,0.15,"2/3",1.5849625007211563,2000,"{1, 2, 3}","Automatic",0.5,"Plurality","NeverFirstRate",0.
"Polarized",7,51,0.15,"2/3",1.5849625007211563,2000,"{1, 2, 3}","Automatic",0.5,"Plurality","NoiseFlipRate",0.224
"Polarized",7,51,0.15,"2/3",1.5849625007211563,2000,"{1, 2, 3}","Automatic",0.5,"Plurality","CondorcetExistRate",0.773
"Polarized",7,51,0.15,"2/3",1.5849625007211563,2000,"{1, 2, 3}","Automatic",0.5,"Plurality","CondorcetEfficiency",0.4411384217335058
"Polarized",7,51,0.15,"2/3",1.5849625007211563,2000,"{1, 2, 3}","Automatic",0.5,"Plurality","MidScore",0.0035
"Polarized",7,51,0.15,"2/3",1.5849625007211563,2000,"{1, 2, 3}","Automatic",0.5,"Plurality","Top1Acceptability",0.327019607843137
"Polarized",7,51,0.15,"2/3",1.5849625007211563,2000,"{1, 2, 3}","Automatic",0.5,"Plurality","Top2Acceptability",0.4302156862745096
"Polarized",7,51,0.15,"2/3",1.5849625007211563,2000,"{1, 2, 3}","Automatic",0.5,"Plurality","Top3Acceptability",0.5058039215686274
"Polarized",7,51,0.15,"2/3",1.5849625007211563,2000,"{1, 2, 3}","Automatic",0.5,"Coombs","NeverFirstRate",0.
"Polarized",7,51,0.15,"2/3",1.5849625007211563,2000,"{1, 2, 3}","Automatic",0.5,"Coombs","NoiseFlipRate",0.1815
"Polarized",7,51,0.15,"2/3",1.5849625007211563,2000,"{1, 2, 3}","Automatic",0.5,"Coombs","CondorcetExistRate",0.773
"Polarized",7,51,0.15,"2/3",1.5849625007211563,2000,"{1, 2, 3}","Automatic",0.5,"Coombs","CondorcetEfficiency",0.871927554980595
"Polarized",7,51,0.15,"2/3",1.5849625007211563,2000,"{1, 2, 3}","Automatic",0.5,"Coombs","MidScore",0.4123333333333334
"Polarized",7,51,0.15,"2/3",1.5849625007211563,2000,"{1, 2, 3}","Automatic",0.5,"Coombs","Top1Acceptability",0.20689215686274476
"Polarized",7,51,0.15,"2/3",1.5849625007211563,2000,"{1, 2, 3}","Automatic",0.5,"Coombs","Top2Acceptability",0.5401862745098038
"Polarized",7,51,0.15,"2/3",1.5849625007211563,2000,"{1, 2, 3}","Automatic",0.5,"Coombs","Top3Acceptability",0.6606078431372547
"Polarized",7,51,0.15,"2/3",1.5849625007211563,2000,"{1, 2, 3}","Automatic",0.5,"QR","NeverFirstRate",0.0015
"Polarized",7,51,0.15,"2/3",1.5849625007211563,2000,"{1, 2, 3}","Automatic",0.5,"QR","NoiseFlipRate",0.1665
"Polarized",7,51,0.15,"2/3",1.5849625007211563,2000,"{1, 2, 3}","Automatic",0.5,"QR","CondorcetExistRate",0.773
"Polarized",7,51,0.15,"2/3",1.5849625007211563,2000,"{1, 2, 3}","Automatic",0.5,"QR","CondorcetEfficiency",0.46054333764553684
"Polarized",7,51,0.15,"2/3",1.5849625007211563,2000,"{1, 2, 3}","Automatic",0.5,"QR","MidScore",0.6008333333333332
"Polarized",7,51,0.15,"2/3",1.5849625007211563,2000,"{1, 2, 3}","Automatic",0.5,"QR","Top1Acceptability",0.12952941176470562
"Polarized",7,51,0.15,"2/3",1.5849625007211563,2000,"{1, 2, 3}","Automatic",0.5,"QR","Top2Acceptability",0.48997058823529427
"Polarized",7,51,0.15,"2/3",1.5849625007211563,2000,"{1, 2, 3}","Automatic",0.5,"QR","Top3Acceptability",0.7012352941176466
"Polarized",7,51,0.15,"2/3",1.5849625007211563,2000,"{1, 2, 3}","Automatic",0.5,"SDM","NeverFirstRate",0.001
"Polarized",7,51,0.15,"2/3",1.5849625007211563,2000,"{1, 2, 3}","Automatic",0.5,"SDM","NoiseFlipRate",0.0575
"Polarized",7,51,0.15,"2/3",1.5849625007211563,2000,"{1, 2, 3}","Automatic",0.5,"SDM","CondorcetExistRate",0.773
"Polarized",7,51,0.15,"2/3",1.5849625007211563,2000,"{1, 2, 3}","Automatic",0.5,"SDM","CondorcetEfficiency",0.5239327296248383
"Polarized",7,51,0.15,"2/3",1.5849625007211563,2000,"{1, 2, 3}","Automatic",0.5,"SDM","MidScore",0.591
"Polarized",7,51,0.15,"2/3",1.5849625007211563,2000,"{1, 2, 3}","Automatic",0.5,"SDM","Top1Acceptability",0.13482352941176448
"Polarized",7,51,0.15,"2/3",1.5849625007211563,2000,"{1, 2, 3}","Automatic",0.5,"SDM","Top2Acceptability",0.5337941176470589
"Polarized",7,51,0.15,"2/3",1.5849625007211563,2000,"{1, 2, 3}","Automatic",0.5,"SDM","Top3Acceptability",0.7077745098039213
"Polarized",7,51,0.15,"2/3",1.5849625007211563,2000,"{1, 2, 3}","Automatic",0.5,"Fallback","NeverFirstRate",0.009
"Polarized",7,51,0.15,"2/3",1.5849625007211563,2000,"{1, 2, 3}","Automatic",0.5,"Fallback","NoiseFlipRate",0.8235
"Polarized",7,51,0.15,"2/3",1.5849625007211563,2000,"{1, 2, 3}","Automatic",0.5,"Fallback","CondorcetExistRate",0.773
"Polarized",7,51,0.15,"2/3",1.5849625007211563,2000,"{1, 2, 3}","Automatic",0.5,"Fallback","CondorcetEfficiency",0.1610608020698577
"Polarized",7,51,0.15,"2/3",1.5849625007211563,2000,"{1, 2, 3}","Automatic",0.5,"Fallback","MidScore",0.44116666666666676
"Polarized",7,51,0.15,"2/3",1.5849625007211563,2000,"{1, 2, 3}","Automatic",0.5,"Fallback","Top1Acceptability",0.14275490196078414
"Polarized",7,51,0.15,"2/3",1.5849625007211563,2000,"{1, 2, 3}","Automatic",0.5,"Fallback","Top2Acceptability",0.29040196078431346
"Polarized",7,51,0.15,"2/3",1.5849625007211563,2000,"{1, 2, 3}","Automatic",0.5,"Fallback","Top3Acceptability",0.43854901960784315
"Polarized",7,51,0.15,"2/3",1.5849625007211563,2000,"{1, 2, 3}","Automatic",0.6000000000000001,"Borda","NeverFirstRate",0.
"Polarized",7,51,0.15,"2/3",1.5849625007211563,2000,"{1, 2, 3}","Automatic",0.6000000000000001,"Borda","NoiseFlipRate",0.026
"Polarized",7,51,0.15,"2/3",1.5849625007211563,2000,"{1, 2, 3}","Automatic",0.6000000000000001,"Borda","CondorcetExistRate",0.797
"Polarized",7,51,0.15,"2/3",1.5849625007211563,2000,"{1, 2, 3}","Automatic",0.6000000000000001,"Borda","CondorcetEfficiency",0.5734002509410289
"Polarized",7,51,0.15,"2/3",1.5849625007211563,2000,"{1, 2, 3}","Automatic",0.6000000000000001,"Borda","MidScore",0.5998333333333333
"Polarized",7,51,0.15,"2/3",1.5849625007211563,2000,"{1, 2, 3}","Automatic",0.6000000000000001,"Borda","Top1Acceptability",0.13682352941176446
"Polarized",7,51,0.15,"2/3",1.5849625007211563,2000,"{1, 2, 3}","Automatic",0.6000000000000001,"Borda","Top2Acceptability",0.6185392156862745
"Polarized",7,51,0.15,"2/3",1.5849625007211563,2000,"{1, 2, 3}","Automatic",0.6000000000000001,"Borda","Top3Acceptability",0.7579803921568623
"Polarized",7,51,0.15,"2/3",1.5849625007211563,2000,"{1, 2, 3}","Automatic",0.6000000000000001,"Plurality","NeverFirstRate",0.
"Polarized",7,51,0.15,"2/3",1.5849625007211563,2000,"{1, 2, 3}","Automatic",0.6000000000000001,"Plurality","NoiseFlipRate",0.2185
"Polarized",7,51,0.15,"2/3",1.5849625007211563,2000,"{1, 2, 3}","Automatic",0.6000000000000001,"Plurality","CondorcetExistRate",0.797
"Polarized",7,51,0.15,"2/3",1.5849625007211563,2000,"{1, 2, 3}","Automatic",0.6000000000000001,"Plurality","CondorcetEfficiency",0.41530740276035133
"Polarized",7,51,0.15,"2/3",1.5849625007211563,2000,"{1, 2, 3}","Automatic",0.6000000000000001,"Plurality","MidScore",0.0015
"Polarized",7,51,0.15,"2/3",1.5849625007211563,2000,"{1, 2, 3}","Automatic",0.6000000000000001,"Plurality","Top1Acceptability",0.35488235294117626
"Polarized",7,51,0.15,"2/3",1.5849625007211563,2000,"{1, 2, 3}","Automatic",0.6000000000000001,"Plurality","Top2Acceptability",0.45039215686274486
"Polarized",7,51,0.15,"2/3",1.5849625007211563,2000,"{1, 2, 3}","Automatic",0.6000000000000001,"Plurality","Top3Acceptability",0.5128823529411763
"Polarized",7,51,0.15,"2/3",1.5849625007211563,2000,"{1, 2, 3}","Automatic",0.6000000000000001,"Coombs","NeverFirstRate",0.
"Polarized",7,51,0.15,"2/3",1.5849625007211563,2000,"{1, 2, 3}","Automatic",0.6000000000000001,"Coombs","NoiseFlipRate",0.1935
"Polarized",7,51,0.15,"2/3",1.5849625007211563,2000,"{1, 2, 3}","Automatic",0.6000000000000001,"Coombs","CondorcetExistRate",0.797
"Polarized",7,51,0.15,"2/3",1.5849625007211563,2000,"{1, 2, 3}","Automatic",0.6000000000000001,"Coombs","CondorcetEfficiency",0.9008782936010038
"Polarized",7,51,0.15,"2/3",1.5849625007211563,2000,"{1, 2, 3}","Automatic",0.6000000000000001,"Coombs","MidScore",0.4256666666666667
"Polarized",7,51,0.15,"2/3",1.5849625007211563,2000,"{1, 2, 3}","Automatic",0.6000000000000001,"Coombs","Top1Acceptability",0.2142450980392153
"Polarized",7,51,0.15,"2/3",1.5849625007211563,2000,"{1, 2, 3}","Automatic",0.6000000000000001,"Coombs","Top2Acceptability",0.5883529411764705
"Polarized",7,51,0.15,"2/3",1.5849625007211563,2000,"{1, 2, 3}","Automatic",0.6000000000000001,"Coombs","Top3Acceptability",0.701519607843137
"Polarized",7,51,0.15,"2/3",1.5849625007211563,2000,"{1, 2, 3}","Automatic",0.6000000000000001,"QR","NeverFirstRate",0.0005
"Polarized",7,51,0.15,"2/3",1.5849625007211563,2000,"{1, 2, 3}","Automatic",0.6000000000000001,"QR","NoiseFlipRate",0.1225
"Polarized",7,51,0.15,"2/3",1.5849625007211563,2000,"{1, 2, 3}","Automatic",0.6000000000000001,"QR","CondorcetExistRate",0.797
"Polarized",7,51,0.15,"2/3",1.5849625007211563,2000,"{1, 2, 3}","Automatic",0.6000000000000001,"QR","CondorcetEfficiency",0.5131744040150564
"Polarized",7,51,0.15,"2/3",1.5849625007211563,2000,"{1, 2, 3}","Automatic",0.6000000000000001,"QR","MidScore",0.6005
"Polarized",7,51,0.15,"2/3",1.5849625007211563,2000,"{1, 2, 3}","Automatic",0.6000000000000001,"QR","Top1Acceptability",0.12938235294117623
"Polarized",7,51,0.15,"2/3",1.5849625007211563,2000,"{1, 2, 3}","Automatic",0.6000000000000001,"QR","Top2Acceptability",0.570156862745098
"Polarized",7,51,0.15,"2/3",1.5849625007211563,2000,"{1, 2, 3}","Automatic",0.6000000000000001,"QR","Top3Acceptability",0.7619999999999996
"Polarized",7,51,0.15,"2/3",1.5849625007211563,2000,"{1, 2, 3}","Automatic",0.6000000000000001,"SDM","NeverFirstRate",0.0005
"Polarized",7,51,0.15,"2/3",1.5849625007211563,2000,"{1, 2, 3}","Automatic",0.6000000000000001,"SDM","NoiseFlipRate",0.044
"Polarized",7,51,0.15,"2/3",1.5849625007211563,2000,"{1, 2, 3}","Automatic",0.6000000000000001,"SDM","CondorcetExistRate",0.797
"Polarized",7,51,0.15,"2/3",1.5849625007211563,2000,"{1, 2, 3}","Automatic",0.6000000000000001,"SDM","CondorcetEfficiency",0.5545796737766625
"Polarized",7,51,0.15,"2/3",1.5849625007211563,2000,"{1, 2, 3}","Automatic",0.6000000000000001,"SDM","MidScore",0.6031666666666667
"Polarized",7,51,0.15,"2/3",1.5849625007211563,2000,"{1, 2, 3}","Automatic",0.6000000000000001,"SDM","Top1Acceptability",0.13242156862745078
"Polarized",7,51,0.15,"2/3",1.5849625007211563,2000,"{1, 2, 3}","Automatic",0.6000000000000001,"SDM","Top2Acceptability",0.5982058823529411
"Polarized",7,51,0.15,"2/3",1.5849625007211563,2000,"{1, 2, 3}","Automatic",0.6000000000000001,"SDM","Top3Acceptability",0.75935294117647
"Polarized",7,51,0.15,"2/3",1.5849625007211563,2000,"{1, 2, 3}","Automatic",0.6000000000000001,"Fallback","NeverFirstRate",0.019
"Polarized",7,51,0.15,"2/3",1.5849625007211563,2000,"{1, 2, 3}","Automatic",0.6000000000000001,"Fallback","NoiseFlipRate",0.8
"Polarized",7,51,0.15,"2/3",1.5849625007211563,2000,"{1, 2, 3}","Automatic",0.6000000000000001,"Fallback","CondorcetExistRate",0.797
"Polarized",7,51,0.15,"2/3",1.5849625007211563,2000,"{1, 2, 3}","Automatic",0.6000000000000001,"Fallback","CondorcetEfficiency",0.14366373902132998
"Polarized",7,51,0.15,"2/3",1.5849625007211563,2000,"{1, 2, 3}","Automatic",0.6000000000000001,"Fallback","MidScore",0.45699999999999996
"Polarized",7,51,0.15,"2/3",1.5849625007211563,2000,"{1, 2, 3}","Automatic",0.6000000000000001,"Fallback","Top1Acceptability",0.1340098039215685
"Polarized",7,51,0.15,"2/3",1.5849625007211563,2000,"{1, 2, 3}","Automatic",0.6000000000000001,"Fallback","Top2Acceptability",0.2852745098039214
"Polarized",7,51,0.15,"2/3",1.5849625007211563,2000,"{1, 2, 3}","Automatic",0.6000000000000001,"Fallback","Top3Acceptability",0.441343137254902
"Polarized",7,51,0.15,"2/3",1.5849625007211563,2000,"{1, 2, 3}","Automatic",0.7000000000000001,"Borda","NeverFirstRate",0.
"Polarized",7,51,0.15,"2/3",1.5849625007211563,2000,"{1, 2, 3}","Automatic",0.7000000000000001,"Borda","NoiseFlipRate",0.0105
"Polarized",7,51,0.15,"2/3",1.5849625007211563,2000,"{1, 2, 3}","Automatic",0.7000000000000001,"Borda","CondorcetExistRate",0.8655
"Polarized",7,51,0.15,"2/3",1.5849625007211563,2000,"{1, 2, 3}","Automatic",0.7000000000000001,"Borda","CondorcetEfficiency",0.6169844020797227
"Polarized",7,51,0.15,"2/3",1.5849625007211563,2000,"{1, 2, 3}","Automatic",0.7000000000000001,"Borda","MidScore",0.5941666666666666
"Polarized",7,51,0.15,"2/3",1.5849625007211563,2000,"{1, 2, 3}","Automatic",0.7000000000000001,"Borda","Top1Acceptability",0.13515686274509778
"Polarized",7,51,0.15,"2/3",1.5849625007211563,2000,"{1, 2, 3}","Automatic",0.7000000000000001,"Borda","Top2Acceptability",0.6810294117647057
"Polarized",7,51,0.15,"2/3",1.5849625007211563,2000,"{1, 2, 3}","Automatic",0.7000000000000001,"Borda","Top3Acceptability",0.8134607843137247
"Polarized",7,51,0.15,"2/3",1.5849625007211563,2000,"{1, 2, 3}","Automatic",0.7000000000000001,"Plurality","NeverFirstRate",0.
"Polarized",7,51,0.15,"2/3",1.5849625007211563,2000,"{1, 2, 3}","Automatic",0.7000000000000001,"Plurality","NoiseFlipRate",0.1925
"Polarized",7,51,0.15,"2/3",1.5849625007211563,2000,"{1, 2, 3}","Automatic",0.7000000000000001,"Plurality","CondorcetExistRate",0.8655
"Polarized",7,51,0.15,"2/3",1.5849625007211563,2000,"{1, 2, 3}","Automatic",0.7000000000000001,"Plurality","CondorcetEfficiency",0.37261698440207974
"Polarized",7,51,0.15,"2/3",1.5849625007211563,2000,"{1, 2, 3}","Automatic",0.7000000000000001,"Plurality","MidScore",0.0005
"Polarized",7,51,0.15,"2/3",1.5849625007211563,2000,"{1, 2, 3}","Automatic",0.7000000000000001,"Plurality","Top1Acceptability",0.38424509803921547
"Polarized",7,51,0.15,"2/3",1.5849625007211563,2000,"{1, 2, 3}","Automatic",0.7000000000000001,"Plurality","Top2Acceptability",0.47054901960784284
"Polarized",7,51,0.15,"2/3",1.5849625007211563,2000,"{1, 2, 3}","Automatic",0.7000000000000001,"Plurality","Top3Acceptability",0.5199901960784313
"Polarized",7,51,0.15,"2/3",1.5849625007211563,2000,"{1, 2, 3}","Automatic",0.7000000000000001,"Coombs","NeverFirstRate",0.
"Polarized",7,51,0.15,"2/3",1.5849625007211563,2000,"{1, 2, 3}","Automatic",0.7000000000000001,"Coombs","NoiseFlipRate",0.1775
"Polarized",7,51,0.15,"2/3",1.5849625007211563,2000,"{1, 2, 3}","Automatic",0.7000000000000001,"Coombs","CondorcetExistRate",0.8655
"Polarized",7,51,0.15,"2/3",1.5849625007211563,2000,"{1, 2, 3}","Automatic",0.7000000000000001,"Coombs","CondorcetEfficiency",0.9116117850953206
"Polarized",7,51,0.15,"2/3",1.5849625007211563,2000,"{1, 2, 3}","Automatic",0.7000000000000001,"Coombs","MidScore",0.42816666666666664
"Polarized",7,51,0.15,"2/3",1.5849625007211563,2000,"{1, 2, 3}","Automatic",0.7000000000000001,"Coombs","Top1Acceptability",0.2183823529411761
"Polarized",7,51,0.15,"2/3",1.5849625007211563,2000,"{1, 2, 3}","Automatic",0.7000000000000001,"Coombs","Top2Acceptability",0.6398823529411761
"Polarized",7,51,0.15,"2/3",1.5849625007211563,2000,"{1, 2, 3}","Automatic",0.7000000000000001,"Coombs","Top3Acceptability",0.747490196078431
"Polarized",7,51,0.15,"2/3",1.5849625007211563,2000,"{1, 2, 3}","Automatic",0.7000000000000001,"QR","NeverFirstRate",0.001
"Polarized",7,51,0.15,"2/3",1.5849625007211563,2000,"{1, 2, 3}","Automatic",0.7000000000000001,"QR","NoiseFlipRate",0.0705
"Polarized",7,51,0.15,"2/3",1.5849625007211563,2000,"{1, 2, 3}","Automatic",0.7000000000000001,"QR","CondorcetExistRate",0.8655
"Polarized",7,51,0.15,"2/3",1.5849625007211563,2000,"{1, 2, 3}","Automatic",0.7000000000000001,"QR","CondorcetEfficiency",0.5892547660311959
"Polarized",7,51,0.15,"2/3",1.5849625007211563,2000,"{1, 2, 3}","Automatic",0.7000000000000001,"QR","MidScore",0.6005
"Polarized",7,51,0.15,"2/3",1.5849625007211563,2000,"{1, 2, 3}","Automatic",0.7000000000000001,"QR","Top1Acceptability",0.13077450980392133
"Polarized",7,51,0.15,"2/3",1.5849625007211563,2000,"{1, 2, 3}","Automatic",0.7000000000000001,"QR","Top2Acceptability",0.6573725490196075
"Polarized",7,51,0.15,"2/3",1.5849625007211563,2000,"{1, 2, 3}","Automatic",0.7000000000000001,"QR","Top3Acceptability",0.8160294117647052
"Polarized",7,51,0.15,"2/3",1.5849625007211563,2000,"{1, 2, 3}","Automatic",0.7000000000000001,"SDM","NeverFirstRate",0.
"Polarized",7,51,0.15,"2/3",1.5849625007211563,2000,"{1, 2, 3}","Automatic",0.7000000000000001,"SDM","NoiseFlipRate",0.021
"Polarized",7,51,0.15,"2/3",1.5849625007211563,2000,"{1, 2, 3}","Automatic",0.7000000000000001,"SDM","CondorcetExistRate",0.8655
"Polarized",7,51,0.15,"2/3",1.5849625007211563,2000,"{1, 2, 3}","Automatic",0.7000000000000001,"SDM","CondorcetEfficiency",0.6042749855574813
"Polarized",7,51,0.15,"2/3",1.5849625007211563,2000,"{1, 2, 3}","Automatic",0.7000000000000001,"SDM","MidScore",0.5986666666666667
"Polarized",7,51,0.15,"2/3",1.5849625007211563,2000,"{1, 2, 3}","Automatic",0.7000000000000001,"SDM","Top1Acceptability",0.1328333333333331
"Polarized",7,51,0.15,"2/3",1.5849625007211563,2000,"{1, 2, 3}","Automatic",0.7000000000000001,"SDM","Top2Acceptability",0.6699999999999997
"Polarized",7,51,0.15,"2/3",1.5849625007211563,2000,"{1, 2, 3}","Automatic",0.7000000000000001,"SDM","Top3Acceptability",0.814745098039215
"Polarized",7,51,0.15,"2/3",1.5849625007211563,2000,"{1, 2, 3}","Automatic",0.7000000000000001,"Fallback","NeverFirstRate",0.0385
"Polarized",7,51,0.15,"2/3",1.5849625007211563,2000,"{1, 2, 3}","Automatic",0.7000000000000001,"Fallback","NoiseFlipRate",0.7015
"Polarized",7,51,0.15,"2/3",1.5849625007211563,2000,"{1, 2, 3}","Automatic",0.7000000000000001,"Fallback","CondorcetExistRate",0.8655
"Polarized",7,51,0.15,"2/3",1.5849625007211563,2000,"{1, 2, 3}","Automatic",0.7000000000000001,"Fallback","CondorcetEfficiency",0.16291161178509533
"Polarized",7,51,0.15,"2/3",1.5849625007211563,2000,"{1, 2, 3}","Automatic",0.7000000000000001,"Fallback","MidScore",0.49783333333333335
"Polarized",7,51,0.15,"2/3",1.5849625007211563,2000,"{1, 2, 3}","Automatic",0.7000000000000001,"Fallback","Top1Acceptability",0.12135294117647048
"Polarized",7,51,0.15,"2/3",1.5849625007211563,2000,"{1, 2, 3}","Automatic",0.7000000000000001,"Fallback","Top2Acceptability",0.29109803921568617
"Polarized",7,51,0.15,"2/3",1.5849625007211563,2000,"{1, 2, 3}","Automatic",0.7000000000000001,"Fallback","Top3Acceptability",0.4709607843137255
"Polarized",7,51,0.15,"2/3",1.5849625007211563,2000,"{1, 2, 3}","Automatic",0.8,"Borda","NeverFirstRate",0.001
"Polarized",7,51,0.15,"2/3",1.5849625007211563,2000,"{1, 2, 3}","Automatic",0.8,"Borda","NoiseFlipRate",0.001
"Polarized",7,51,0.15,"2/3",1.5849625007211563,2000,"{1, 2, 3}","Automatic",0.8,"Borda","CondorcetExistRate",0.927
"Polarized",7,51,0.15,"2/3",1.5849625007211563,2000,"{1, 2, 3}","Automatic",0.8,"Borda","CondorcetEfficiency",0.5997842502696872
"Polarized",7,51,0.15,"2/3",1.5849625007211563,2000,"{1, 2, 3}","Automatic",0.8,"Borda","MidScore",0.5978333333333333
"Polarized",7,51,0.15,"2/3",1.5849625007211563,2000,"{1, 2, 3}","Automatic",0.8,"Borda","Top1Acceptability",0.13087254901960763
"Polarized",7,51,0.15,"2/3",1.5849625007211563,2000,"{1, 2, 3}","Automatic",0.8,"Borda","Top2Acceptability",0.7403921568627445
"Polarized",7,51,0.15,"2/3",1.5849625007211563,2000,"{1, 2, 3}","Automatic",0.8,"Borda","Top3Acceptability",0.8690196078431364
"Polarized",7,51,0.15,"2/3",1.5849625007211563,2000,"{1, 2, 3}","Automatic",0.8,"Plurality","NeverFirstRate",0.
"Polarized",7,51,0.15,"2/3",1.5849625007211563,2000,"{1, 2, 3}","Automatic",0.8,"Plurality","NoiseFlipRate",0.1755
"Polarized",7,51,0.15,"2/3",1.5849625007211563,2000,"{1, 2, 3}","Automatic",0.8,"Plurality","CondorcetExistRate",0.927
"Polarized",7,51,0.15,"2/3",1.5849625007211563,2000,"{1, 2, 3}","Automatic",0.8,"Plurality","CondorcetEfficiency",0.395361380798274
"Polarized",7,51,0.15,"2/3",1.5849625007211563,2000,"{1, 2, 3}","Automatic",0.8,"Plurality","MidScore",0.0001666666666666667
"Polarized",7,51,0.15,"2/3",1.5849625007211563,2000,"{1, 2, 3}","Automatic",0.8,"Plurality","Top1Acceptability",0.4180588235294115
"Polarized",7,51,0.15,"2/3",1.5849625007211563,2000,"{1, 2, 3}","Automatic",0.8,"Plurality","Top2Acceptability",0.49797058823529405
"Polarized",7,51,0.15,"2/3",1.5849625007211563,2000,"{1, 2, 3}","Automatic",0.8,"Plurality","Top3Acceptability",0.5326470588235293
"Polarized",7,51,0.15,"2/3",1.5849625007211563,2000,"{1, 2, 3}","Automatic",0.8,"Coombs","NeverFirstRate",0.
"Polarized",7,51,0.15,"2/3",1.5849625007211563,2000,"{1, 2, 3}","Automatic",0.8,"Coombs","NoiseFlipRate",0.2015
"Polarized",7,51,0.15,"2/3",1.5849625007211563,2000,"{1, 2, 3}","Automatic",0.8,"Coombs","CondorcetExistRate",0.927
"Polarized",7,51,0.15,"2/3",1.5849625007211563,2000,"{1, 2, 3}","Automatic",0.8,"Coombs","CondorcetEfficiency",0.9050701186623517
"Polarized",7,51,0.15,"2/3",1.5849625007211563,2000,"{1, 2, 3}","Automatic",0.8,"Coombs","MidScore",0.42366666666666664
"Polarized",7,51,0.15,"2/3",1.5849625007211563,2000,"{1, 2, 3}","Automatic",0.8,"Coombs","Top1Acceptability",0.23201960784313688
"Polarized",7,51,0.15,"2/3",1.5849625007211563,2000,"{1, 2, 3}","Automatic",0.8,"Coombs","Top2Acceptability",0.6851666666666663
"Polarized",7,51,0.15,"2/3",1.5849625007211563,2000,"{1, 2, 3}","Automatic",0.8,"Coombs","Top3Acceptability",0.7866372549019602
"Polarized",7,51,0.15,"2/3",1.5849625007211563,2000,"{1, 2, 3}","Automatic",0.8,"QR","NeverFirstRate",0.002
"Polarized",7,51,0.15,"2/3",1.5849625007211563,2000,"{1, 2, 3}","Automatic",0.8,"QR","NoiseFlipRate",0.0225
"Polarized",7,51,0.15,"2/3",1.5849625007211563,2000,"{1, 2, 3}","Automatic",0.8,"QR","CondorcetExistRate",0.927
"Polarized",7,51,0.15,"2/3",1.5849625007211563,2000,"{1, 2, 3}","Automatic",0.8,"QR","CondorcetEfficiency",0.5943905070118662
"Polarized",7,51,0.15,"2/3",1.5849625007211563,2000,"{1, 2, 3}","Automatic",0.8,"QR","MidScore",0.5968333333333334
"Polarized",7,51,0.15,"2/3",1.5849625007211563,2000,"{1, 2, 3}","Automatic",0.8,"QR","Top1Acceptability",0.130362745098039
"Polarized",7,51,0.15,"2/3",1.5849625007211563,2000,"{1, 2, 3}","Automatic",0.8,"QR","Top2Acceptability",0.7342450980392152
"Polarized",7,51,0.15,"2/3",1.5849625007211563,2000,"{1, 2, 3}","Automatic",0.8,"QR","Top3Acceptability",0.8695392156862737
"Polarized",7,51,0.15,"2/3",1.5849625007211563,2000,"{1, 2, 3}","Automatic",0.8,"SDM","NeverFirstRate",0.001
"Polarized",7,51,0.15,"2/3",1.5849625007211563,2000,"{1, 2, 3}","Automatic",0.8,"SDM","NoiseFlipRate",0.008
"Polarized",7,51,0.15,"2/3",1.5849625007211563,2000,"{1, 2, 3}","Automatic",0.8,"SDM","CondorcetExistRate",0.927
"Polarized",7,51,0.15,"2/3",1.5849625007211563,2000,"{1, 2, 3}","Automatic",0.8,"SDM","CondorcetEfficiency",0.5981661272923409
"Polarized",7,51,0.15,"2/3",1.5849625007211563,2000,"{1, 2, 3}","Automatic",0.8,"SDM","MidScore",0.5971666666666667
"Polarized",7,51,0.15,"2/3",1.5849625007211563,2000,"{1, 2, 3}","Automatic",0.8,"SDM","Top1Acceptability",0.13066666666666646
"Polarized",7,51,0.15,"2/3",1.5849625007211563,2000,"{1, 2, 3}","Automatic",0.8,"SDM","Top2Acceptability",0.7369509803921565
"Polarized",7,51,0.15,"2/3",1.5849625007211563,2000,"{1, 2, 3}","Automatic",0.8,"SDM","Top3Acceptability",0.8693039215686266
"Polarized",7,51,0.15,"2/3",1.5849625007211563,2000,"{1, 2, 3}","Automatic",0.8,"Fallback","NeverFirstRate",0.1
"Polarized",7,51,0.15,"2/3",1.5849625007211563,2000,"{1, 2, 3}","Automatic",0.8,"Fallback","NoiseFlipRate",0.56
"Polarized",7,51,0.15,"2/3",1.5849625007211563,2000,"{1, 2, 3}","Automatic",0.8,"Fallback","CondorcetExistRate",0.927
"Polarized",7,51,0.15,"2/3",1.5849625007211563,2000,"{1, 2, 3}","Automatic",0.8,"Fallback","CondorcetEfficiency",0.19147788565264293
"Polarized",7,51,0.15,"2/3",1.5849625007211563,2000,"{1, 2, 3}","Automatic",0.8,"Fallback","MidScore",0.5195
"Polarized",7,51,0.15,"2/3",1.5849625007211563,2000,"{1, 2, 3}","Automatic",0.8,"Fallback","Top1Acceptability",0.10161764705882345
"Polarized",7,51,0.15,"2/3",1.5849625007211563,2000,"{1, 2, 3}","Automatic",0.8,"Fallback","Top2Acceptability",0.3093333333333333
"Polarized",7,51,0.15,"2/3",1.5849625007211563,2000,"{1, 2, 3}","Automatic",0.8,"Fallback","Top3Acceptability",0.5224411764705881
"Polarized",7,51,0.15,"2/3",1.5849625007211563,2000,"{1, 2, 3}","Automatic",0.9,"Borda","NeverFirstRate",0.0005
"Polarized",7,51,0.15,"2/3",1.5849625007211563,2000,"{1, 2, 3}","Automatic",0.9,"Borda","NoiseFlipRate",0.
"Polarized",7,51,0.15,"2/3",1.5849625007211563,2000,"{1, 2, 3}","Automatic",0.9,"Borda","CondorcetExistRate",0.9665
"Polarized",7,51,0.15,"2/3",1.5849625007211563,2000,"{1, 2, 3}","Automatic",0.9,"Borda","CondorcetEfficiency",0.6316606311433006
"Polarized",7,51,0.15,"2/3",1.5849625007211563,2000,"{1, 2, 3}","Automatic",0.9,"Borda","MidScore",0.59
"Polarized",7,51,0.15,"2/3",1.5849625007211563,2000,"{1, 2, 3}","Automatic",0.9,"Borda","Top1Acceptability",0.13010784313725465
"Polarized",7,51,0.15,"2/3",1.5849625007211563,2000,"{1, 2, 3}","Automatic",0.9,"Borda","Top2Acceptability",0.7968627450980387
"Polarized",7,51,0.15,"2/3",1.5849625007211563,2000,"{1, 2, 3}","Automatic",0.9,"Borda","Top3Acceptability",0.9216764705882342
"Polarized",7,51,0.15,"2/3",1.5849625007211563,2000,"{1, 2, 3}","Automatic",0.9,"Plurality","NeverFirstRate",0.
"Polarized",7,51,0.15,"2/3",1.5849625007211563,2000,"{1, 2, 3}","Automatic",0.9,"Plurality","NoiseFlipRate",0.1795
"Polarized",7,51,0.15,"2/3",1.5849625007211563,2000,"{1, 2, 3}","Automatic",0.9,"Plurality","CondorcetExistRate",0.9665
"Polarized",7,51,0.15,"2/3",1.5849625007211563,2000,"{1, 2, 3}","Automatic",0.9,"Plurality","CondorcetEfficiency",0.3662700465597517
"Polarized",7,51,0.15,"2/3",1.5849625007211563,2000,"{1, 2, 3}","Automatic",0.9,"Plurality","MidScore",0.
"Polarized",7,51,0.15,"2/3",1.5849625007211563,2000,"{1, 2, 3}","Automatic",0.9,"Plurality","Top1Acceptability",0.4457941176470586
"Polarized",7,51,0.15,"2/3",1.5849625007211563,2000,"{1, 2, 3}","Automatic",0.9,"Plurality","Top2Acceptability",0.5178333333333334
"Polarized",7,51,0.15,"2/3",1.5849625007211563,2000,"{1, 2, 3}","Automatic",0.9,"Plurality","Top3Acceptability",0.5409117647058824
"Polarized",7,51,0.15,"2/3",1.5849625007211563,2000,"{1, 2, 3}","Automatic",0.9,"Coombs","NeverFirstRate",0.
"Polarized",7,51,0.15,"2/3",1.5849625007211563,2000,"{1, 2, 3}","Automatic",0.9,"Coombs","NoiseFlipRate",0.231
"Polarized",7,51,0.15,"2/3",1.5849625007211563,2000,"{1, 2, 3}","Automatic",0.9,"Coombs","CondorcetExistRate",0.9665
"Polarized",7,51,0.15,"2/3",1.5849625007211563,2000,"{1, 2, 3}","Automatic",0.9,"Coombs","CondorcetEfficiency",0.933781686497672
"Polarized",7,51,0.15,"2/3",1.5849625007211563,2000,"{1, 2, 3}","Automatic",0.9,"Coombs","MidScore",0.41450000000000004
"Polarized",7,51,0.15,"2/3",1.5849625007211563,2000,"{1, 2, 3}","Automatic",0.9,"Coombs","Top1Acceptability",0.24292156862745065
"Polarized",7,51,0.15,"2/3",1.5849625007211563,2000,"{1, 2, 3}","Automatic",0.9,"Coombs","Top2Acceptability",0.7303529411764701
"Polarized",7,51,0.15,"2/3",1.5849625007211563,2000,"{1, 2, 3}","Automatic",0.9,"Coombs","Top3Acceptability",0.8251764705882347
"Polarized",7,51,0.15,"2/3",1.5849625007211563,2000,"{1, 2, 3}","Automatic",0.9,"QR","NeverFirstRate",0.0005
"Polarized",7,51,0.15,"2/3",1.5849625007211563,2000,"{1, 2, 3}","Automatic",0.9,"QR","NoiseFlipRate",0.0055
"Polarized",7,51,0.15,"2/3",1.5849625007211563,2000,"{1, 2, 3}","Automatic",0.9,"QR","CondorcetExistRate",0.9665
"Polarized",7,51,0.15,"2/3",1.5849625007211563,2000,"{1, 2, 3}","Automatic",0.9,"QR","CondorcetEfficiency",0.6301086394205898
"Polarized",7,51,0.15,"2/3",1.5849625007211563,2000,"{1, 2, 3}","Automatic",0.9,"QR","MidScore",0.5896666666666668
"Polarized",7,51,0.15,"2/3",1.5849625007211563,2000,"{1, 2, 3}","Automatic",0.9,"QR","Top1Acceptability",0.13021568627450955
"Polarized",7,51,0.15,"2/3",1.5849625007211563,2000,"{1, 2, 3}","Automatic",0.9,"QR","Top2Acceptability",0.7958921568627445
"Polarized",7,51,0.15,"2/3",1.5849625007211563,2000,"{1, 2, 3}","Automatic",0.9,"QR","Top3Acceptability",0.9216666666666656
"Polarized",7,51,0.15,"2/3",1.5849625007211563,2000,"{1, 2, 3}","Automatic",0.9,"SDM","NeverFirstRate",0.0005
"Polarized",7,51,0.15,"2/3",1.5849625007211563,2000,"{1, 2, 3}","Automatic",0.9,"SDM","NoiseFlipRate",0.003
"Polarized",7,51,0.15,"2/3",1.5849625007211563,2000,"{1, 2, 3}","Automatic",0.9,"SDM","CondorcetExistRate",0.9665
"Polarized",7,51,0.15,"2/3",1.5849625007211563,2000,"{1, 2, 3}","Automatic",0.9,"SDM","CondorcetEfficiency",0.6316606311433006
"Polarized",7,51,0.15,"2/3",1.5849625007211563,2000,"{1, 2, 3}","Automatic",0.9,"SDM","MidScore",0.59
"Polarized",7,51,0.15,"2/3",1.5849625007211563,2000,"{1, 2, 3}","Automatic",0.9,"SDM","Top1Acceptability",0.13010784313725465
"Polarized",7,51,0.15,"2/3",1.5849625007211563,2000,"{1, 2, 3}","Automatic",0.9,"SDM","Top2Acceptability",0.7968627450980387
"Polarized",7,51,0.15,"2/3",1.5849625007211563,2000,"{1, 2, 3}","Automatic",0.9,"SDM","Top3Acceptability",0.9216764705882342
"Polarized",7,51,0.15,"2/3",1.5849625007211563,2000,"{1, 2, 3}","Automatic",0.9,"Fallback","NeverFirstRate",0.168
"Polarized",7,51,0.15,"2/3",1.5849625007211563,2000,"{1, 2, 3}","Automatic",0.9,"Fallback","NoiseFlipRate",0.386
"Polarized",7,51,0.15,"2/3",1.5849625007211563,2000,"{1, 2, 3}","Automatic",0.9,"Fallback","CondorcetExistRate",0.9665
"Polarized",7,51,0.15,"2/3",1.5849625007211563,2000,"{1, 2, 3}","Automatic",0.9,"Fallback","CondorcetEfficiency",0.24521469218830833
"Polarized",7,51,0.15,"2/3",1.5849625007211563,2000,"{1, 2, 3}","Automatic",0.9,"Fallback","MidScore",0.5753333333333333
"Polarized",7,51,0.15,"2/3",1.5849625007211563,2000,"{1, 2, 3}","Automatic",0.9,"Fallback","Top1Acceptability",0.07482352941176464
"Polarized",7,51,0.15,"2/3",1.5849625007211563,2000,"{1, 2, 3}","Automatic",0.9,"Fallback","Top2Acceptability",0.35582352941176487
"Polarized",7,51,0.15,"2/3",1.5849625007211563,2000,"{1, 2, 3}","Automatic",0.9,"Fallback","Top3Acceptability",0.6292352941176469
"Polarized",7,51,0.15,"2/3",1.5849625007211563,2000,"{1, 2, 3}","Automatic",1.,"Borda","NeverFirstRate",0.0005
"Polarized",7,51,0.15,"2/3",1.5849625007211563,2000,"{1, 2, 3}","Automatic",1.,"Borda","NoiseFlipRate",0.
"Polarized",7,51,0.15,"2/3",1.5849625007211563,2000,"{1, 2, 3}","Automatic",1.,"Borda","CondorcetExistRate",0.9925
"Polarized",7,51,0.15,"2/3",1.5849625007211563,2000,"{1, 2, 3}","Automatic",1.,"Borda","CondorcetEfficiency",0.6634760705289673
"Polarized",7,51,0.15,"2/3",1.5849625007211563,2000,"{1, 2, 3}","Automatic",1.,"Borda","MidScore",0.5983333333333333
"Polarized",7,51,0.15,"2/3",1.5849625007211563,2000,"{1, 2, 3}","Automatic",1.,"Borda","Top1Acceptability",0.12787254901960762
"Polarized",7,51,0.15,"2/3",1.5849625007211563,2000,"{1, 2, 3}","Automatic",1.,"Borda","Top2Acceptability",0.853823529411764
"Polarized",7,51,0.15,"2/3",1.5849625007211563,2000,"{1, 2, 3}","Automatic",1.,"Borda","Top3Acceptability",0.9776176470588229
"Polarized",7,51,0.15,"2/3",1.5849625007211563,2000,"{1, 2, 3}","Automatic",1.,"Plurality","NeverFirstRate",0.
"Polarized",7,51,0.15,"2/3",1.5849625007211563,2000,"{1, 2, 3}","Automatic",1.,"Plurality","NoiseFlipRate",0.176
"Polarized",7,51,0.15,"2/3",1.5849625007211563,2000,"{1, 2, 3}","Automatic",1.,"Plurality","CondorcetExistRate",0.9925
"Polarized",7,51,0.15,"2/3",1.5849625007211563,2000,"{1, 2, 3}","Automatic",1.,"Plurality","CondorcetEfficiency",0.33652392947103277
"Polarized",7,51,0.15,"2/3",1.5849625007211563,2000,"{1, 2, 3}","Automatic",1.,"Plurality","MidScore",0.
"Polarized",7,51,0.15,"2/3",1.5849625007211563,2000,"{1, 2, 3}","Automatic",1.,"Plurality","Top1Acceptability",0.47547058823529387
"Polarized",7,51,0.15,"2/3",1.5849625007211563,2000,"{1, 2, 3}","Automatic",1.,"Plurality","Top2Acceptability",0.5392745098039216
"Polarized",7,51,0.15,"2/3",1.5849625007211563,2000,"{1, 2, 3}","Automatic",1.,"Plurality","Top3Acceptability",0.5492450980392157
"Polarized",7,51,0.15,"2/3",1.5849625007211563,2000,"{1, 2, 3}","Automatic",1.,"Coombs","NeverFirstRate",0.0005
"Polarized",7,51,0.15,"2/3",1.5849625007211563,2000,"{1, 2, 3}","Automatic",1.,"Coombs","NoiseFlipRate",0.2455
"Polarized",7,51,0.15,"2/3",1.5849625007211563,2000,"{1, 2, 3}","Automatic",1.,"Coombs","CondorcetExistRate",0.9925
"Polarized",7,51,0.15,"2/3",1.5849625007211563,2000,"{1, 2, 3}","Automatic",1.,"Coombs","CondorcetEfficiency",0.980352644836272
"Polarized",7,51,0.15,"2/3",1.5849625007211563,2000,"{1, 2, 3}","Automatic",1.,"Coombs","MidScore",0.4138333333333334
"Polarized",7,51,0.15,"2/3",1.5849625007211563,2000,"{1, 2, 3}","Automatic",1.,"Coombs","Top1Acceptability",0.26136274509803903
"Polarized",7,51,0.15,"2/3",1.5849625007211563,2000,"{1, 2, 3}","Automatic",1.,"Coombs","Top2Acceptability",0.769774509803921
"Polarized",7,51,0.15,"2/3",1.5849625007211563,2000,"{1, 2, 3}","Automatic",1.,"Coombs","Top3Acceptability",0.857147058823529
"Polarized",7,51,0.15,"2/3",1.5849625007211563,2000,"{1, 2, 3}","Automatic",1.,"QR","NeverFirstRate",0.0005
"Polarized",7,51,0.15,"2/3",1.5849625007211563,2000,"{1, 2, 3}","Automatic",1.,"QR","NoiseFlipRate",0.001
"Polarized",7,51,0.15,"2/3",1.5849625007211563,2000,"{1, 2, 3}","Automatic",1.,"QR","CondorcetExistRate",0.9925
"Polarized",7,51,0.15,"2/3",1.5849625007211563,2000,"{1, 2, 3}","Automatic",1.,"QR","CondorcetEfficiency",0.6634760705289673
"Polarized",7,51,0.15,"2/3",1.5849625007211563,2000,"{1, 2, 3}","Automatic",1.,"QR","MidScore",0.5983333333333333
"Polarized",7,51,0.15,"2/3",1.5849625007211563,2000,"{1, 2, 3}","Automatic",1.,"QR","Top1Acceptability",0.12787254901960762
"Polarized",7,51,0.15,"2/3",1.5849625007211563,2000,"{1, 2, 3}","Automatic",1.,"QR","Top2Acceptability",0.853823529411764
"Polarized",7,51,0.15,"2/3",1.5849625007211563,2000,"{1, 2, 3}","Automatic",1.,"QR","Top3Acceptability",0.9776176470588229
"Polarized",7,51,0.15,"2/3",1.5849625007211563,2000,"{1, 2, 3}","Automatic",1.,"SDM","NeverFirstRate",0.0005
"Polarized",7,51,0.15,"2/3",1.5849625007211563,2000,"{1, 2, 3}","Automatic",1.,"SDM","NoiseFlipRate",0.
"Polarized",7,51,0.15,"2/3",1.5849625007211563,2000,"{1, 2, 3}","Automatic",1.,"SDM","CondorcetExistRate",0.9925
"Polarized",7,51,0.15,"2/3",1.5849625007211563,2000,"{1, 2, 3}","Automatic",1.,"SDM","CondorcetEfficiency",0.6634760705289673
"Polarized",7,51,0.15,"2/3",1.5849625007211563,2000,"{1, 2, 3}","Automatic",1.,"SDM","MidScore",0.5983333333333333
"Polarized",7,51,0.15,"2/3",1.5849625007211563,2000,"{1, 2, 3}","Automatic",1.,"SDM","Top1Acceptability",0.12787254901960762
"Polarized",7,51,0.15,"2/3",1.5849625007211563,2000,"{1, 2, 3}","Automatic",1.,"SDM","Top2Acceptability",0.853823529411764
"Polarized",7,51,0.15,"2/3",1.5849625007211563,2000,"{1, 2, 3}","Automatic",1.,"SDM","Top3Acceptability",0.9776176470588229
"Polarized",7,51,0.15,"2/3",1.5849625007211563,2000,"{1, 2, 3}","Automatic",1.,"Fallback","NeverFirstRate",0.072
"Polarized",7,51,0.15,"2/3",1.5849625007211563,2000,"{1, 2, 3}","Automatic",1.,"Fallback","NoiseFlipRate",0.203
"Polarized",7,51,0.15,"2/3",1.5849625007211563,2000,"{1, 2, 3}","Automatic",1.,"Fallback","CondorcetExistRate",0.9925
"Polarized",7,51,0.15,"2/3",1.5849625007211563,2000,"{1, 2, 3}","Automatic",1.,"Fallback","CondorcetEfficiency",0.5319899244332493
"Polarized",7,51,0.15,"2/3",1.5849625007211563,2000,"{1, 2, 3}","Automatic",1.,"Fallback","MidScore",0.5919999999999999
"Polarized",7,51,0.15,"2/3",1.5849625007211563,2000,"{1, 2, 3}","Automatic",1.,"Fallback","Top1Acceptability",0.10659803921568613
"Polarized",7,51,0.15,"2/3",1.5849625007211563,2000,"{1, 2, 3}","Automatic",1.,"Fallback","Top2Acceptability",0.7192549019607839
"Polarized",7,51,0.15,"2/3",1.5849625007211563,2000,"{1, 2, 3}","Automatic",1.,"Fallback","Top3Acceptability",0.9467549019607837
"Polarized",10,51,0.15,"2/3",1.5849625007211563,2000,"{1, 2, 3}","Automatic",0.,"Borda","NeverFirstRate",0.
"Polarized",10,51,0.15,"2/3",1.5849625007211563,2000,"{1, 2, 3}","Automatic",0.,"Borda","NoiseFlipRate",0.1315
"Polarized",10,51,0.15,"2/3",1.5849625007211563,2000,"{1, 2, 3}","Automatic",0.,"Borda","CondorcetExistRate",0.516
"Polarized",10,51,0.15,"2/3",1.5849625007211563,2000,"{1, 2, 3}","Automatic",0.,"Borda","CondorcetEfficiency",0.8323643410852714
"Polarized",10,51,0.15,"2/3",1.5849625007211563,2000,"{1, 2, 3}","Automatic",0.,"Borda","MidScore",0.43777777777777704
"Polarized",10,51,0.15,"2/3",1.5849625007211563,2000,"{1, 2, 3}","Automatic",0.,"Borda","Top1Acceptability",0.13801960784313702
"Polarized",10,51,0.15,"2/3",1.5849625007211563,2000,"{1, 2, 3}","Automatic",0.,"Borda","Top2Acceptability",0.26487254901960744
"Polarized",10,51,0.15,"2/3",1.5849625007211563,2000,"{1, 2, 3}","Automatic",0.,"Borda","Top3Acceptability",0.3849313725490194
"Polarized",10,51,0.15,"2/3",1.5849625007211563,2000,"{1, 2, 3}","Automatic",0.,"Plurality","NeverFirstRate",0.
"Polarized",10,51,0.15,"2/3",1.5849625007211563,2000,"{1, 2, 3}","Automatic",0.,"Plurality","NoiseFlipRate",0.3815
"Polarized",10,51,0.15,"2/3",1.5849625007211563,2000,"{1, 2, 3}","Automatic",0.,"Plurality","CondorcetExistRate",0.516
"Polarized",10,51,0.15,"2/3",1.5849625007211563,2000,"{1, 2, 3}","Automatic",0.,"Plurality","CondorcetEfficiency",0.3992248062015504
"Polarized",10,51,0.15,"2/3",1.5849625007211563,2000,"{1, 2, 3}","Automatic",0.,"Plurality","MidScore",0.43566666666666604
"Polarized",10,51,0.15,"2/3",1.5849625007211563,2000,"{1, 2, 3}","Automatic",0.,"Plurality","Top1Acceptability",0.17208823529411732
"Polarized",10,51,0.15,"2/3",1.5849625007211563,2000,"{1, 2, 3}","Automatic",0.,"Plurality","Top2Acceptability",0.26500980392156814
"Polarized",10,51,0.15,"2/3",1.5849625007211563,2000,"{1, 2, 3}","Automatic",0.,"Plurality","Top3Acceptability",0.35722549019607824
"Polarized",10,51,0.15,"2/3",1.5849625007211563,2000,"{1, 2, 3}","Automatic",0.,"Coombs","NeverFirstRate",0.0005
"Polarized",10,51,0.15,"2/3",1.5849625007211563,2000,"{1, 2, 3}","Automatic",0.,"Coombs","NoiseFlipRate",0.3625
"Polarized",10,51,0.15,"2/3",1.5849625007211563,2000,"{1, 2, 3}","Automatic",0.,"Coombs","CondorcetExistRate",0.516
"Polarized",10,51,0.15,"2/3",1.5849625007211563,2000,"{1, 2, 3}","Automatic",0.,"Coombs","CondorcetEfficiency",0.7877906976744186
"Polarized",10,51,0.15,"2/3",1.5849625007211563,2000,"{1, 2, 3}","Automatic",0.,"Coombs","MidScore",0.44988888888888817
"Polarized",10,51,0.15,"2/3",1.5849625007211563,2000,"{1, 2, 3}","Automatic",0.,"Coombs","Top1Acceptability",0.12535294117647036
"Polarized",10,51,0.15,"2/3",1.5849625007211563,2000,"{1, 2, 3}","Automatic",0.,"Coombs","Top2Acceptability",0.24752941176470544
"Polarized",10,51,0.15,"2/3",1.5849625007211563,2000,"{1, 2, 3}","Automatic",0.,"Coombs","Top3Acceptability",0.36567647058823505
"Polarized",10,51,0.15,"2/3",1.5849625007211563,2000,"{1, 2, 3}","Automatic",0.,"QR","NeverFirstRate",0.0015
"Polarized",10,51,0.15,"2/3",1.5849625007211563,2000,"{1, 2, 3}","Automatic",0.,"QR","NoiseFlipRate",0.2455
"Polarized",10,51,0.15,"2/3",1.5849625007211563,2000,"{1, 2, 3}","Automatic",0.,"QR","CondorcetExistRate",0.516
"Polarized",10,51,0.15,"2/3",1.5849625007211563,2000,"{1, 2, 3}","Automatic",0.,"QR","CondorcetEfficiency",0.5930232558139535
"Polarized",10,51,0.15,"2/3",1.5849625007211563,2000,"{1, 2, 3}","Automatic",0.,"QR","MidScore",0.44522222222222146
"Polarized",10,51,0.15,"2/3",1.5849625007211563,2000,"{1, 2, 3}","Automatic",0.,"QR","Top1Acceptability",0.11849019607843116
"Polarized",10,51,0.15,"2/3",1.5849625007211563,2000,"{1, 2, 3}","Automatic",0.,"QR","Top2Acceptability",0.23615686274509762
"Polarized",10,51,0.15,"2/3",1.5849625007211563,2000,"{1, 2, 3}","Automatic",0.,"QR","Top3Acceptability",0.3531568627450978
"Polarized",10,51,0.15,"2/3",1.5849625007211563,2000,"{1, 2, 3}","Automatic",0.,"SDM","NeverFirstRate",0.
"Polarized",10,51,0.15,"2/3",1.5849625007211563,2000,"{1, 2, 3}","Automatic",0.,"SDM","NoiseFlipRate",0.1205
"Polarized",10,51,0.15,"2/3",1.5849625007211563,2000,"{1, 2, 3}","Automatic",0.,"SDM","CondorcetExistRate",0.516
"Polarized",10,51,0.15,"2/3",1.5849625007211563,2000,"{1, 2, 3}","Automatic",0.,"SDM","CondorcetEfficiency",0.7965116279069767
"Polarized",10,51,0.15,"2/3",1.5849625007211563,2000,"{1, 2, 3}","Automatic",0.,"SDM","MidScore",0.430666666666666
"Polarized",10,51,0.15,"2/3",1.5849625007211563,2000,"{1, 2, 3}","Automatic",0.,"SDM","Top1Acceptability",0.12966666666666643
"Polarized",10,51,0.15,"2/3",1.5849625007211563,2000,"{1, 2, 3}","Automatic",0.,"SDM","Top2Acceptability",0.2551372549019603
"Polarized",10,51,0.15,"2/3",1.5849625007211563,2000,"{1, 2, 3}","Automatic",0.,"SDM","Top3Acceptability",0.37664705882352917
"Polarized",10,51,0.15,"2/3",1.5849625007211563,2000,"{1, 2, 3}","Automatic",0.,"Fallback","NeverFirstRate",0.0065
"Polarized",10,51,0.15,"2/3",1.5849625007211563,2000,"{1, 2, 3}","Automatic",0.,"Fallback","NoiseFlipRate",0.88
"Polarized",10,51,0.15,"2/3",1.5849625007211563,2000,"{1, 2, 3}","Automatic",0.,"Fallback","CondorcetExistRate",0.516
"Polarized",10,51,0.15,"2/3",1.5849625007211563,2000,"{1, 2, 3}","Automatic",0.,"Fallback","CondorcetEfficiency",0.12693798449612403
"Polarized",10,51,0.15,"2/3",1.5849625007211563,2000,"{1, 2, 3}","Automatic",0.,"Fallback","MidScore",0.4417777777777771
"Polarized",10,51,0.15,"2/3",1.5849625007211563,2000,"{1, 2, 3}","Automatic",0.,"Fallback","Top1Acceptability",0.09903921568627433
"Polarized",10,51,0.15,"2/3",1.5849625007211563,2000,"{1, 2, 3}","Automatic",0.,"Fallback","Top2Acceptability",0.19763725490196044
"Polarized",10,51,0.15,"2/3",1.5849625007211563,2000,"{1, 2, 3}","Automatic",0.,"Fallback","Top3Acceptability",0.2972745098039213
"Polarized",10,51,0.15,"2/3",1.5849625007211563,2000,"{1, 2, 3}","Automatic",0.1,"Borda","NeverFirstRate",0.
"Polarized",10,51,0.15,"2/3",1.5849625007211563,2000,"{1, 2, 3}","Automatic",0.1,"Borda","NoiseFlipRate",0.1225
"Polarized",10,51,0.15,"2/3",1.5849625007211563,2000,"{1, 2, 3}","Automatic",0.1,"Borda","CondorcetExistRate",0.535
"Polarized",10,51,0.15,"2/3",1.5849625007211563,2000,"{1, 2, 3}","Automatic",0.1,"Borda","CondorcetEfficiency",0.8261682242990654
"Polarized",10,51,0.15,"2/3",1.5849625007211563,2000,"{1, 2, 3}","Automatic",0.1,"Borda","MidScore",0.45811111111111036
"Polarized",10,51,0.15,"2/3",1.5849625007211563,2000,"{1, 2, 3}","Automatic",0.1,"Borda","Top1Acceptability",0.13673529411764682
"Polarized",10,51,0.15,"2/3",1.5849625007211563,2000,"{1, 2, 3}","Automatic",0.1,"Borda","Top2Acceptability",0.2770882352941173
"Polarized",10,51,0.15,"2/3",1.5849625007211563,2000,"{1, 2, 3}","Automatic",0.1,"Borda","Top3Acceptability",0.4030686274509802
"Polarized",10,51,0.15,"2/3",1.5849625007211563,2000,"{1, 2, 3}","Automatic",0.1,"Plurality","NeverFirstRate",0.
"Polarized",10,51,0.15,"2/3",1.5849625007211563,2000,"{1, 2, 3}","Automatic",0.1,"Plurality","NoiseFlipRate",0.348
"Polarized",10,51,0.15,"2/3",1.5849625007211563,2000,"{1, 2, 3}","Automatic",0.1,"Plurality","CondorcetExistRate",0.535
"Polarized",10,51,0.15,"2/3",1.5849625007211563,2000,"{1, 2, 3}","Automatic",0.1,"Plurality","CondorcetEfficiency",0.39532710280373834
"Polarized",10,51,0.15,"2/3",1.5849625007211563,2000,"{1, 2, 3}","Automatic",0.1,"Plurality","MidScore",0.28788888888888875
"Polarized",10,51,0.15,"2/3",1.5849625007211563,2000,"{1, 2, 3}","Automatic",0.1,"Plurality","Top1Acceptability",0.18079411764705844
"Polarized",10,51,0.15,"2/3",1.5849625007211563,2000,"{1, 2, 3}","Automatic",0.1,"Plurality","Top2Acceptability",0.2734215686274506
"Polarized",10,51,0.15,"2/3",1.5849625007211563,2000,"{1, 2, 3}","Automatic",0.1,"Plurality","Top3Acceptability",0.36346078431372525
"Polarized",10,51,0.15,"2/3",1.5849625007211563,2000,"{1, 2, 3}","Automatic",0.1,"Coombs","NeverFirstRate",0.001
"Polarized",10,51,0.15,"2/3",1.5849625007211563,2000,"{1, 2, 3}","Automatic",0.1,"Coombs","NoiseFlipRate",0.321
"Polarized",10,51,0.15,"2/3",1.5849625007211563,2000,"{1, 2, 3}","Automatic",0.1,"Coombs","CondorcetExistRate",0.535
"Polarized",10,51,0.15,"2/3",1.5849625007211563,2000,"{1, 2, 3}","Automatic",0.1,"Coombs","CondorcetEfficiency",0.8158878504672897
"Polarized",10,51,0.15,"2/3",1.5849625007211563,2000,"{1, 2, 3}","Automatic",0.1,"Coombs","MidScore",0.45855555555555483
"Polarized",10,51,0.15,"2/3",1.5849625007211563,2000,"{1, 2, 3}","Automatic",0.1,"Coombs","Top1Acceptability",0.12653921568627427
"Polarized",10,51,0.15,"2/3",1.5849625007211563,2000,"{1, 2, 3}","Automatic",0.1,"Coombs","Top2Acceptability",0.2636764705882349
"Polarized",10,51,0.15,"2/3",1.5849625007211563,2000,"{1, 2, 3}","Automatic",0.1,"Coombs","Top3Acceptability",0.38499019607843116
"Polarized",10,51,0.15,"2/3",1.5849625007211563,2000,"{1, 2, 3}","Automatic",0.1,"QR","NeverFirstRate",0.001
"Polarized",10,51,0.15,"2/3",1.5849625007211563,2000,"{1, 2, 3}","Automatic",0.1,"QR","NoiseFlipRate",0.232
"Polarized",10,51,0.15,"2/3",1.5849625007211563,2000,"{1, 2, 3}","Automatic",0.1,"QR","CondorcetExistRate",0.535
"Polarized",10,51,0.15,"2/3",1.5849625007211563,2000,"{1, 2, 3}","Automatic",0.1,"QR","CondorcetEfficiency",0.5710280373831775
"Polarized",10,51,0.15,"2/3",1.5849625007211563,2000,"{1, 2, 3}","Automatic",0.1,"QR","MidScore",0.48666666666666586
"Polarized",10,51,0.15,"2/3",1.5849625007211563,2000,"{1, 2, 3}","Automatic",0.1,"QR","Top1Acceptability",0.11531372549019588
"Polarized",10,51,0.15,"2/3",1.5849625007211563,2000,"{1, 2, 3}","Automatic",0.1,"QR","Top2Acceptability",0.23894117647058782
"Polarized",10,51,0.15,"2/3",1.5849625007211563,2000,"{1, 2, 3}","Automatic",0.1,"QR","Top3Acceptability",0.36257843137254886
"Polarized",10,51,0.15,"2/3",1.5849625007211563,2000,"{1, 2, 3}","Automatic",0.1,"SDM","NeverFirstRate",0.001
"Polarized",10,51,0.15,"2/3",1.5849625007211563,2000,"{1, 2, 3}","Automatic",0.1,"SDM","NoiseFlipRate",0.118
"Polarized",10,51,0.15,"2/3",1.5849625007211563,2000,"{1, 2, 3}","Automatic",0.1,"SDM","CondorcetExistRate",0.535
"Polarized",10,51,0.15,"2/3",1.5849625007211563,2000,"{1, 2, 3}","Automatic",0.1,"SDM","CondorcetEfficiency",0.7457943925233644
"Polarized",10,51,0.15,"2/3",1.5849625007211563,2000,"{1, 2, 3}","Automatic",0.1,"SDM","MidScore",0.4784444444444437
"Polarized",10,51,0.15,"2/3",1.5849625007211563,2000,"{1, 2, 3}","Automatic",0.1,"SDM","Top1Acceptability",0.12602941176470567
"Polarized",10,51,0.15,"2/3",1.5849625007211563,2000,"{1, 2, 3}","Automatic",0.1,"SDM","Top2Acceptability",0.2625392156862741
"Polarized",10,51,0.15,"2/3",1.5849625007211563,2000,"{1, 2, 3}","Automatic",0.1,"SDM","Top3Acceptability",0.3906078431372547
"Polarized",10,51,0.15,"2/3",1.5849625007211563,2000,"{1, 2, 3}","Automatic",0.1,"Fallback","NeverFirstRate",0.005
"Polarized",10,51,0.15,"2/3",1.5849625007211563,2000,"{1, 2, 3}","Automatic",0.1,"Fallback","NoiseFlipRate",0.8645
"Polarized",10,51,0.15,"2/3",1.5849625007211563,2000,"{1, 2, 3}","Automatic",0.1,"Fallback","CondorcetExistRate",0.535
"Polarized",10,51,0.15,"2/3",1.5849625007211563,2000,"{1, 2, 3}","Automatic",0.1,"Fallback","CondorcetEfficiency",0.13177570093457944
"Polarized",10,51,0.15,"2/3",1.5849625007211563,2000,"{1, 2, 3}","Automatic",0.1,"Fallback","MidScore",0.4551111111111104
"Polarized",10,51,0.15,"2/3",1.5849625007211563,2000,"{1, 2, 3}","Automatic",0.1,"Fallback","Top1Acceptability",0.10154901960784295
"Polarized",10,51,0.15,"2/3",1.5849625007211563,2000,"{1, 2, 3}","Automatic",0.1,"Fallback","Top2Acceptability",0.20212745098039178
"Polarized",10,51,0.15,"2/3",1.5849625007211563,2000,"{1, 2, 3}","Automatic",0.1,"Fallback","Top3Acceptability",0.30165686274509773
"Polarized",10,51,0.15,"2/3",1.5849625007211563,2000,"{1, 2, 3}","Automatic",0.2,"Borda","NeverFirstRate",0.0005
"Polarized",10,51,0.15,"2/3",1.5849625007211563,2000,"{1, 2, 3}","Automatic",0.2,"Borda","NoiseFlipRate",0.1025
"Polarized",10,51,0.15,"2/3",1.5849625007211563,2000,"{1, 2, 3}","Automatic",0.2,"Borda","CondorcetExistRate",0.555
"Polarized",10,51,0.15,"2/3",1.5849625007211563,2000,"{1, 2, 3}","Automatic",0.2,"Borda","CondorcetEfficiency",0.7144144144144144
"Polarized",10,51,0.15,"2/3",1.5849625007211563,2000,"{1, 2, 3}","Automatic",0.2,"Borda","MidScore",0.4914444444444436
"Polarized",10,51,0.15,"2/3",1.5849625007211563,2000,"{1, 2, 3}","Automatic",0.2,"Borda","Top1Acceptability",0.12996078431372526
"Polarized",10,51,0.15,"2/3",1.5849625007211563,2000,"{1, 2, 3}","Automatic",0.2,"Borda","Top2Acceptability",0.30374509803921534
"Polarized",10,51,0.15,"2/3",1.5849625007211563,2000,"{1, 2, 3}","Automatic",0.2,"Borda","Top3Acceptability",0.4446666666666666
"Polarized",10,51,0.15,"2/3",1.5849625007211563,2000,"{1, 2, 3}","Automatic",0.2,"Plurality","NeverFirstRate",0.
"Polarized",10,51,0.15,"2/3",1.5849625007211563,2000,"{1, 2, 3}","Automatic",0.2,"Plurality","NoiseFlipRate",0.29
"Polarized",10,51,0.15,"2/3",1.5849625007211563,2000,"{1, 2, 3}","Automatic",0.2,"Plurality","CondorcetExistRate",0.555
"Polarized",10,51,0.15,"2/3",1.5849625007211563,2000,"{1, 2, 3}","Automatic",0.2,"Plurality","CondorcetEfficiency",0.3927927927927928
"Polarized",10,51,0.15,"2/3",1.5849625007211563,2000,"{1, 2, 3}","Automatic",0.2,"Plurality","MidScore",0.11955555555555557
"Polarized",10,51,0.15,"2/3",1.5849625007211563,2000,"{1, 2, 3}","Automatic",0.2,"Plurality","Top1Acceptability",0.20299019607843094
"Polarized",10,51,0.15,"2/3",1.5849625007211563,2000,"{1, 2, 3}","Automatic",0.2,"Plurality","Top2Acceptability",0.2975882352941173
"Polarized",10,51,0.15,"2/3",1.5849625007211563,2000,"{1, 2, 3}","Automatic",0.2,"Plurality","Top3Acceptability",0.3815980392156861
"Polarized",10,51,0.15,"2/3",1.5849625007211563,2000,"{1, 2, 3}","Automatic",0.2,"Coombs","NeverFirstRate",0.0015
"Polarized",10,51,0.15,"2/3",1.5849625007211563,2000,"{1, 2, 3}","Automatic",0.2,"Coombs","NoiseFlipRate",0.24
"Polarized",10,51,0.15,"2/3",1.5849625007211563,2000,"{1, 2, 3}","Automatic",0.2,"Coombs","CondorcetExistRate",0.555
"Polarized",10,51,0.15,"2/3",1.5849625007211563,2000,"{1, 2, 3}","Automatic",0.2,"Coombs","CondorcetEfficiency",0.8675675675675676
"Polarized",10,51,0.15,"2/3",1.5849625007211563,2000,"{1, 2, 3}","Automatic",0.2,"Coombs","MidScore",0.42244444444444385
"Polarized",10,51,0.15,"2/3",1.5849625007211563,2000,"{1, 2, 3}","Automatic",0.2,"Coombs","Top1Acceptability",0.13543137254901938
"Polarized",10,51,0.15,"2/3",1.5849625007211563,2000,"{1, 2, 3}","Automatic",0.2,"Coombs","Top2Acceptability",0.31451960784313693
"Polarized",10,51,0.15,"2/3",1.5849625007211563,2000,"{1, 2, 3}","Automatic",0.2,"Coombs","Top3Acceptability",0.43558823529411744
"Polarized",10,51,0.15,"2/3",1.5849625007211563,2000,"{1, 2, 3}","Automatic",0.2,"QR","NeverFirstRate",0.0035
"Polarized",10,51,0.15,"2/3",1.5849625007211563,2000,"{1, 2, 3}","Automatic",0.2,"QR","NoiseFlipRate",0.2125
"Polarized",10,51,0.15,"2/3",1.5849625007211563,2000,"{1, 2, 3}","Automatic",0.2,"QR","CondorcetExistRate",0.555
"Polarized",10,51,0.15,"2/3",1.5849625007211563,2000,"{1, 2, 3}","Automatic",0.2,"QR","CondorcetEfficiency",0.4261261261261261
"Polarized",10,51,0.15,"2/3",1.5849625007211563,2000,"{1, 2, 3}","Automatic",0.2,"QR","MidScore",0.5224444444444436
"Polarized",10,51,0.15,"2/3",1.5849625007211563,2000,"{1, 2, 3}","Automatic",0.2,"QR","Top1Acceptability",0.1055980392156861
"Polarized",10,51,0.15,"2/3",1.5849625007211563,2000,"{1, 2, 3}","Automatic",0.2,"QR","Top2Acceptability",0.24255882352941133
"Polarized",10,51,0.15,"2/3",1.5849625007211563,2000,"{1, 2, 3}","Automatic",0.2,"QR","Top3Acceptability",0.3829999999999999
"Polarized",10,51,0.15,"2/3",1.5849625007211563,2000,"{1, 2, 3}","Automatic",0.2,"SDM","NeverFirstRate",0.001
"Polarized",10,51,0.15,"2/3",1.5849625007211563,2000,"{1, 2, 3}","Automatic",0.2,"SDM","NoiseFlipRate",0.094
"Polarized",10,51,0.15,"2/3",1.5849625007211563,2000,"{1, 2, 3}","Automatic",0.2,"SDM","CondorcetExistRate",0.555
"Polarized",10,51,0.15,"2/3",1.5849625007211563,2000,"{1, 2, 3}","Automatic",0.2,"SDM","CondorcetEfficiency",0.6072072072072072
"Polarized",10,51,0.15,"2/3",1.5849625007211563,2000,"{1, 2, 3}","Automatic",0.2,"SDM","MidScore",0.5153333333333324
"Polarized",10,51,0.15,"2/3",1.5849625007211563,2000,"{1, 2, 3}","Automatic",0.2,"SDM","Top1Acceptability",0.1174607843137253
"Polarized",10,51,0.15,"2/3",1.5849625007211563,2000,"{1, 2, 3}","Automatic",0.2,"SDM","Top2Acceptability",0.28053921568627416
"Polarized",10,51,0.15,"2/3",1.5849625007211563,2000,"{1, 2, 3}","Automatic",0.2,"SDM","Top3Acceptability",0.4284117647058823
"Polarized",10,51,0.15,"2/3",1.5849625007211563,2000,"{1, 2, 3}","Automatic",0.2,"Fallback","NeverFirstRate",0.0085
"Polarized",10,51,0.15,"2/3",1.5849625007211563,2000,"{1, 2, 3}","Automatic",0.2,"Fallback","NoiseFlipRate",0.8465
"Polarized",10,51,0.15,"2/3",1.5849625007211563,2000,"{1, 2, 3}","Automatic",0.2,"Fallback","CondorcetExistRate",0.555
"Polarized",10,51,0.15,"2/3",1.5849625007211563,2000,"{1, 2, 3}","Automatic",0.2,"Fallback","CondorcetEfficiency",0.1063063063063063
"Polarized",10,51,0.15,"2/3",1.5849625007211563,2000,"{1, 2, 3}","Automatic",0.2,"Fallback","MidScore",0.4571111111111104
"Polarized",10,51,0.15,"2/3",1.5849625007211563,2000,"{1, 2, 3}","Automatic",0.2,"Fallback","Top1Acceptability",0.09770588235294103
"Polarized",10,51,0.15,"2/3",1.5849625007211563,2000,"{1, 2, 3}","Automatic",0.2,"Fallback","Top2Acceptability",0.19996078431372513
"Polarized",10,51,0.15,"2/3",1.5849625007211563,2000,"{1, 2, 3}","Automatic",0.2,"Fallback","Top3Acceptability",0.30271568627450957
"Polarized",10,51,0.15,"2/3",1.5849625007211563,2000,"{1, 2, 3}","Automatic",0.30000000000000004,"Borda","NeverFirstRate",0.0015
"Polarized",10,51,0.15,"2/3",1.5849625007211563,2000,"{1, 2, 3}","Automatic",0.30000000000000004,"Borda","NoiseFlipRate",0.0885
"Polarized",10,51,0.15,"2/3",1.5849625007211563,2000,"{1, 2, 3}","Automatic",0.30000000000000004,"Borda","CondorcetExistRate",0.6025
"Polarized",10,51,0.15,"2/3",1.5849625007211563,2000,"{1, 2, 3}","Automatic",0.30000000000000004,"Borda","CondorcetEfficiency",0.6323651452282157
"Polarized",10,51,0.15,"2/3",1.5849625007211563,2000,"{1, 2, 3}","Automatic",0.30000000000000004,"Borda","MidScore",0.5222222222222213
"Polarized",10,51,0.15,"2/3",1.5849625007211563,2000,"{1, 2, 3}","Automatic",0.30000000000000004,"Borda","Top1Acceptability",0.11833333333333314
"Polarized",10,51,0.15,"2/3",1.5849625007211563,2000,"{1, 2, 3}","Automatic",0.30000000000000004,"Borda","Top2Acceptability",0.35189215686274483
"Polarized",10,51,0.15,"2/3",1.5849625007211563,2000,"{1, 2, 3}","Automatic",0.30000000000000004,"Borda","Top3Acceptability",0.5059509803921568
"Polarized",10,51,0.15,"2/3",1.5849625007211563,2000,"{1, 2, 3}","Automatic",0.30000000000000004,"Plurality","NeverFirstRate",0.
"Polarized",10,51,0.15,"2/3",1.5849625007211563,2000,"{1, 2, 3}","Automatic",0.30000000000000004,"Plurality","NoiseFlipRate",0.216
"Polarized",10,51,0.15,"2/3",1.5849625007211563,2000,"{1, 2, 3}","Automatic",0.30000000000000004,"Plurality","CondorcetExistRate",0.6025
"Polarized",10,51,0.15,"2/3",1.5849625007211563,2000,"{1, 2, 3}","Automatic",0.30000000000000004,"Plurality","CondorcetEfficiency",0.366804979253112
"Polarized",10,51,0.15,"2/3",1.5849625007211563,2000,"{1, 2, 3}","Automatic",0.30000000000000004,"Plurality","MidScore",0.036888888888888895
"Polarized",10,51,0.15,"2/3",1.5849625007211563,2000,"{1, 2, 3}","Automatic",0.30000000000000004,"Plurality","Top1Acceptability",0.23399019607843094
"Polarized",10,51,0.15,"2/3",1.5849625007211563,2000,"{1, 2, 3}","Automatic",0.30000000000000004,"Plurality","Top2Acceptability",0.3256078431372547
"Polarized",10,51,0.15,"2/3",1.5849625007211563,2000,"{1, 2, 3}","Automatic",0.30000000000000004,"Plurality","Top3Acceptability",0.39825490196078406
"Polarized",10,51,0.15,"2/3",1.5849625007211563,2000,"{1, 2, 3}","Automatic",0.30000000000000004,"Coombs","NeverFirstRate",0.001
"Polarized",10,51,0.15,"2/3",1.5849625007211563,2000,"{1, 2, 3}","Automatic",0.30000000000000004,"Coombs","NoiseFlipRate",0.1575
"Polarized",10,51,0.15,"2/3",1.5849625007211563,2000,"{1, 2, 3}","Automatic",0.30000000000000004,"Coombs","CondorcetExistRate",0.6025
"Polarized",10,51,0.15,"2/3",1.5849625007211563,2000,"{1, 2, 3}","Automatic",0.30000000000000004,"Coombs","CondorcetEfficiency",0.8672199170124482
"Polarized",10,51,0.15,"2/3",1.5849625007211563,2000,"{1, 2, 3}","Automatic",0.30000000000000004,"Coombs","MidScore",0.4283333333333327
"Polarized",10,51,0.15,"2/3",1.5849625007211563,2000,"{1, 2, 3}","Automatic",0.30000000000000004,"Coombs","Top1Acceptability",0.1420392156862743
"Polarized",10,51,0.15,"2/3",1.5849625007211563,2000,"{1, 2, 3}","Automatic",0.30000000000000004,"Coombs","Top2Acceptability",0.3805784313725488
"Polarized",10,51,0.15,"2/3",1.5849625007211563,2000,"{1, 2, 3}","Automatic",0.30000000000000004,"Coombs","Top3Acceptability",0.4927450980392156
"Polarized",10,51,0.15,"2/3",1.5849625007211563,2000,"{1, 2, 3}","Automatic",0.30000000000000004,"QR","NeverFirstRate",0.0045
"Polarized",10,51,0.15,"2/3",1.5849625007211563,2000,"{1, 2, 3}","Automatic",0.30000000000000004,"QR","NoiseFlipRate",0.1995
"Polarized",10,51,0.15,"2/3",1.5849625007211563,2000,"{1, 2, 3}","Automatic",0.30000000000000004,"QR","CondorcetExistRate",0.6025
"Polarized",10,51,0.15,"2/3",1.5849625007211563,2000,"{1, 2, 3}","Automatic",0.30000000000000004,"QR","CondorcetEfficiency",0.3643153526970954
"Polarized",10,51,0.15,"2/3",1.5849625007211563,2000,"{1, 2, 3}","Automatic",0.30000000000000004,"QR","MidScore",0.5515555555555548
"Polarized",10,51,0.15,"2/3",1.5849625007211563,2000,"{1, 2, 3}","Automatic",0.30000000000000004,"QR","Top1Acceptability",0.09642156862745083
"Polarized",10,51,0.15,"2/3",1.5849625007211563,2000,"{1, 2, 3}","Automatic",0.30000000000000004,"QR","Top2Acceptability",0.2598529411764702
"Polarized",10,51,0.15,"2/3",1.5849625007211563,2000,"{1, 2, 3}","Automatic",0.30000000000000004,"QR","Top3Acceptability",0.42876470588235294
"Polarized",10,51,0.15,"2/3",1.5849625007211563,2000,"{1, 2, 3}","Automatic",0.30000000000000004,"SDM","NeverFirstRate",0.003
"Polarized",10,51,0.15,"2/3",1.5849625007211563,2000,"{1, 2, 3}","Automatic",0.30000000000000004,"SDM","NoiseFlipRate",0.097
"Polarized",10,51,0.15,"2/3",1.5849625007211563,2000,"{1, 2, 3}","Automatic",0.30000000000000004,"SDM","CondorcetExistRate",0.6025
"Polarized",10,51,0.15,"2/3",1.5849625007211563,2000,"{1, 2, 3}","Automatic",0.30000000000000004,"SDM","CondorcetEfficiency",0.5261410788381743
"Polarized",10,51,0.15,"2/3",1.5849625007211563,2000,"{1, 2, 3}","Automatic",0.30000000000000004,"SDM","MidScore",0.5436666666666657
"Polarized",10,51,0.15,"2/3",1.5849625007211563,2000,"{1, 2, 3}","Automatic",0.30000000000000004,"SDM","Top1Acceptability",0.10649999999999983
"Polarized",10,51,0.15,"2/3",1.5849625007211563,2000,"{1, 2, 3}","Automatic",0.30000000000000004,"SDM","Top2Acceptability",0.3174999999999997
"Polarized",10,51,0.15,"2/3",1.5849625007211563,2000,"{1, 2, 3}","Automatic",0.30000000000000004,"SDM","Top3Acceptability",0.48679411764705877
"Polarized",10,51,0.15,"2/3",1.5849625007211563,2000,"{1, 2, 3}","Automatic",0.30000000000000004,"Fallback","NeverFirstRate",0.018
"Polarized",10,51,0.15,"2/3",1.5849625007211563,2000,"{1, 2, 3}","Automatic",0.30000000000000004,"Fallback","NoiseFlipRate",0.828
"Polarized",10,51,0.15,"2/3",1.5849625007211563,2000,"{1, 2, 3}","Automatic",0.30000000000000004,"Fallback","CondorcetExistRate",0.6025
"Polarized",10,51,0.15,"2/3",1.5849625007211563,2000,"{1, 2, 3}","Automatic",0.30000000000000004,"Fallback","CondorcetEfficiency",0.12033195020746888
"Polarized",10,51,0.15,"2/3",1.5849625007211563,2000,"{1, 2, 3}","Automatic",0.30000000000000004,"Fallback","MidScore",0.4582222222222215
"Polarized",10,51,0.15,"2/3",1.5849625007211563,2000,"{1, 2, 3}","Automatic",0.30000000000000004,"Fallback","Top1Acceptability",0.0976960784313724
"Polarized",10,51,0.15,"2/3",1.5849625007211563,2000,"{1, 2, 3}","Automatic",0.30000000000000004,"Fallback","Top2Acceptability",0.20089215686274478
"Polarized",10,51,0.15,"2/3",1.5849625007211563,2000,"{1, 2, 3}","Automatic",0.30000000000000004,"Fallback","Top3Acceptability",0.30459803921568596
"Polarized",10,51,0.15,"2/3",1.5849625007211563,2000,"{1, 2, 3}","Automatic",0.4,"Borda","NeverFirstRate",0.0025
"Polarized",10,51,0.15,"2/3",1.5849625007211563,2000,"{1, 2, 3}","Automatic",0.4,"Borda","NoiseFlipRate",0.0565
"Polarized",10,51,0.15,"2/3",1.5849625007211563,2000,"{1, 2, 3}","Automatic",0.4,"Borda","CondorcetExistRate",0.629
"Polarized",10,51,0.15,"2/3",1.5849625007211563,2000,"{1, 2, 3}","Automatic",0.4,"Borda","CondorcetEfficiency",0.5850556438791733
"Polarized",10,51,0.15,"2/3",1.5849625007211563,2000,"{1, 2, 3}","Automatic",0.4,"Borda","MidScore",0.5532222222222214
"Polarized",10,51,0.15,"2/3",1.5849625007211563,2000,"{1, 2, 3}","Automatic",0.4,"Borda","Top1Acceptability",0.11240196078431353
"Polarized",10,51,0.15,"2/3",1.5849625007211563,2000,"{1, 2, 3}","Automatic",0.4,"Borda","Top2Acceptability",0.4164117647058822
"Polarized",10,51,0.15,"2/3",1.5849625007211563,2000,"{1, 2, 3}","Automatic",0.4,"Borda","Top3Acceptability",0.5705686274509805
"Polarized",10,51,0.15,"2/3",1.5849625007211563,2000,"{1, 2, 3}","Automatic",0.4,"Plurality","NeverFirstRate",0.
"Polarized",10,51,0.15,"2/3",1.5849625007211563,2000,"{1, 2, 3}","Automatic",0.4,"Plurality","NoiseFlipRate",0.173
"Polarized",10,51,0.15,"2/3",1.5849625007211563,2000,"{1, 2, 3}","Automatic",0.4,"Plurality","CondorcetExistRate",0.629
"Polarized",10,51,0.15,"2/3",1.5849625007211563,2000,"{1, 2, 3}","Automatic",0.4,"Plurality","CondorcetEfficiency",0.3656597774244833
"Polarized",10,51,0.15,"2/3",1.5849625007211563,2000,"{1, 2, 3}","Automatic",0.4,"Plurality","MidScore",0.011222222222222224
"Polarized",10,51,0.15,"2/3",1.5849625007211563,2000,"{1, 2, 3}","Automatic",0.4,"Plurality","Top1Acceptability",0.26869607843137217
"Polarized",10,51,0.15,"2/3",1.5849625007211563,2000,"{1, 2, 3}","Automatic",0.4,"Plurality","Top2Acceptability",0.3542156862745096
"Polarized",10,51,0.15,"2/3",1.5849625007211563,2000,"{1, 2, 3}","Automatic",0.4,"Plurality","Top3Acceptability",0.41723529411764687
"Polarized",10,51,0.15,"2/3",1.5849625007211563,2000,"{1, 2, 3}","Automatic",0.4,"Coombs","NeverFirstRate",0.0015
"Polarized",10,51,0.15,"2/3",1.5849625007211563,2000,"{1, 2, 3}","Automatic",0.4,"Coombs","NoiseFlipRate",0.137
"Polarized",10,51,0.15,"2/3",1.5849625007211563,2000,"{1, 2, 3}","Automatic",0.4,"Coombs","CondorcetExistRate",0.629
"Polarized",10,51,0.15,"2/3",1.5849625007211563,2000,"{1, 2, 3}","Automatic",0.4,"Coombs","CondorcetEfficiency",0.8744038155802861
"Polarized",10,51,0.15,"2/3",1.5849625007211563,2000,"{1, 2, 3}","Automatic",0.4,"Coombs","MidScore",0.42811111111111044
"Polarized",10,51,0.15,"2/3",1.5849625007211563,2000,"{1, 2, 3}","Automatic",0.4,"Coombs","Top1Acceptability",0.15250980392156846
"Polarized",10,51,0.15,"2/3",1.5849625007211563,2000,"{1, 2, 3}","Automatic",0.4,"Coombs","Top2Acceptability",0.44084313725490176
"Polarized",10,51,0.15,"2/3",1.5849625007211563,2000,"{1, 2, 3}","Automatic",0.4,"Coombs","Top3Acceptability",0.5462745098039217
"Polarized",10,51,0.15,"2/3",1.5849625007211563,2000,"{1, 2, 3}","Automatic",0.4,"QR","NeverFirstRate",0.011
"Polarized",10,51,0.15,"2/3",1.5849625007211563,2000,"{1, 2, 3}","Automatic",0.4,"QR","NoiseFlipRate",0.174
"Polarized",10,51,0.15,"2/3",1.5849625007211563,2000,"{1, 2, 3}","Automatic",0.4,"QR","CondorcetExistRate",0.629
"Polarized",10,51,0.15,"2/3",1.5849625007211563,2000,"{1, 2, 3}","Automatic",0.4,"QR","CondorcetEfficiency",0.37599364069952307
"Polarized",10,51,0.15,"2/3",1.5849625007211563,2000,"{1, 2, 3}","Automatic",0.4,"QR","MidScore",0.5554444444444436
"Polarized",10,51,0.15,"2/3",1.5849625007211563,2000,"{1, 2, 3}","Automatic",0.4,"QR","Top1Acceptability",0.09548039215686259
"Polarized",10,51,0.15,"2/3",1.5849625007211563,2000,"{1, 2, 3}","Automatic",0.4,"QR","Top2Acceptability",0.30916666666666653
"Polarized",10,51,0.15,"2/3",1.5849625007211563,2000,"{1, 2, 3}","Automatic",0.4,"QR","Top3Acceptability",0.5050000000000001
"Polarized",10,51,0.15,"2/3",1.5849625007211563,2000,"{1, 2, 3}","Automatic",0.4,"SDM","NeverFirstRate",0.0075
"Polarized",10,51,0.15,"2/3",1.5849625007211563,2000,"{1, 2, 3}","Automatic",0.4,"SDM","NoiseFlipRate",0.0645
"Polarized",10,51,0.15,"2/3",1.5849625007211563,2000,"{1, 2, 3}","Automatic",0.4,"SDM","CondorcetExistRate",0.629
"Polarized",10,51,0.15,"2/3",1.5849625007211563,2000,"{1, 2, 3}","Automatic",0.4,"SDM","CondorcetEfficiency",0.5095389507154213
"Polarized",10,51,0.15,"2/3",1.5849625007211563,2000,"{1, 2, 3}","Automatic",0.4,"SDM","MidScore",0.5618888888888882
"Polarized",10,51,0.15,"2/3",1.5849625007211563,2000,"{1, 2, 3}","Automatic",0.4,"SDM","Top1Acceptability",0.10422549019607825
"Polarized",10,51,0.15,"2/3",1.5849625007211563,2000,"{1, 2, 3}","Automatic",0.4,"SDM","Top2Acceptability",0.3729215686274509
"Polarized",10,51,0.15,"2/3",1.5849625007211563,2000,"{1, 2, 3}","Automatic",0.4,"SDM","Top3Acceptability",0.5500098039215686
"Polarized",10,51,0.15,"2/3",1.5849625007211563,2000,"{1, 2, 3}","Automatic",0.4,"Fallback","NeverFirstRate",0.0295
"Polarized",10,51,0.15,"2/3",1.5849625007211563,2000,"{1, 2, 3}","Automatic",0.4,"Fallback","NoiseFlipRate",0.7585
"Polarized",10,51,0.15,"2/3",1.5849625007211563,2000,"{1, 2, 3}","Automatic",0.4,"Fallback","CondorcetExistRate",0.629
"Polarized",10,51,0.15,"2/3",1.5849625007211563,2000,"{1, 2, 3}","Automatic",0.4,"Fallback","CondorcetEfficiency",0.10333863275039745
"Polarized",10,51,0.15,"2/3",1.5849625007211563,2000,"{1, 2, 3}","Automatic",0.4,"Fallback","MidScore",0.4739999999999992
"Polarized",10,51,0.15,"2/3",1.5849625007211563,2000,"{1, 2, 3}","Automatic",0.4,"Fallback","Top1Acceptability",0.09249019607843124
"Polarized",10,51,0.15,"2/3",1.5849625007211563,2000,"{1, 2, 3}","Automatic",0.4,"Fallback","Top2Acceptability",0.1992254901960781
"Polarized",10,51,0.15,"2/3",1.5849625007211563,2000,"{1, 2, 3}","Automatic",0.4,"Fallback","Top3Acceptability",0.30622549019607836
"Polarized",10,51,0.15,"2/3",1.5849625007211563,2000,"{1, 2, 3}","Automatic",0.5,"Borda","NeverFirstRate",0.003
"Polarized",10,51,0.15,"2/3",1.5849625007211563,2000,"{1, 2, 3}","Automatic",0.5,"Borda","NoiseFlipRate",0.0445
"Polarized",10,51,0.15,"2/3",1.5849625007211563,2000,"{1, 2, 3}","Automatic",0.5,"Borda","CondorcetExistRate",0.714
"Polarized",10,51,0.15,"2/3",1.5849625007211563,2000,"{1, 2, 3}","Automatic",0.5,"Borda","CondorcetEfficiency",0.5868347338935574
"Polarized",10,51,0.15,"2/3",1.5849625007211563,2000,"{1, 2, 3}","Automatic",0.5,"Borda","MidScore",0.5523333333333326
"Polarized",10,51,0.15,"2/3",1.5849625007211563,2000,"{1, 2, 3}","Automatic",0.5,"Borda","Top1Acceptability",0.11500980392156844
"Polarized",10,51,0.15,"2/3",1.5849625007211563,2000,"{1, 2, 3}","Automatic",0.5,"Borda","Top2Acceptability",0.49111764705882366
"Polarized",10,51,0.15,"2/3",1.5849625007211563,2000,"{1, 2, 3}","Automatic",0.5,"Borda","Top3Acceptability",0.6395294117647059
"Polarized",10,51,0.15,"2/3",1.5849625007211563,2000,"{1, 2, 3}","Automatic",0.5,"Plurality","NeverFirstRate",0.
"Polarized",10,51,0.15,"2/3",1.5849625007211563,2000,"{1, 2, 3}","Automatic",0.5,"Plurality","NoiseFlipRate",0.16
"Polarized",10,51,0.15,"2/3",1.5849625007211563,2000,"{1, 2, 3}","Automatic",0.5,"Plurality","CondorcetExistRate",0.714
"Polarized",10,51,0.15,"2/3",1.5849625007211563,2000,"{1, 2, 3}","Automatic",0.5,"Plurality","CondorcetEfficiency",0.3746498599439776
"Polarized",10,51,0.15,"2/3",1.5849625007211563,2000,"{1, 2, 3}","Automatic",0.5,"Plurality","MidScore",0.004333333333333334
"Polarized",10,51,0.15,"2/3",1.5849625007211563,2000,"{1, 2, 3}","Automatic",0.5,"Plurality","Top1Acceptability",0.30301960784313703
"Polarized",10,51,0.15,"2/3",1.5849625007211563,2000,"{1, 2, 3}","Automatic",0.5,"Plurality","Top2Acceptability",0.3848137254901958
"Polarized",10,51,0.15,"2/3",1.5849625007211563,2000,"{1, 2, 3}","Automatic",0.5,"Plurality","Top3Acceptability",0.4389117647058821
"Polarized",10,51,0.15,"2/3",1.5849625007211563,2000,"{1, 2, 3}","Automatic",0.5,"Coombs","NeverFirstRate",0.0005
"Polarized",10,51,0.15,"2/3",1.5849625007211563,2000,"{1, 2, 3}","Automatic",0.5,"Coombs","NoiseFlipRate",0.1145
"Polarized",10,51,0.15,"2/3",1.5849625007211563,2000,"{1, 2, 3}","Automatic",0.5,"Coombs","CondorcetExistRate",0.714
"Polarized",10,51,0.15,"2/3",1.5849625007211563,2000,"{1, 2, 3}","Automatic",0.5,"Coombs","CondorcetEfficiency",0.8634453781512605
"Polarized",10,51,0.15,"2/3",1.5849625007211563,2000,"{1, 2, 3}","Automatic",0.5,"Coombs","MidScore",0.43733333333333263
"Polarized",10,51,0.15,"2/3",1.5849625007211563,2000,"{1, 2, 3}","Automatic",0.5,"Coombs","Top1Acceptability",0.16684313725490177
"Polarized",10,51,0.15,"2/3",1.5849625007211563,2000,"{1, 2, 3}","Automatic",0.5,"Coombs","Top2Acceptability",0.506686274509804
"Polarized",10,51,0.15,"2/3",1.5849625007211563,2000,"{1, 2, 3}","Automatic",0.5,"Coombs","Top3Acceptability",0.6067254901960785
"Polarized",10,51,0.15,"2/3",1.5849625007211563,2000,"{1, 2, 3}","Automatic",0.5,"QR","NeverFirstRate",0.0095
"Polarized",10,51,0.15,"2/3",1.5849625007211563,2000,"{1, 2, 3}","Automatic",0.5,"QR","NoiseFlipRate",0.1575
"Polarized",10,51,0.15,"2/3",1.5849625007211563,2000,"{1, 2, 3}","Automatic",0.5,"QR","CondorcetExistRate",0.714
"Polarized",10,51,0.15,"2/3",1.5849625007211563,2000,"{1, 2, 3}","Automatic",0.5,"QR","CondorcetEfficiency",0.44047619047619047
"Polarized",10,51,0.15,"2/3",1.5849625007211563,2000,"{1, 2, 3}","Automatic",0.5,"QR","MidScore",0.5534444444444436
"Polarized",10,51,0.15,"2/3",1.5849625007211563,2000,"{1, 2, 3}","Automatic",0.5,"QR","Top1Acceptability",0.10080392156862729
"Polarized",10,51,0.15,"2/3",1.5849625007211563,2000,"{1, 2, 3}","Automatic",0.5,"QR","Top2Acceptability",0.40059803921568643
"Polarized",10,51,0.15,"2/3",1.5849625007211563,2000,"{1, 2, 3}","Automatic",0.5,"QR","Top3Acceptability",0.6062745098039215
"Polarized",10,51,0.15,"2/3",1.5849625007211563,2000,"{1, 2, 3}","Automatic",0.5,"SDM","NeverFirstRate",0.0095
"Polarized",10,51,0.15,"2/3",1.5849625007211563,2000,"{1, 2, 3}","Automatic",0.5,"SDM","NoiseFlipRate",0.066
"Polarized",10,51,0.15,"2/3",1.5849625007211563,2000,"{1, 2, 3}","Automatic",0.5,"SDM","CondorcetExistRate",0.714
"Polarized",10,51,0.15,"2/3",1.5849625007211563,2000,"{1, 2, 3}","Automatic",0.5,"SDM","CondorcetEfficiency",0.5042016806722689
"Polarized",10,51,0.15,"2/3",1.5849625007211563,2000,"{1, 2, 3}","Automatic",0.5,"SDM","MidScore",0.5571111111111104
"Polarized",10,51,0.15,"2/3",1.5849625007211563,2000,"{1, 2, 3}","Automatic",0.5,"SDM","Top1Acceptability",0.10539215686274492
"Polarized",10,51,0.15,"2/3",1.5849625007211563,2000,"{1, 2, 3}","Automatic",0.5,"SDM","Top2Acceptability",0.43542156862745107
"Polarized",10,51,0.15,"2/3",1.5849625007211563,2000,"{1, 2, 3}","Automatic",0.5,"SDM","Top3Acceptability",0.6230980392156862
"Polarized",10,51,0.15,"2/3",1.5849625007211563,2000,"{1, 2, 3}","Automatic",0.5,"Fallback","NeverFirstRate",0.051
"Polarized",10,51,0.15,"2/3",1.5849625007211563,2000,"{1, 2, 3}","Automatic",0.5,"Fallback","NoiseFlipRate",0.6675
"Polarized",10,51,0.15,"2/3",1.5849625007211563,2000,"{1, 2, 3}","Automatic",0.5,"Fallback","CondorcetExistRate",0.714
"Polarized",10,51,0.15,"2/3",1.5849625007211563,2000,"{1, 2, 3}","Automatic",0.5,"Fallback","CondorcetEfficiency",0.1092436974789916
"Polarized",10,51,0.15,"2/3",1.5849625007211563,2000,"{1, 2, 3}","Automatic",0.5,"Fallback","MidScore",0.5027777777777769
"Polarized",10,51,0.15,"2/3",1.5849625007211563,2000,"{1, 2, 3}","Automatic",0.5,"Fallback","Top1Acceptability",0.08418627450980383
"Polarized",10,51,0.15,"2/3",1.5849625007211563,2000,"{1, 2, 3}","Automatic",0.5,"Fallback","Top2Acceptability",0.18943137254901937
"Polarized",10,51,0.15,"2/3",1.5849625007211563,2000,"{1, 2, 3}","Automatic",0.5,"Fallback","Top3Acceptability",0.3036960784313725
"Polarized",10,51,0.15,"2/3",1.5849625007211563,2000,"{1, 2, 3}","Automatic",0.6000000000000001,"Borda","NeverFirstRate",0.002
"Polarized",10,51,0.15,"2/3",1.5849625007211563,2000,"{1, 2, 3}","Automatic",0.6000000000000001,"Borda","NoiseFlipRate",0.0375
"Polarized",10,51,0.15,"2/3",1.5849625007211563,2000,"{1, 2, 3}","Automatic",0.6000000000000001,"Borda","CondorcetExistRate",0.774
"Polarized",10,51,0.15,"2/3",1.5849625007211563,2000,"{1, 2, 3}","Automatic",0.6000000000000001,"Borda","CondorcetEfficiency",0.5801033591731266
"Polarized",10,51,0.15,"2/3",1.5849625007211563,2000,"{1, 2, 3}","Automatic",0.6000000000000001,"Borda","MidScore",0.5585555555555547
"Polarized",10,51,0.15,"2/3",1.5849625007211563,2000,"{1, 2, 3}","Automatic",0.6000000000000001,"Borda","Top1Acceptability",0.11567647058823509
"Polarized",10,51,0.15,"2/3",1.5849625007211563,2000,"{1, 2, 3}","Automatic",0.6000000000000001,"Borda","Top2Acceptability",0.5648627450980392
"Polarized",10,51,0.15,"2/3",1.5849625007211563,2000,"{1, 2, 3}","Automatic",0.6000000000000001,"Borda","Top3Acceptability",0.7076960784313722
"Polarized",10,51,0.15,"2/3",1.5849625007211563,2000,"{1, 2, 3}","Automatic",0.6000000000000001,"Plurality","NeverFirstRate",0.
"Polarized",10,51,0.15,"2/3",1.5849625007211563,2000,"{1, 2, 3}","Automatic",0.6000000000000001,"Plurality","NoiseFlipRate",0.148
"Polarized",10,51,0.15,"2/3",1.5849625007211563,2000,"{1, 2, 3}","Automatic",0.6000000000000001,"Plurality","CondorcetExistRate",0.774
"Polarized",10,51,0.15,"2/3",1.5849625007211563,2000,"{1, 2, 3}","Automatic",0.6000000000000001,"Plurality","CondorcetEfficiency",0.3953488372093023
"Polarized",10,51,0.15,"2/3",1.5849625007211563,2000,"{1, 2, 3}","Automatic",0.6000000000000001,"Plurality","MidScore",0.0014444444444444446
"Polarized",10,51,0.15,"2/3",1.5849625007211563,2000,"{1, 2, 3}","Automatic",0.6000000000000001,"Plurality","Top1Acceptability",0.3377745098039213
"Polarized",10,51,0.15,"2/3",1.5849625007211563,2000,"{1, 2, 3}","Automatic",0.6000000000000001,"Plurality","Top2Acceptability",0.41627450980392133
"Polarized",10,51,0.15,"2/3",1.5849625007211563,2000,"{1, 2, 3}","Automatic",0.6000000000000001,"Plurality","Top3Acceptability",0.4620294117647057
"Polarized",10,51,0.15,"2/3",1.5849625007211563,2000,"{1, 2, 3}","Automatic",0.6000000000000001,"Coombs","NeverFirstRate",0.0015
"Polarized",10,51,0.15,"2/3",1.5849625007211563,2000,"{1, 2, 3}","Automatic",0.6000000000000001,"Coombs","NoiseFlipRate",0.127
"Polarized",10,51,0.15,"2/3",1.5849625007211563,2000,"{1, 2, 3}","Automatic",0.6000000000000001,"Coombs","CondorcetExistRate",0.774
"Polarized",10,51,0.15,"2/3",1.5849625007211563,2000,"{1, 2, 3}","Automatic",0.6000000000000001,"Coombs","CondorcetEfficiency",0.8682170542635659
"Polarized",10,51,0.15,"2/3",1.5849625007211563,2000,"{1, 2, 3}","Automatic",0.6000000000000001,"Coombs","MidScore",0.41955555555555496
"Polarized",10,51,0.15,"2/3",1.5849625007211563,2000,"{1, 2, 3}","Automatic",0.6000000000000001,"Coombs","Top1Acceptability",0.1817352941176468
"Polarized",10,51,0.15,"2/3",1.5849625007211563,2000,"{1, 2, 3}","Automatic",0.6000000000000001,"Coombs","Top2Acceptability",0.560656862745098
"Polarized",10,51,0.15,"2/3",1.5849625007211563,2000,"{1, 2, 3}","Automatic",0.6000000000000001,"Coombs","Top3Acceptability",0.6612156862745097
"Polarized",10,51,0.15,"2/3",1.5849625007211563,2000,"{1, 2, 3}","Automatic",0.6000000000000001,"QR","NeverFirstRate",0.009
"Polarized",10,51,0.15,"2/3",1.5849625007211563,2000,"{1, 2, 3}","Automatic",0.6000000000000001,"QR","NoiseFlipRate",0.119
"Polarized",10,51,0.15,"2/3",1.5849625007211563,2000,"{1, 2, 3}","Automatic",0.6000000000000001,"QR","CondorcetExistRate",0.774
"Polarized",10,51,0.15,"2/3",1.5849625007211563,2000,"{1, 2, 3}","Automatic",0.6000000000000001,"QR","CondorcetEfficiency",0.5122739018087855
"Polarized",10,51,0.15,"2/3",1.5849625007211563,2000,"{1, 2, 3}","Automatic",0.6000000000000001,"QR","MidScore",0.550888888888888
"Polarized",10,51,0.15,"2/3",1.5849625007211563,2000,"{1, 2, 3}","Automatic",0.6000000000000001,"QR","Top1Acceptability",0.10737254901960766
"Polarized",10,51,0.15,"2/3",1.5849625007211563,2000,"{1, 2, 3}","Automatic",0.6000000000000001,"QR","Top2Acceptability",0.5037843137254903
"Polarized",10,51,0.15,"2/3",1.5849625007211563,2000,"{1, 2, 3}","Automatic",0.6000000000000001,"QR","Top3Acceptability",0.6987254901960781
"Polarized",10,51,0.15,"2/3",1.5849625007211563,2000,"{1, 2, 3}","Automatic",0.6000000000000001,"SDM","NeverFirstRate",0.006
"Polarized",10,51,0.15,"2/3",1.5849625007211563,2000,"{1, 2, 3}","Automatic",0.6000000000000001,"SDM","NoiseFlipRate",0.061
"Polarized",10,51,0.15,"2/3",1.5849625007211563,2000,"{1, 2, 3}","Automatic",0.6000000000000001,"SDM","CondorcetExistRate",0.774
"Polarized",10,51,0.15,"2/3",1.5849625007211563,2000,"{1, 2, 3}","Automatic",0.6000000000000001,"SDM","CondorcetEfficiency",0.5200258397932817
"Polarized",10,51,0.15,"2/3",1.5849625007211563,2000,"{1, 2, 3}","Automatic",0.6000000000000001,"SDM","MidScore",0.5572222222222214
"Polarized",10,51,0.15,"2/3",1.5849625007211563,2000,"{1, 2, 3}","Automatic",0.6000000000000001,"SDM","Top1Acceptability",0.10749999999999982
"Polarized",10,51,0.15,"2/3",1.5849625007211563,2000,"{1, 2, 3}","Automatic",0.6000000000000001,"SDM","Top2Acceptability",0.509029411764706
"Polarized",10,51,0.15,"2/3",1.5849625007211563,2000,"{1, 2, 3}","Automatic",0.6000000000000001,"SDM","Top3Acceptability",0.7001078431372546
"Polarized",10,51,0.15,"2/3",1.5849625007211563,2000,"{1, 2, 3}","Automatic",0.6000000000000001,"Fallback","NeverFirstRate",0.0665
"Polarized",10,51,0.15,"2/3",1.5849625007211563,2000,"{1, 2, 3}","Automatic",0.6000000000000001,"Fallback","NoiseFlipRate",0.572
"Polarized",10,51,0.15,"2/3",1.5849625007211563,2000,"{1, 2, 3}","Automatic",0.6000000000000001,"Fallback","CondorcetExistRate",0.774
"Polarized",10,51,0.15,"2/3",1.5849625007211563,2000,"{1, 2, 3}","Automatic",0.6000000000000001,"Fallback","CondorcetEfficiency",0.10465116279069768
"Polarized",10,51,0.15,"2/3",1.5849625007211563,2000,"{1, 2, 3}","Automatic",0.6000000000000001,"Fallback","MidScore",0.49811111111111017
"Polarized",10,51,0.15,"2/3",1.5849625007211563,2000,"{1, 2, 3}","Automatic",0.6000000000000001,"Fallback","Top1Acceptability",0.0765686274509803
"Polarized",10,51,0.15,"2/3",1.5849625007211563,2000,"{1, 2, 3}","Automatic",0.6000000000000001,"Fallback","Top2Acceptability",0.19340196078431354
"Polarized",10,51,0.15,"2/3",1.5849625007211563,2000,"{1, 2, 3}","Automatic",0.6000000000000001,"Fallback","Top3Acceptability",0.3177549019607843
"Polarized",10,51,0.15,"2/3",1.5849625007211563,2000,"{1, 2, 3}","Automatic",0.7000000000000001,"Borda","NeverFirstRate",0.002
"Polarized",10,51,0.15,"2/3",1.5849625007211563,2000,"{1, 2, 3}","Automatic",0.7000000000000001,"Borda","NoiseFlipRate",0.024
"Polarized",10,51,0.15,"2/3",1.5849625007211563,2000,"{1, 2, 3}","Automatic",0.7000000000000001,"Borda","CondorcetExistRate",0.8375
"Polarized",10,51,0.15,"2/3",1.5849625007211563,2000,"{1, 2, 3}","Automatic",0.7000000000000001,"Borda","CondorcetEfficiency",0.6041791044776119
"Polarized",10,51,0.15,"2/3",1.5849625007211563,2000,"{1, 2, 3}","Automatic",0.7000000000000001,"Borda","MidScore",0.5631111111111103
"Polarized",10,51,0.15,"2/3",1.5849625007211563,2000,"{1, 2, 3}","Automatic",0.7000000000000001,"Borda","Top1Acceptability",0.11905882352941156
"Polarized",10,51,0.15,"2/3",1.5849625007211563,2000,"{1, 2, 3}","Automatic",0.7000000000000001,"Borda","Top2Acceptability",0.6430490196078429
"Polarized",10,51,0.15,"2/3",1.5849625007211563,2000,"{1, 2, 3}","Automatic",0.7000000000000001,"Borda","Top3Acceptability",0.7738431372549014
"Polarized",10,51,0.15,"2/3",1.5849625007211563,2000,"{1, 2, 3}","Automatic",0.7000000000000001,"Plurality","NeverFirstRate",0.
"Polarized",10,51,0.15,"2/3",1.5849625007211563,2000,"{1, 2, 3}","Automatic",0.7000000000000001,"Plurality","NoiseFlipRate",0.1325
"Polarized",10,51,0.15,"2/3",1.5849625007211563,2000,"{1, 2, 3}","Automatic",0.7000000000000001,"Plurality","CondorcetExistRate",0.8375
"Polarized",10,51,0.15,"2/3",1.5849625007211563,2000,"{1, 2, 3}","Automatic",0.7000000000000001,"Plurality","CondorcetEfficiency",0.38029850746268656
"Polarized",10,51,0.15,"2/3",1.5849625007211563,2000,"{1, 2, 3}","Automatic",0.7000000000000001,"Plurality","MidScore",0.0006666666666666668
"Polarized",10,51,0.15,"2/3",1.5849625007211563,2000,"{1, 2, 3}","Automatic",0.7000000000000001,"Plurality","Top1Acceptability",0.37234313725490176
"Polarized",10,51,0.15,"2/3",1.5849625007211563,2000,"{1, 2, 3}","Automatic",0.7000000000000001,"Plurality","Top2Acceptability",0.446676470588235
"Polarized",10,51,0.15,"2/3",1.5849625007211563,2000,"{1, 2, 3}","Automatic",0.7000000000000001,"Plurality","Top3Acceptability",0.4828823529411764
"Polarized",10,51,0.15,"2/3",1.5849625007211563,2000,"{1, 2, 3}","Automatic",0.7000000000000001,"Coombs","NeverFirstRate",0.001
"Polarized",10,51,0.15,"2/3",1.5849625007211563,2000,"{1, 2, 3}","Automatic",0.7000000000000001,"Coombs","NoiseFlipRate",0.1295
"Polarized",10,51,0.15,"2/3",1.5849625007211563,2000,"{1, 2, 3}","Automatic",0.7000000000000001,"Coombs","CondorcetExistRate",0.8375
"Polarized",10,51,0.15,"2/3",1.5849625007211563,2000,"{1, 2, 3}","Automatic",0.7000000000000001,"Coombs","CondorcetEfficiency",0.8728358208955224
"Polarized",10,51,0.15,"2/3",1.5849625007211563,2000,"{1, 2, 3}","Automatic",0.7000000000000001,"Coombs","MidScore",0.4323333333333327
"Polarized",10,51,0.15,"2/3",1.5849625007211563,2000,"{1, 2, 3}","Automatic",0.7000000000000001,"Coombs","Top1Acceptability",0.19216666666666635
"Polarized",10,51,0.15,"2/3",1.5849625007211563,2000,"{1, 2, 3}","Automatic",0.7000000000000001,"Coombs","Top2Acceptability",0.6185784313725489
"Polarized",10,51,0.15,"2/3",1.5849625007211563,2000,"{1, 2, 3}","Automatic",0.7000000000000001,"Coombs","Top3Acceptability",0.7174999999999996
"Polarized",10,51,0.15,"2/3",1.5849625007211563,2000,"{1, 2, 3}","Automatic",0.7000000000000001,"QR","NeverFirstRate",0.003
"Polarized",10,51,0.15,"2/3",1.5849625007211563,2000,"{1, 2, 3}","Automatic",0.7000000000000001,"QR","NoiseFlipRate",0.0635
"Polarized",10,51,0.15,"2/3",1.5849625007211563,2000,"{1, 2, 3}","Automatic",0.7000000000000001,"QR","CondorcetExistRate",0.8375
"Polarized",10,51,0.15,"2/3",1.5849625007211563,2000,"{1, 2, 3}","Automatic",0.7000000000000001,"QR","CondorcetEfficiency",0.5719402985074626
"Polarized",10,51,0.15,"2/3",1.5849625007211563,2000,"{1, 2, 3}","Automatic",0.7000000000000001,"QR","MidScore",0.5666666666666659
"Polarized",10,51,0.15,"2/3",1.5849625007211563,2000,"{1, 2, 3}","Automatic",0.7000000000000001,"QR","Top1Acceptability",0.11558823529411745
"Polarized",10,51,0.15,"2/3",1.5849625007211563,2000,"{1, 2, 3}","Automatic",0.7000000000000001,"QR","Top2Acceptability",0.6198235294117647
"Polarized",10,51,0.15,"2/3",1.5849625007211563,2000,"{1, 2, 3}","Automatic",0.7000000000000001,"QR","Top3Acceptability",0.7743921568627445
"Polarized",10,51,0.15,"2/3",1.5849625007211563,2000,"{1, 2, 3}","Automatic",0.7000000000000001,"SDM","NeverFirstRate",0.0065
"Polarized",10,51,0.15,"2/3",1.5849625007211563,2000,"{1, 2, 3}","Automatic",0.7000000000000001,"SDM","NoiseFlipRate",0.04
"Polarized",10,51,0.15,"2/3",1.5849625007211563,2000,"{1, 2, 3}","Automatic",0.7000000000000001,"SDM","CondorcetExistRate",0.8375
"Polarized",10,51,0.15,"2/3",1.5849625007211563,2000,"{1, 2, 3}","Automatic",0.7000000000000001,"SDM","CondorcetEfficiency",0.5540298507462686
"Polarized",10,51,0.15,"2/3",1.5849625007211563,2000,"{1, 2, 3}","Automatic",0.7000000000000001,"SDM","MidScore",0.5695555555555547
"Polarized",10,51,0.15,"2/3",1.5849625007211563,2000,"{1, 2, 3}","Automatic",0.7000000000000001,"SDM","Top1Acceptability",0.11201960784313707
"Polarized",10,51,0.15,"2/3",1.5849625007211563,2000,"{1, 2, 3}","Automatic",0.7000000000000001,"SDM","Top2Acceptability",0.5895196078431373
"Polarized",10,51,0.15,"2/3",1.5849625007211563,2000,"{1, 2, 3}","Automatic",0.7000000000000001,"SDM","Top3Acceptability",0.7689215686274504
"Polarized",10,51,0.15,"2/3",1.5849625007211563,2000,"{1, 2, 3}","Automatic",0.7000000000000001,"Fallback","NeverFirstRate",0.126
"Polarized",10,51,0.15,"2/3",1.5849625007211563,2000,"{1, 2, 3}","Automatic",0.7000000000000001,"Fallback","NoiseFlipRate",0.462
"Polarized",10,51,0.15,"2/3",1.5849625007211563,2000,"{1, 2, 3}","Automatic",0.7000000000000001,"Fallback","CondorcetExistRate",0.8375
"Polarized",10,51,0.15,"2/3",1.5849625007211563,2000,"{1, 2, 3}","Automatic",0.7000000000000001,"Fallback","CondorcetEfficiency",0.1265671641791045
"Polarized",10,51,0.15,"2/3",1.5849625007211563,2000,"{1, 2, 3}","Automatic",0.7000000000000001,"Fallback","MidScore",0.5254444444444437
"Polarized",10,51,0.15,"2/3",1.5849625007211563,2000,"{1, 2, 3}","Automatic",0.7000000000000001,"Fallback","Top1Acceptability",0.06340196078431366
"Polarized",10,51,0.15,"2/3",1.5849625007211563,2000,"{1, 2, 3}","Automatic",0.7000000000000001,"Fallback","Top2Acceptability",0.19632352941176456
"Polarized",10,51,0.15,"2/3",1.5849625007211563,2000,"{1, 2, 3}","Automatic",0.7000000000000001,"Fallback","Top3Acceptability",0.33443137254901967
"Polarized",10,51,0.15,"2/3",1.5849625007211563,2000,"{1, 2, 3}","Automatic",0.8,"Borda","NeverFirstRate",0.0015
"Polarized",10,51,0.15,"2/3",1.5849625007211563,2000,"{1, 2, 3}","Automatic",0.8,"Borda","NoiseFlipRate",0.006
"Polarized",10,51,0.15,"2/3",1.5849625007211563,2000,"{1, 2, 3}","Automatic",0.8,"Borda","CondorcetExistRate",0.9015
"Polarized",10,51,0.15,"2/3",1.5849625007211563,2000,"{1, 2, 3}","Automatic",0.8,"Borda","CondorcetEfficiency",0.6156405990016639
"Polarized",10,51,0.15,"2/3",1.5849625007211563,2000,"{1, 2, 3}","Automatic",0.8,"Borda","MidScore",0.5527777777777769
"Polarized",10,51,0.15,"2/3",1.5849625007211563,2000,"{1, 2, 3}","Automatic",0.8,"Borda","Top1Acceptability",0.12126470588235273
"Polarized",10,51,0.15,"2/3",1.5849625007211563,2000,"{1, 2, 3}","Automatic",0.8,"Borda","Top2Acceptability",0.7184313725490192
"Polarized",10,51,0.15,"2/3",1.5849625007211563,2000,"{1, 2, 3}","Automatic",0.8,"Borda","Top3Acceptability",0.842088235294117
"Polarized",10,51,0.15,"2/3",1.5849625007211563,2000,"{1, 2, 3}","Automatic",0.8,"Plurality","NeverFirstRate",0.
"Polarized",10,51,0.15,"2/3",1.5849625007211563,2000,"{1, 2, 3}","Automatic",0.8,"Plurality","NoiseFlipRate",0.126
"Polarized",10,51,0.15,"2/3",1.5849625007211563,2000,"{1, 2, 3}","Automatic",0.8,"Plurality","CondorcetExistRate",0.9015
"Polarized",10,51,0.15,"2/3",1.5849625007211563,2000,"{1, 2, 3}","Automatic",0.8,"Plurality","CondorcetEfficiency",0.37992235163616195
"Polarized",10,51,0.15,"2/3",1.5849625007211563,2000,"{1, 2, 3}","Automatic",0.8,"Plurality","MidScore",0.0002222222222222222
"Polarized",10,51,0.15,"2/3",1.5849625007211563,2000,"{1, 2, 3}","Automatic",0.8,"Plurality","Top1Acceptability",0.40725490196078407
"Polarized",10,51,0.15,"2/3",1.5849625007211563,2000,"{1, 2, 3}","Automatic",0.8,"Plurality","Top2Acceptability",0.47678431372549007
"Polarized",10,51,0.15,"2/3",1.5849625007211563,2000,"{1, 2, 3}","Automatic",0.8,"Plurality","Top3Acceptability",0.5044607843137253
"Polarized",10,51,0.15,"2/3",1.5849625007211563,2000,"{1, 2, 3}","Automatic",0.8,"Coombs","NeverFirstRate",0.0015
"Polarized",10,51,0.15,"2/3",1.5849625007211563,2000,"{1, 2, 3}","Automatic",0.8,"Coombs","NoiseFlipRate",0.1455
"Polarized",10,51,0.15,"2/3",1.5849625007211563,2000,"{1, 2, 3}","Automatic",0.8,"Coombs","CondorcetExistRate",0.9015
"Polarized",10,51,0.15,"2/3",1.5849625007211563,2000,"{1, 2, 3}","Automatic",0.8,"Coombs","CondorcetEfficiency",0.8835274542429284
"Polarized",10,51,0.15,"2/3",1.5849625007211563,2000,"{1, 2, 3}","Automatic",0.8,"Coombs","MidScore",0.41377777777777713
"Polarized",10,51,0.15,"2/3",1.5849625007211563,2000,"{1, 2, 3}","Automatic",0.8,"Coombs","Top1Acceptability",0.2064509803921565
"Polarized",10,51,0.15,"2/3",1.5849625007211563,2000,"{1, 2, 3}","Automatic",0.8,"Coombs","Top2Acceptability",0.6739117647058821
"Polarized",10,51,0.15,"2/3",1.5849625007211563,2000,"{1, 2, 3}","Automatic",0.8,"Coombs","Top3Acceptability",0.7726274509803915
"Polarized",10,51,0.15,"2/3",1.5849625007211563,2000,"{1, 2, 3}","Automatic",0.8,"QR","NeverFirstRate",0.003
"Polarized",10,51,0.15,"2/3",1.5849625007211563,2000,"{1, 2, 3}","Automatic",0.8,"QR","NoiseFlipRate",0.021
"Polarized",10,51,0.15,"2/3",1.5849625007211563,2000,"{1, 2, 3}","Automatic",0.8,"QR","CondorcetExistRate",0.9015
"Polarized",10,51,0.15,"2/3",1.5849625007211563,2000,"{1, 2, 3}","Automatic",0.8,"QR","CondorcetEfficiency",0.6062118691070438
"Polarized",10,51,0.15,"2/3",1.5849625007211563,2000,"{1, 2, 3}","Automatic",0.8,"QR","MidScore",0.5544444444444436
"Polarized",10,51,0.15,"2/3",1.5849625007211563,2000,"{1, 2, 3}","Automatic",0.8,"QR","Top1Acceptability",0.119862745098039
"Polarized",10,51,0.15,"2/3",1.5849625007211563,2000,"{1, 2, 3}","Automatic",0.8,"QR","Top2Acceptability",0.7110588235294114
"Polarized",10,51,0.15,"2/3",1.5849625007211563,2000,"{1, 2, 3}","Automatic",0.8,"QR","Top3Acceptability",0.8429117647058818
"Polarized",10,51,0.15,"2/3",1.5849625007211563,2000,"{1, 2, 3}","Automatic",0.8,"SDM","NeverFirstRate",0.0075
"Polarized",10,51,0.15,"2/3",1.5849625007211563,2000,"{1, 2, 3}","Automatic",0.8,"SDM","NoiseFlipRate",0.027
"Polarized",10,51,0.15,"2/3",1.5849625007211563,2000,"{1, 2, 3}","Automatic",0.8,"SDM","CondorcetExistRate",0.9015
"Polarized",10,51,0.15,"2/3",1.5849625007211563,2000,"{1, 2, 3}","Automatic",0.8,"SDM","CondorcetEfficiency",0.5879090404880755
"Polarized",10,51,0.15,"2/3",1.5849625007211563,2000,"{1, 2, 3}","Automatic",0.8,"SDM","MidScore",0.5554444444444436
"Polarized",10,51,0.15,"2/3",1.5849625007211563,2000,"{1, 2, 3}","Automatic",0.8,"SDM","Top1Acceptability",0.11686274509803901
"Polarized",10,51,0.15,"2/3",1.5849625007211563,2000,"{1, 2, 3}","Automatic",0.8,"SDM","Top2Acceptability",0.6858627450980389
"Polarized",10,51,0.15,"2/3",1.5849625007211563,2000,"{1, 2, 3}","Automatic",0.8,"SDM","Top3Acceptability",0.8408431372549013
"Polarized",10,51,0.15,"2/3",1.5849625007211563,2000,"{1, 2, 3}","Automatic",0.8,"Fallback","NeverFirstRate",0.206
"Polarized",10,51,0.15,"2/3",1.5849625007211563,2000,"{1, 2, 3}","Automatic",0.8,"Fallback","NoiseFlipRate",0.3765
"Polarized",10,51,0.15,"2/3",1.5849625007211563,2000,"{1, 2, 3}","Automatic",0.8,"Fallback","CondorcetExistRate",0.9015
"Polarized",10,51,0.15,"2/3",1.5849625007211563,2000,"{1, 2, 3}","Automatic",0.8,"Fallback","CondorcetEfficiency",0.12756516916250693
"Polarized",10,51,0.15,"2/3",1.5849625007211563,2000,"{1, 2, 3}","Automatic",0.8,"Fallback","MidScore",0.5456666666666659
"Polarized",10,51,0.15,"2/3",1.5849625007211563,2000,"{1, 2, 3}","Automatic",0.8,"Fallback","Top1Acceptability",0.049166666666666616
"Polarized",10,51,0.15,"2/3",1.5849625007211563,2000,"{1, 2, 3}","Automatic",0.8,"Fallback","Top2Acceptability",0.19263725490196065
"Polarized",10,51,0.15,"2/3",1.5849625007211563,2000,"{1, 2, 3}","Automatic",0.8,"Fallback","Top3Acceptability",0.3535882352941177
"Polarized",10,51,0.15,"2/3",1.5849625007211563,2000,"{1, 2, 3}","Automatic",0.9,"Borda","NeverFirstRate",0.002
"Polarized",10,51,0.15,"2/3",1.5849625007211563,2000,"{1, 2, 3}","Automatic",0.9,"Borda","NoiseFlipRate",0.001
"Polarized",10,51,0.15,"2/3",1.5849625007211563,2000,"{1, 2, 3}","Automatic",0.9,"Borda","CondorcetExistRate",0.9575
"Polarized",10,51,0.15,"2/3",1.5849625007211563,2000,"{1, 2, 3}","Automatic",0.9,"Borda","CondorcetEfficiency",0.6276762402088772
"Polarized",10,51,0.15,"2/3",1.5849625007211563,2000,"{1, 2, 3}","Automatic",0.9,"Borda","MidScore",0.549888888888888
"Polarized",10,51,0.15,"2/3",1.5849625007211563,2000,"{1, 2, 3}","Automatic",0.9,"Borda","Top1Acceptability",0.1259117647058821
"Polarized",10,51,0.15,"2/3",1.5849625007211563,2000,"{1, 2, 3}","Automatic",0.9,"Borda","Top2Acceptability",0.7879117647058818
"Polarized",10,51,0.15,"2/3",1.5849625007211563,2000,"{1, 2, 3}","Automatic",0.9,"Borda","Top3Acceptability",0.9087549019607833
"Polarized",10,51,0.15,"2/3",1.5849625007211563,2000,"{1, 2, 3}","Automatic",0.9,"Plurality","NeverFirstRate",0.
"Polarized",10,51,0.15,"2/3",1.5849625007211563,2000,"{1, 2, 3}","Automatic",0.9,"Plurality","NoiseFlipRate",0.123
"Polarized",10,51,0.15,"2/3",1.5849625007211563,2000,"{1, 2, 3}","Automatic",0.9,"Plurality","CondorcetExistRate",0.9575
"Polarized",10,51,0.15,"2/3",1.5849625007211563,2000,"{1, 2, 3}","Automatic",0.9,"Plurality","CondorcetEfficiency",0.3718015665796345
"Polarized",10,51,0.15,"2/3",1.5849625007211563,2000,"{1, 2, 3}","Automatic",0.9,"Plurality","MidScore",0.
"Polarized",10,51,0.15,"2/3",1.5849625007211563,2000,"{1, 2, 3}","Automatic",0.9,"Plurality","Top1Acceptability",0.4414117647058821
"Polarized",10,51,0.15,"2/3",1.5849625007211563,2000,"{1, 2, 3}","Automatic",0.9,"Plurality","Top2Acceptability",0.5091078431372548
"Polarized",10,51,0.15,"2/3",1.5849625007211563,2000,"{1, 2, 3}","Automatic",0.9,"Plurality","Top3Acceptability",0.5274411764705882
"Polarized",10,51,0.15,"2/3",1.5849625007211563,2000,"{1, 2, 3}","Automatic",0.9,"Coombs","NeverFirstRate",0.
"Polarized",10,51,0.15,"2/3",1.5849625007211563,2000,"{1, 2, 3}","Automatic",0.9,"Coombs","NoiseFlipRate",0.162
"Polarized",10,51,0.15,"2/3",1.5849625007211563,2000,"{1, 2, 3}","Automatic",0.9,"Coombs","CondorcetExistRate",0.9575
"Polarized",10,51,0.15,"2/3",1.5849625007211563,2000,"{1, 2, 3}","Automatic",0.9,"Coombs","CondorcetEfficiency",0.9096605744125327
"Polarized",10,51,0.15,"2/3",1.5849625007211563,2000,"{1, 2, 3}","Automatic",0.9,"Coombs","MidScore",0.3973333333333328
"Polarized",10,51,0.15,"2/3",1.5849625007211563,2000,"{1, 2, 3}","Automatic",0.9,"Coombs","Top1Acceptability",0.23112745098039186
"Polarized",10,51,0.15,"2/3",1.5849625007211563,2000,"{1, 2, 3}","Automatic",0.9,"Coombs","Top2Acceptability",0.7263235294117643
"Polarized",10,51,0.15,"2/3",1.5849625007211563,2000,"{1, 2, 3}","Automatic",0.9,"Coombs","Top3Acceptability",0.819166666666666
"Polarized",10,51,0.15,"2/3",1.5849625007211563,2000,"{1, 2, 3}","Automatic",0.9,"QR","NeverFirstRate",0.002
"Polarized",10,51,0.15,"2/3",1.5849625007211563,2000,"{1, 2, 3}","Automatic",0.9,"QR","NoiseFlipRate",0.005
"Polarized",10,51,0.15,"2/3",1.5849625007211563,2000,"{1, 2, 3}","Automatic",0.9,"QR","CondorcetExistRate",0.9575
"Polarized",10,51,0.15,"2/3",1.5849625007211563,2000,"{1, 2, 3}","Automatic",0.9,"QR","CondorcetEfficiency",0.6276762402088772
"Polarized",10,51,0.15,"2/3",1.5849625007211563,2000,"{1, 2, 3}","Automatic",0.9,"QR","MidScore",0.5496666666666659
"Polarized",10,51,0.15,"2/3",1.5849625007211563,2000,"{1, 2, 3}","Automatic",0.9,"QR","Top1Acceptability",0.12579411764705858
"Polarized",10,51,0.15,"2/3",1.5849625007211563,2000,"{1, 2, 3}","Automatic",0.9,"QR","Top2Acceptability",0.7871078431372543
"Polarized",10,51,0.15,"2/3",1.5849625007211563,2000,"{1, 2, 3}","Automatic",0.9,"QR","Top3Acceptability",0.9088235294117637
"Polarized",10,51,0.15,"2/3",1.5849625007211563,2000,"{1, 2, 3}","Automatic",0.9,"SDM","NeverFirstRate",0.004
"Polarized",10,51,0.15,"2/3",1.5849625007211563,2000,"{1, 2, 3}","Automatic",0.9,"SDM","NoiseFlipRate",0.011
"Polarized",10,51,0.15,"2/3",1.5849625007211563,2000,"{1, 2, 3}","Automatic",0.9,"SDM","CondorcetExistRate",0.9575
"Polarized",10,51,0.15,"2/3",1.5849625007211563,2000,"{1, 2, 3}","Automatic",0.9,"SDM","CondorcetEfficiency",0.6224543080939948
"Polarized",10,51,0.15,"2/3",1.5849625007211563,2000,"{1, 2, 3}","Automatic",0.9,"SDM","MidScore",0.5464444444444436
"Polarized",10,51,0.15,"2/3",1.5849625007211563,2000,"{1, 2, 3}","Automatic",0.9,"SDM","Top1Acceptability",0.12473529411764683
"Polarized",10,51,0.15,"2/3",1.5849625007211563,2000,"{1, 2, 3}","Automatic",0.9,"SDM","Top2Acceptability",0.7784705882352936
"Polarized",10,51,0.15,"2/3",1.5849625007211563,2000,"{1, 2, 3}","Automatic",0.9,"SDM","Top3Acceptability",0.9087352941176461
"Polarized",10,51,0.15,"2/3",1.5849625007211563,2000,"{1, 2, 3}","Automatic",0.9,"Fallback","NeverFirstRate",0.2915
"Polarized",10,51,0.15,"2/3",1.5849625007211563,2000,"{1, 2, 3}","Automatic",0.9,"Fallback","NoiseFlipRate",0.25
"Polarized",10,51,0.15,"2/3",1.5849625007211563,2000,"{1, 2, 3}","Automatic",0.9,"Fallback","CondorcetExistRate",0.9575
"Polarized",10,51,0.15,"2/3",1.5849625007211563,2000,"{1, 2, 3}","Automatic",0.9,"Fallback","CondorcetEfficiency",0.16605744125326372
"Polarized",10,51,0.15,"2/3",1.5849625007211563,2000,"{1, 2, 3}","Automatic",0.9,"Fallback","MidScore",0.5477777777777769
"Polarized",10,51,0.15,"2/3",1.5849625007211563,2000,"{1, 2, 3}","Automatic",0.9,"Fallback","Top1Acceptability",0.045764705882352916
"Polarized",10,51,0.15,"2/3",1.5849625007211563,2000,"{1, 2, 3}","Automatic",0.9,"Fallback","Top2Acceptability",0.23866666666666664
"Polarized",10,51,0.15,"2/3",1.5849625007211563,2000,"{1, 2, 3}","Automatic",0.9,"Fallback","Top3Acceptability",0.4436960784313726
"Polarized",10,51,0.15,"2/3",1.5849625007211563,2000,"{1, 2, 3}","Automatic",1.,"Borda","NeverFirstRate",0.0005
"Polarized",10,51,0.15,"2/3",1.5849625007211563,2000,"{1, 2, 3}","Automatic",1.,"Borda","NoiseFlipRate",0.
"Polarized",10,51,0.15,"2/3",1.5849625007211563,2000,"{1, 2, 3}","Automatic",1.,"Borda","CondorcetExistRate",0.991
"Polarized",10,51,0.15,"2/3",1.5849625007211563,2000,"{1, 2, 3}","Automatic",1.,"Borda","CondorcetEfficiency",0.6680121089808274
"Polarized",10,51,0.15,"2/3",1.5849625007211563,2000,"{1, 2, 3}","Automatic",1.,"Borda","MidScore",0.554888888888888
"Polarized",10,51,0.15,"2/3",1.5849625007211563,2000,"{1, 2, 3}","Automatic",1.,"Borda","Top1Acceptability",0.12910784313725468
"Polarized",10,51,0.15,"2/3",1.5849625007211563,2000,"{1, 2, 3}","Automatic",1.,"Borda","Top2Acceptability",0.8543431372549012
"Polarized",10,51,0.15,"2/3",1.5849625007211563,2000,"{1, 2, 3}","Automatic",1.,"Borda","Top3Acceptability",0.9783529411764701
"Polarized",10,51,0.15,"2/3",1.5849625007211563,2000,"{1, 2, 3}","Automatic",1.,"Plurality","NeverFirstRate",0.
"Polarized",10,51,0.15,"2/3",1.5849625007211563,2000,"{1, 2, 3}","Automatic",1.,"Plurality","NoiseFlipRate",0.13
"Polarized",10,51,0.15,"2/3",1.5849625007211563,2000,"{1, 2, 3}","Automatic",1.,"Plurality","CondorcetExistRate",0.991
"Polarized",10,51,0.15,"2/3",1.5849625007211563,2000,"{1, 2, 3}","Automatic",1.,"Plurality","CondorcetEfficiency",0.33198789101917253
"Polarized",10,51,0.15,"2/3",1.5849625007211563,2000,"{1, 2, 3}","Automatic",1.,"Plurality","MidScore",0.
"Polarized",10,51,0.15,"2/3",1.5849625007211563,2000,"{1, 2, 3}","Automatic",1.,"Plurality","Top1Acceptability",0.4751078431372547
"Polarized",10,51,0.15,"2/3",1.5849625007211563,2000,"{1, 2, 3}","Automatic",1.,"Plurality","Top2Acceptability",0.5399509803921569
"Polarized",10,51,0.15,"2/3",1.5849625007211563,2000,"{1, 2, 3}","Automatic",1.,"Plurality","Top3Acceptability",0.549372549019608
"Polarized",10,51,0.15,"2/3",1.5849625007211563,2000,"{1, 2, 3}","Automatic",1.,"Coombs","NeverFirstRate",0.
"Polarized",10,51,0.15,"2/3",1.5849625007211563,2000,"{1, 2, 3}","Automatic",1.,"Coombs","NoiseFlipRate",0.194
"Polarized",10,51,0.15,"2/3",1.5849625007211563,2000,"{1, 2, 3}","Automatic",1.,"Coombs","CondorcetExistRate",0.991
"Polarized",10,51,0.15,"2/3",1.5849625007211563,2000,"{1, 2, 3}","Automatic",1.,"Coombs","CondorcetEfficiency",0.9667003027245207
"Polarized",10,51,0.15,"2/3",1.5849625007211563,2000,"{1, 2, 3}","Automatic",1.,"Coombs","MidScore",0.39466666666666617
"Polarized",10,51,0.15,"2/3",1.5849625007211563,2000,"{1, 2, 3}","Automatic",1.,"Coombs","Top1Acceptability",0.25416666666666654
"Polarized",10,51,0.15,"2/3",1.5849625007211563,2000,"{1, 2, 3}","Automatic",1.,"Coombs","Top2Acceptability",0.7760784313725484
"Polarized",10,51,0.15,"2/3",1.5849625007211563,2000,"{1, 2, 3}","Automatic",1.,"Coombs","Top3Acceptability",0.8641274509803916
"Polarized",10,51,0.15,"2/3",1.5849625007211563,2000,"{1, 2, 3}","Automatic",1.,"QR","NeverFirstRate",0.0005
"Polarized",10,51,0.15,"2/3",1.5849625007211563,2000,"{1, 2, 3}","Automatic",1.,"QR","NoiseFlipRate",0.002
"Polarized",10,51,0.15,"2/3",1.5849625007211563,2000,"{1, 2, 3}","Automatic",1.,"QR","CondorcetExistRate",0.991
"Polarized",10,51,0.15,"2/3",1.5849625007211563,2000,"{1, 2, 3}","Automatic",1.,"QR","CondorcetEfficiency",0.6695257315842583
"Polarized",10,51,0.15,"2/3",1.5849625007211563,2000,"{1, 2, 3}","Automatic",1.,"QR","MidScore",0.553777777777777
"Polarized",10,51,0.15,"2/3",1.5849625007211563,2000,"{1, 2, 3}","Automatic",1.,"QR","Top1Acceptability",0.12992156862745077
"Polarized",10,51,0.15,"2/3",1.5849625007211563,2000,"{1, 2, 3}","Automatic",1.,"QR","Top2Acceptability",0.8542352941176463
"Polarized",10,51,0.15,"2/3",1.5849625007211563,2000,"{1, 2, 3}","Automatic",1.,"QR","Top3Acceptability",0.9779705882352937
"Polarized",10,51,0.15,"2/3",1.5849625007211563,2000,"{1, 2, 3}","Automatic",1.,"SDM","NeverFirstRate",0.0005
"Polarized",10,51,0.15,"2/3",1.5849625007211563,2000,"{1, 2, 3}","Automatic",1.,"SDM","NoiseFlipRate",0.
"Polarized",10,51,0.15,"2/3",1.5849625007211563,2000,"{1, 2, 3}","Automatic",1.,"SDM","CondorcetExistRate",0.991
"Polarized",10,51,0.15,"2/3",1.5849625007211563,2000,"{1, 2, 3}","Automatic",1.,"SDM","CondorcetEfficiency",0.6680121089808274
"Polarized",10,51,0.15,"2/3",1.5849625007211563,2000,"{1, 2, 3}","Automatic",1.,"SDM","MidScore",0.554888888888888
"Polarized",10,51,0.15,"2/3",1.5849625007211563,2000,"{1, 2, 3}","Automatic",1.,"SDM","Top1Acceptability",0.12910784313725468
"Polarized",10,51,0.15,"2/3",1.5849625007211563,2000,"{1, 2, 3}","Automatic",1.,"SDM","Top2Acceptability",0.8543431372549012
"Polarized",10,51,0.15,"2/3",1.5849625007211563,2000,"{1, 2, 3}","Automatic",1.,"SDM","Top3Acceptability",0.9783529411764701
"Polarized",10,51,0.15,"2/3",1.5849625007211563,2000,"{1, 2, 3}","Automatic",1.,"Fallback","NeverFirstRate",0.08
"Polarized",10,51,0.15,"2/3",1.5849625007211563,2000,"{1, 2, 3}","Automatic",1.,"Fallback","NoiseFlipRate",0.2
"Polarized",10,51,0.15,"2/3",1.5849625007211563,2000,"{1, 2, 3}","Automatic",1.,"Fallback","CondorcetExistRate",0.991
"Polarized",10,51,0.15,"2/3",1.5849625007211563,2000,"{1, 2, 3}","Automatic",1.,"Fallback","CondorcetEfficiency",0.5327951564076691
"Polarized",10,51,0.15,"2/3",1.5849625007211563,2000,"{1, 2, 3}","Automatic",1.,"Fallback","MidScore",0.5516666666666659
"Polarized",10,51,0.15,"2/3",1.5849625007211563,2000,"{1, 2, 3}","Automatic",1.,"Fallback","Top1Acceptability",0.10711764705882336
"Polarized",10,51,0.15,"2/3",1.5849625007211563,2000,"{1, 2, 3}","Automatic",1.,"Fallback","Top2Acceptability",0.7136568627450977
"Polarized",10,51,0.15,"2/3",1.5849625007211563,2000,"{1, 2, 3}","Automatic",1.,"Fallback","Top3Acceptability",0.9472156862745094
