"Model","m","n","phi","q","p","S","TopKList","MaxRank","lambda","Rule","Metric","Value"
"OppPrefs",3,51,0.15,"2/3",1.5849625007211563,2000,"{1, 2, 3}","Automatic",0.,"Borda","NeverFirstRate",0.
"OppPrefs",3,51,0.15,"2/3",1.5849625007211563,2000,"{1, 2, 3}","Automatic",0.,"Borda","NoiseFlipRate",0.4865
"OppPrefs",3,51,0.15,"2/3",1.5849625007211563,2000,"{1, 2, 3}","Automatic",0.,"Borda","CondorcetExistRate",0.9145
"OppPrefs",3,51,0.15,"2/3",1.5849625007211563,2000,"{1, 2, 3}","Automatic",0.,"Borda","CondorcetEfficiency",0.9037725533078185
"OppPrefs",3,51,0.15,"2/3",1.5849625007211563,2000,"{1, 2, 3}","Automatic",0.,"Borda","MidScore",0.341
"OppPrefs",3,51,0.15,"2/3",1.5849625007211563,2000,"{1, 2, 3}","Automatic",0.,"Borda","Top1Acceptability",0.3937745098039213
"OppPrefs",3,51,0.15,"2/3",1.5849625007211563,2000,"{1, 2, 3}","Automatic",0.,"Borda","Top2Acceptability",0.724598039215686
"OppPrefs",3,51,0.15,"2/3",1.5849625007211563,2000,"{1, 2, 3}","Automatic",0.,"Borda","Top3Acceptability",1.
"OppPrefs",3,51,0.15,"2/3",1.5849625007211563,2000,"{1, 2, 3}","Automatic",0.,"Plurality","NeverFirstRate",0.
"OppPrefs",3,51,0.15,"2/3",1.5849625007211563,2000,"{1, 2, 3}","Automatic",0.,"Plurality","NoiseFlipRate",0.585
"OppPrefs",3,51,0.15,"2/3",1.5849625007211563,2000,"{1, 2, 3}","Automatic",0.,"Plurality","CondorcetExistRate",0.9145
"OppPrefs",3,51,0.15,"2/3",1.5849625007211563,2000,"{1, 2, 3}","Automatic",0.,"Plurality","CondorcetEfficiency",0.7725533078184801
"OppPrefs",3,51,0.15,"2/3",1.5849625007211563,2000,"{1, 2, 3}","Automatic",0.,"Plurality","MidScore",0.325
"OppPrefs",3,51,0.15,"2/3",1.5849625007211563,2000,"{1, 2, 3}","Automatic",0.,"Plurality","Top1Acceptability",0.4023235294117644
"OppPrefs",3,51,0.15,"2/3",1.5849625007211563,2000,"{1, 2, 3}","Automatic",0.,"Plurality","Top2Acceptability",0.700019607843137
"OppPrefs",3,51,0.15,"2/3",1.5849625007211563,2000,"{1, 2, 3}","Automatic",0.,"Plurality","Top3Acceptability",1.
"OppPrefs",3,51,0.15,"2/3",1.5849625007211563,2000,"{1, 2, 3}","Automatic",0.,"Coombs","NeverFirstRate",0.
"OppPrefs",3,51,0.15,"2/3",1.5849625007211563,2000,"{1, 2, 3}","Automatic",0.,"Coombs","NoiseFlipRate",0.5235
"OppPrefs",3,51,0.15,"2/3",1.5849625007211563,2000,"{1, 2, 3}","Automatic",0.,"Coombs","CondorcetExistRate",0.9145
"OppPrefs",3,51,0.15,"2/3",1.5849625007211563,2000,"{1, 2, 3}","Automatic",0.,"Coombs","CondorcetEfficiency",0.9584472389283761
"OppPrefs",3,51,0.15,"2/3",1.5849625007211563,2000,"{1, 2, 3}","Automatic",0.,"Coombs","MidScore",0.3315
"OppPrefs",3,51,0.15,"2/3",1.5849625007211563,2000,"{1, 2, 3}","Automatic",0.,"Coombs","Top1Acceptability",0.3879509803921566
"OppPrefs",3,51,0.15,"2/3",1.5849625007211563,2000,"{1, 2, 3}","Automatic",0.,"Coombs","Top2Acceptability",0.7233823529411761
"OppPrefs",3,51,0.15,"2/3",1.5849625007211563,2000,"{1, 2, 3}","Automatic",0.,"Coombs","Top3Acceptability",1.
"OppPrefs",3,51,0.15,"2/3",1.5849625007211563,2000,"{1, 2, 3}","Automatic",0.,"QR","NeverFirstRate",0.
"OppPrefs",3,51,0.15,"2/3",1.5849625007211563,2000,"{1, 2, 3}","Automatic",0.,"QR","NoiseFlipRate",0.5905
"OppPrefs",3,51,0.15,"2/3",1.5849625007211563,2000,"{1, 2, 3}","Automatic",0.,"QR","CondorcetExistRate",0.9145
"OppPrefs",3,51,0.15,"2/3",1.5849625007211563,2000,"{1, 2, 3}","Automatic",0.,"QR","CondorcetEfficiency",0.7331875341716785
"OppPrefs",3,51,0.15,"2/3",1.5849625007211563,2000,"{1, 2, 3}","Automatic",0.,"QR","MidScore",0.3335
"OppPrefs",3,51,0.15,"2/3",1.5849625007211563,2000,"{1, 2, 3}","Automatic",0.,"QR","Top1Acceptability",0.36585294117647027
"OppPrefs",3,51,0.15,"2/3",1.5849625007211563,2000,"{1, 2, 3}","Automatic",0.,"QR","Top2Acceptability",0.7340882352941172
"OppPrefs",3,51,0.15,"2/3",1.5849625007211563,2000,"{1, 2, 3}","Automatic",0.,"QR","Top3Acceptability",1.
"OppPrefs",3,51,0.15,"2/3",1.5849625007211563,2000,"{1, 2, 3}","Automatic",0.,"SDM","NeverFirstRate",0.
"OppPrefs",3,51,0.15,"2/3",1.5849625007211563,2000,"{1, 2, 3}","Automatic",0.,"SDM","NoiseFlipRate",0.5065
"OppPrefs",3,51,0.15,"2/3",1.5849625007211563,2000,"{1, 2, 3}","Automatic",0.,"SDM","CondorcetExistRate",0.9145
"OppPrefs",3,51,0.15,"2/3",1.5849625007211563,2000,"{1, 2, 3}","Automatic",0.,"SDM","CondorcetEfficiency",0.864406779661017
"OppPrefs",3,51,0.15,"2/3",1.5849625007211563,2000,"{1, 2, 3}","Automatic",0.,"SDM","MidScore",0.3355
"OppPrefs",3,51,0.15,"2/3",1.5849625007211563,2000,"{1, 2, 3}","Automatic",0.,"SDM","Top1Acceptability",0.3855392156862742
"OppPrefs",3,51,0.15,"2/3",1.5849625007211563,2000,"{1, 2, 3}","Automatic",0.,"SDM","Top2Acceptability",0.7303627450980389
"OppPrefs",3,51,0.15,"2/3",1.5849625007211563,2000,"{1, 2, 3}","Automatic",0.,"SDM","Top3Acceptability",1.
"OppPrefs",3,51,0.15,"2/3",1.5849625007211563,2000,"{1, 2, 3}","Automatic",0.,"Fallback","NeverFirstRate",0.
"OppPrefs",3,51,0.15,"2/3",1.5849625007211563,2000,"{1, 2, 3}","Automatic",0.,"Fallback","NoiseFlipRate",0.698
"OppPrefs",3,51,0.15,"2/3",1.5849625007211563,2000,"{1, 2, 3}","Automatic",0.,"Fallback","CondorcetExistRate",0.9145
"OppPrefs",3,51,0.15,"2/3",1.5849625007211563,2000,"{1, 2, 3}","Automatic",0.,"Fallback","CondorcetEfficiency",0.3400765445598688
"OppPrefs",3,51,0.15,"2/3",1.5849625007211563,2000,"{1, 2, 3}","Automatic",0.,"Fallback","MidScore",0.341
"OppPrefs",3,51,0.15,"2/3",1.5849625007211563,2000,"{1, 2, 3}","Automatic",0.,"Fallback","Top1Acceptability",0.33490196078431345
"OppPrefs",3,51,0.15,"2/3",1.5849625007211563,2000,"{1, 2, 3}","Automatic",0.,"Fallback","Top2Acceptability",0.6655098039215687
"OppPrefs",3,51,0.15,"2/3",1.5849625007211563,2000,"{1, 2, 3}","Automatic",0.,"Fallback","Top3Acceptability",1.
"OppPrefs",3,51,0.15,"2/3",1.5849625007211563,2000,"{1, 2, 3}","Automatic",0.1,"Borda","NeverFirstRate",0.
"OppPrefs",3,51,0.15,"2/3",1.5849625007211563,2000,"{1, 2, 3}","Automatic",0.1,"Borda","NoiseFlipRate",0.465
"OppPrefs",3,51,0.15,"2/3",1.5849625007211563,2000,"{1, 2, 3}","Automatic",0.1,"Borda","CondorcetExistRate",0.907
"OppPrefs",3,51,0.15,"2/3",1.5849625007211563,2000,"{1, 2, 3}","Automatic",0.1,"Borda","CondorcetEfficiency",0.9040793825799338
"OppPrefs",3,51,0.15,"2/3",1.5849625007211563,2000,"{1, 2, 3}","Automatic",0.1,"Borda","MidScore",0.321
"OppPrefs",3,51,0.15,"2/3",1.5849625007211563,2000,"{1, 2, 3}","Automatic",0.1,"Borda","Top1Acceptability",0.3924313725490194
"OppPrefs",3,51,0.15,"2/3",1.5849625007211563,2000,"{1, 2, 3}","Automatic",0.1,"Borda","Top2Acceptability",0.7226470588235291
"OppPrefs",3,51,0.15,"2/3",1.5849625007211563,2000,"{1, 2, 3}","Automatic",0.1,"Borda","Top3Acceptability",1.
"OppPrefs",3,51,0.15,"2/3",1.5849625007211563,2000,"{1, 2, 3}","Automatic",0.1,"Plurality","NeverFirstRate",0.
"OppPrefs",3,51,0.15,"2/3",1.5849625007211563,2000,"{1, 2, 3}","Automatic",0.1,"Plurality","NoiseFlipRate",0.592
"OppPrefs",3,51,0.15,"2/3",1.5849625007211563,2000,"{1, 2, 3}","Automatic",0.1,"Plurality","CondorcetExistRate",0.907
"OppPrefs",3,51,0.15,"2/3",1.5849625007211563,2000,"{1, 2, 3}","Automatic",0.1,"Plurality","CondorcetEfficiency",0.7668136714443219
"OppPrefs",3,51,0.15,"2/3",1.5849625007211563,2000,"{1, 2, 3}","Automatic",0.1,"Plurality","MidScore",0.232
"OppPrefs",3,51,0.15,"2/3",1.5849625007211563,2000,"{1, 2, 3}","Automatic",0.1,"Plurality","Top1Acceptability",0.40249999999999975
"OppPrefs",3,51,0.15,"2/3",1.5849625007211563,2000,"{1, 2, 3}","Automatic",0.1,"Plurality","Top2Acceptability",0.6951960784313722
"OppPrefs",3,51,0.15,"2/3",1.5849625007211563,2000,"{1, 2, 3}","Automatic",0.1,"Plurality","Top3Acceptability",1.
"OppPrefs",3,51,0.15,"2/3",1.5849625007211563,2000,"{1, 2, 3}","Automatic",0.1,"Coombs","NeverFirstRate",0.
"OppPrefs",3,51,0.15,"2/3",1.5849625007211563,2000,"{1, 2, 3}","Automatic",0.1,"Coombs","NoiseFlipRate",0.4975
"OppPrefs",3,51,0.15,"2/3",1.5849625007211563,2000,"{1, 2, 3}","Automatic",0.1,"Coombs","CondorcetExistRate",0.907
"OppPrefs",3,51,0.15,"2/3",1.5849625007211563,2000,"{1, 2, 3}","Automatic",0.1,"Coombs","CondorcetEfficiency",0.9575523704520397
"OppPrefs",3,51,0.15,"2/3",1.5849625007211563,2000,"{1, 2, 3}","Automatic",0.1,"Coombs","MidScore",0.3415
"OppPrefs",3,51,0.15,"2/3",1.5849625007211563,2000,"{1, 2, 3}","Automatic",0.1,"Coombs","Top1Acceptability",0.38608823529411745
"OppPrefs",3,51,0.15,"2/3",1.5849625007211563,2000,"{1, 2, 3}","Automatic",0.1,"Coombs","Top2Acceptability",0.7220882352941175
"OppPrefs",3,51,0.15,"2/3",1.5849625007211563,2000,"{1, 2, 3}","Automatic",0.1,"Coombs","Top3Acceptability",1.
"OppPrefs",3,51,0.15,"2/3",1.5849625007211563,2000,"{1, 2, 3}","Automatic",0.1,"QR","NeverFirstRate",0.
"OppPrefs",3,51,0.15,"2/3",1.5849625007211563,2000,"{1, 2, 3}","Automatic",0.1,"QR","NoiseFlipRate",0.594
"OppPrefs",3,51,0.15,"2/3",1.5849625007211563,2000,"{1, 2, 3}","Automatic",0.1,"QR","CondorcetExistRate",0.907
"OppPrefs",3,51,0.15,"2/3",1.5849625007211563,2000,"{1, 2, 3}","Automatic",0.1,"QR","CondorcetEfficiency",0.721058434399118
"OppPrefs",3,51,0.15,"2/3",1.5849625007211563,2000,"{1, 2, 3}","Automatic",0.1,"QR","MidScore",0.4445
"OppPrefs",3,51,0.15,"2/3",1.5849625007211563,2000,"{1, 2, 3}","Automatic",0.1,"QR","Top1Acceptability",0.3618529411764704
"OppPrefs",3,51,0.15,"2/3",1.5849625007211563,2000,"{1, 2, 3}","Automatic",0.1,"QR","Top2Acceptability",0.7347058823529408
"OppPrefs",3,51,0.15,"2/3",1.5849625007211563,2000,"{1, 2, 3}","Automatic",0.1,"QR","Top3Acceptability",1.
"OppPrefs",3,51,0.15,"2/3",1.5849625007211563,2000,"{1, 2, 3}","Automatic",0.1,"SDM","NeverFirstRate",0.
"OppPrefs",3,51,0.15,"2/3",1.5849625007211563,2000,"{1, 2, 3}","Automatic",0.1,"SDM","NoiseFlipRate",0.4775
"OppPrefs",3,51,0.15,"2/3",1.5849625007211563,2000,"{1, 2, 3}","Automatic",0.1,"SDM","CondorcetExistRate",0.907
"OppPrefs",3,51,0.15,"2/3",1.5849625007211563,2000,"{1, 2, 3}","Automatic",0.1,"SDM","CondorcetEfficiency",0.8511576626240352
"OppPrefs",3,51,0.15,"2/3",1.5849625007211563,2000,"{1, 2, 3}","Automatic",0.1,"SDM","MidScore",0.376
"OppPrefs",3,51,0.15,"2/3",1.5849625007211563,2000,"{1, 2, 3}","Automatic",0.1,"SDM","Top1Acceptability",0.3820588235294115
"OppPrefs",3,51,0.15,"2/3",1.5849625007211563,2000,"{1, 2, 3}","Automatic",0.1,"SDM","Top2Acceptability",0.7302352941176466
"OppPrefs",3,51,0.15,"2/3",1.5849625007211563,2000,"{1, 2, 3}","Automatic",0.1,"SDM","Top3Acceptability",1.
"OppPrefs",3,51,0.15,"2/3",1.5849625007211563,2000,"{1, 2, 3}","Automatic",0.1,"Fallback","NeverFirstRate",0.
"OppPrefs",3,51,0.15,"2/3",1.5849625007211563,2000,"{1, 2, 3}","Automatic",0.1,"Fallback","NoiseFlipRate",0.661
"OppPrefs",3,51,0.15,"2/3",1.5849625007211563,2000,"{1, 2, 3}","Automatic",0.1,"Fallback","CondorcetExistRate",0.907
"OppPrefs",3,51,0.15,"2/3",1.5849625007211563,2000,"{1, 2, 3}","Automatic",0.1,"Fallback","CondorcetEfficiency",0.32579933847850057
"OppPrefs",3,51,0.15,"2/3",1.5849625007211563,2000,"{1, 2, 3}","Automatic",0.1,"Fallback","MidScore",0.3445
"OppPrefs",3,51,0.15,"2/3",1.5849625007211563,2000,"{1, 2, 3}","Automatic",0.1,"Fallback","Top1Acceptability",0.33193137254901944
"OppPrefs",3,51,0.15,"2/3",1.5849625007211563,2000,"{1, 2, 3}","Automatic",0.1,"Fallback","Top2Acceptability",0.667019607843137
"OppPrefs",3,51,0.15,"2/3",1.5849625007211563,2000,"{1, 2, 3}","Automatic",0.1,"Fallback","Top3Acceptability",1.
"OppPrefs",3,51,0.15,"2/3",1.5849625007211563,2000,"{1, 2, 3}","Automatic",0.2,"Borda","NeverFirstRate",0.
"OppPrefs",3,51,0.15,"2/3",1.5849625007211563,2000,"{1, 2, 3}","Automatic",0.2,"Borda","NoiseFlipRate",0.463
"OppPrefs",3,51,0.15,"2/3",1.5849625007211563,2000,"{1, 2, 3}","Automatic",0.2,"Borda","CondorcetExistRate",0.9025
"OppPrefs",3,51,0.15,"2/3",1.5849625007211563,2000,"{1, 2, 3}","Automatic",0.2,"Borda","CondorcetEfficiency",0.9119113573407203
"OppPrefs",3,51,0.15,"2/3",1.5849625007211563,2000,"{1, 2, 3}","Automatic",0.2,"Borda","MidScore",0.345
"OppPrefs",3,51,0.15,"2/3",1.5849625007211563,2000,"{1, 2, 3}","Automatic",0.2,"Borda","Top1Acceptability",0.3899509803921566
"OppPrefs",3,51,0.15,"2/3",1.5849625007211563,2000,"{1, 2, 3}","Automatic",0.2,"Borda","Top2Acceptability",0.7203235294117644
"OppPrefs",3,51,0.15,"2/3",1.5849625007211563,2000,"{1, 2, 3}","Automatic",0.2,"Borda","Top3Acceptability",1.
"OppPrefs",3,51,0.15,"2/3",1.5849625007211563,2000,"{1, 2, 3}","Automatic",0.2,"Plurality","NeverFirstRate",0.
"OppPrefs",3,51,0.15,"2/3",1.5849625007211563,2000,"{1, 2, 3}","Automatic",0.2,"Plurality","NoiseFlipRate",0.627
"OppPrefs",3,51,0.15,"2/3",1.5849625007211563,2000,"{1, 2, 3}","Automatic",0.2,"Plurality","CondorcetExistRate",0.9025
"OppPrefs",3,51,0.15,"2/3",1.5849625007211563,2000,"{1, 2, 3}","Automatic",0.2,"Plurality","CondorcetEfficiency",0.7157894736842105
"OppPrefs",3,51,0.15,"2/3",1.5849625007211563,2000,"{1, 2, 3}","Automatic",0.2,"Plurality","MidScore",0.171
"OppPrefs",3,51,0.15,"2/3",1.5849625007211563,2000,"{1, 2, 3}","Automatic",0.2,"Plurality","Top1Acceptability",0.40343137254901934
"OppPrefs",3,51,0.15,"2/3",1.5849625007211563,2000,"{1, 2, 3}","Automatic",0.2,"Plurality","Top2Acceptability",0.6862647058823526
"OppPrefs",3,51,0.15,"2/3",1.5849625007211563,2000,"{1, 2, 3}","Automatic",0.2,"Plurality","Top3Acceptability",1.
"OppPrefs",3,51,0.15,"2/3",1.5849625007211563,2000,"{1, 2, 3}","Automatic",0.2,"Coombs","NeverFirstRate",0.
"OppPrefs",3,51,0.15,"2/3",1.5849625007211563,2000,"{1, 2, 3}","Automatic",0.2,"Coombs","NoiseFlipRate",0.5
"OppPrefs",3,51,0.15,"2/3",1.5849625007211563,2000,"{1, 2, 3}","Automatic",0.2,"Coombs","CondorcetExistRate",0.9025
"OppPrefs",3,51,0.15,"2/3",1.5849625007211563,2000,"{1, 2, 3}","Automatic",0.2,"Coombs","CondorcetEfficiency",0.9468144044321329
"OppPrefs",3,51,0.15,"2/3",1.5849625007211563,2000,"{1, 2, 3}","Automatic",0.2,"Coombs","MidScore",0.3755
"OppPrefs",3,51,0.15,"2/3",1.5849625007211563,2000,"{1, 2, 3}","Automatic",0.2,"Coombs","Top1Acceptability",0.38108823529411745
"OppPrefs",3,51,0.15,"2/3",1.5849625007211563,2000,"{1, 2, 3}","Automatic",0.2,"Coombs","Top2Acceptability",0.7222450980392153
"OppPrefs",3,51,0.15,"2/3",1.5849625007211563,2000,"{1, 2, 3}","Automatic",0.2,"Coombs","Top3Acceptability",1.
"OppPrefs",3,51,0.15,"2/3",1.5849625007211563,2000,"{1, 2, 3}","Automatic",0.2,"QR","NeverFirstRate",0.
"OppPrefs",3,51,0.15,"2/3",1.5849625007211563,2000,"{1, 2, 3}","Automatic",0.2,"QR","NoiseFlipRate",0.615
"OppPrefs",3,51,0.15,"2/3",1.5849625007211563,2000,"{1, 2, 3}","Automatic",0.2,"QR","CondorcetExistRate",0.9025
"OppPrefs",3,51,0.15,"2/3",1.5849625007211563,2000,"{1, 2, 3}","Automatic",0.2,"QR","CondorcetEfficiency",0.6786703601108033
"OppPrefs",3,51,0.15,"2/3",1.5849625007211563,2000,"{1, 2, 3}","Automatic",0.2,"QR","MidScore",0.5905
"OppPrefs",3,51,0.15,"2/3",1.5849625007211563,2000,"{1, 2, 3}","Automatic",0.2,"QR","Top1Acceptability",0.34474509803921544
"OppPrefs",3,51,0.15,"2/3",1.5849625007211563,2000,"{1, 2, 3}","Automatic",0.2,"QR","Top2Acceptability",0.7373333333333328
"OppPrefs",3,51,0.15,"2/3",1.5849625007211563,2000,"{1, 2, 3}","Automatic",0.2,"QR","Top3Acceptability",1.
"OppPrefs",3,51,0.15,"2/3",1.5849625007211563,2000,"{1, 2, 3}","Automatic",0.2,"SDM","NeverFirstRate",0.
"OppPrefs",3,51,0.15,"2/3",1.5849625007211563,2000,"{1, 2, 3}","Automatic",0.2,"SDM","NoiseFlipRate",0.496
"OppPrefs",3,51,0.15,"2/3",1.5849625007211563,2000,"{1, 2, 3}","Automatic",0.2,"SDM","CondorcetExistRate",0.9025
"OppPrefs",3,51,0.15,"2/3",1.5849625007211563,2000,"{1, 2, 3}","Automatic",0.2,"SDM","CondorcetEfficiency",0.8493074792243768
"OppPrefs",3,51,0.15,"2/3",1.5849625007211563,2000,"{1, 2, 3}","Automatic",0.2,"SDM","MidScore",0.436
"OppPrefs",3,51,0.15,"2/3",1.5849625007211563,2000,"{1, 2, 3}","Automatic",0.2,"SDM","Top1Acceptability",0.37571568627450963
"OppPrefs",3,51,0.15,"2/3",1.5849625007211563,2000,"{1, 2, 3}","Automatic",0.2,"SDM","Top2Acceptability",0.7306568627450977
"OppPrefs",3,51,0.15,"2/3",1.5849625007211563,2000,"{1, 2, 3}","Automatic",0.2,"SDM","Top3Acceptability",1.
"OppPrefs",3,51,0.15,"2/3",1.5849625007211563,2000,"{1, 2, 3}","Automatic",0.2,"Fallback","NeverFirstRate",0.
"OppPrefs",3,51,0.15,"2/3",1.5849625007211563,2000,"{1, 2, 3}","Automatic",0.2,"Fallback","NoiseFlipRate",0.646
"OppPrefs",3,51,0.15,"2/3",1.5849625007211563,2000,"{1, 2, 3}","Automatic",0.2,"Fallback","CondorcetExistRate",0.9025
"OppPrefs",3,51,0.15,"2/3",1.5849625007211563,2000,"{1, 2, 3}","Automatic",0.2,"Fallback","CondorcetEfficiency",0.34349030470914127
"OppPrefs",3,51,0.15,"2/3",1.5849625007211563,2000,"{1, 2, 3}","Automatic",0.2,"Fallback","MidScore",0.331
"OppPrefs",3,51,0.15,"2/3",1.5849625007211563,2000,"{1, 2, 3}","Automatic",0.2,"Fallback","Top1Acceptability",0.33371568627450954
"OppPrefs",3,51,0.15,"2/3",1.5849625007211563,2000,"{1, 2, 3}","Automatic",0.2,"Fallback","Top2Acceptability",0.6690588235294115
"OppPrefs",3,51,0.15,"2/3",1.5849625007211563,2000,"{1, 2, 3}","Automatic",0.2,"Fallback","Top3Acceptability",1.
"OppPrefs",3,51,0.15,"2/3",1.5849625007211563,2000,"{1, 2, 3}","Automatic",0.30000000000000004,"Borda","NeverFirstRate",0.
"OppPrefs",3,51,0.15,"2/3",1.5849625007211563,2000,"{1, 2, 3}","Automatic",0.30000000000000004,"Borda","NoiseFlipRate",0.4965
"OppPrefs",3,51,0.15,"2/3",1.5849625007211563,2000,"{1, 2, 3}","Automatic",0.30000000000000004,"Borda","CondorcetExistRate",0.9035
"OppPrefs",3,51,0.15,"2/3",1.5849625007211563,2000,"{1, 2, 3}","Automatic",0.30000000000000004,"Borda","CondorcetEfficiency",0.9053680132816824
"OppPrefs",3,51,0.15,"2/3",1.5849625007211563,2000,"{1, 2, 3}","Automatic",0.30000000000000004,"Borda","MidScore",0.3245
"OppPrefs",3,51,0.15,"2/3",1.5849625007211563,2000,"{1, 2, 3}","Automatic",0.30000000000000004,"Borda","Top1Acceptability",0.38755882352941157
"OppPrefs",3,51,0.15,"2/3",1.5849625007211563,2000,"{1, 2, 3}","Automatic",0.30000000000000004,"Borda","Top2Acceptability",0.7181568627450977
"OppPrefs",3,51,0.15,"2/3",1.5849625007211563,2000,"{1, 2, 3}","Automatic",0.30000000000000004,"Borda","Top3Acceptability",1.
"OppPrefs",3,51,0.15,"2/3",1.5849625007211563,2000,"{1, 2, 3}","Automatic",0.30000000000000004,"Plurality","NeverFirstRate",0.
"OppPrefs",3,51,0.15,"2/3",1.5849625007211563,2000,"{1, 2, 3}","Automatic",0.30000000000000004,"Plurality","NoiseFlipRate",0.6745
"OppPrefs",3,51,0.15,"2/3",1.5849625007211563,2000,"{1, 2, 3}","Automatic",0.30000000000000004,"Plurality","CondorcetExistRate",0.9035
"OppPrefs",3,51,0.15,"2/3",1.5849625007211563,2000,"{1, 2, 3}","Automatic",0.30000000000000004,"Plurality","CondorcetEfficiency",0.6801328168234643
"OppPrefs",3,51,0.15,"2/3",1.5849625007211563,2000,"{1, 2, 3}","Automatic",0.30000000000000004,"Plurality","MidScore",0.0925
"OppPrefs",3,51,0.15,"2/3",1.5849625007211563,2000,"{1, 2, 3}","Automatic",0.30000000000000004,"Plurality","Top1Acceptability",0.4078431372549016
"OppPrefs",3,51,0.15,"2/3",1.5849625007211563,2000,"{1, 2, 3}","Automatic",0.30000000000000004,"Plurality","Top2Acceptability",0.6706666666666665
"OppPrefs",3,51,0.15,"2/3",1.5849625007211563,2000,"{1, 2, 3}","Automatic",0.30000000000000004,"Plurality","Top3Acceptability",1.
"OppPrefs",3,51,0.15,"2/3",1.5849625007211563,2000,"{1, 2, 3}","Automatic",0.30000000000000004,"Coombs","NeverFirstRate",0.
"OppPrefs",3,51,0.15,"2/3",1.5849625007211563,2000,"{1, 2, 3}","Automatic",0.30000000000000004,"Coombs","NoiseFlipRate",0.4995
"OppPrefs",3,51,0.15,"2/3",1.5849625007211563,2000,"{1, 2, 3}","Automatic",0.30000000000000004,"Coombs","CondorcetExistRate",0.9035
"OppPrefs",3,51,0.15,"2/3",1.5849625007211563,2000,"{1, 2, 3}","Automatic",0.30000000000000004,"Coombs","CondorcetEfficiency",0.9291643608190371
"OppPrefs",3,51,0.15,"2/3",1.5849625007211563,2000,"{1, 2, 3}","Automatic",0.30000000000000004,"Coombs","MidScore",0.3465
"OppPrefs",3,51,0.15,"2/3",1.5849625007211563,2000,"{1, 2, 3}","Automatic",0.30000000000000004,"Coombs","Top1Acceptability",0.3786176470588233
"OppPrefs",3,51,0.15,"2/3",1.5849625007211563,2000,"{1, 2, 3}","Automatic",0.30000000000000004,"Coombs","Top2Acceptability",0.7197745098039213
"OppPrefs",3,51,0.15,"2/3",1.5849625007211563,2000,"{1, 2, 3}","Automatic",0.30000000000000004,"Coombs","Top3Acceptability",1.
"OppPrefs",3,51,0.15,"2/3",1.5849625007211563,2000,"{1, 2, 3}","Automatic",0.30000000000000004,"QR","NeverFirstRate",0.
"OppPrefs",3,51,0.15,"2/3",1.5849625007211563,2000,"{1, 2, 3}","Automatic",0.30000000000000004,"QR","NoiseFlipRate",0.691
"OppPrefs",3,51,0.15,"2/3",1.5849625007211563,2000,"{1, 2, 3}","Automatic",0.30000000000000004,"QR","CondorcetExistRate",0.9035
"OppPrefs",3,51,0.15,"2/3",1.5849625007211563,2000,"{1, 2, 3}","Automatic",0.30000000000000004,"QR","CondorcetEfficiency",0.5733259546209186
"OppPrefs",3,51,0.15,"2/3",1.5849625007211563,2000,"{1, 2, 3}","Automatic",0.30000000000000004,"QR","MidScore",0.694
"OppPrefs",3,51,0.15,"2/3",1.5849625007211563,2000,"{1, 2, 3}","Automatic",0.30000000000000004,"QR","Top1Acceptability",0.3214215686274507
"OppPrefs",3,51,0.15,"2/3",1.5849625007211563,2000,"{1, 2, 3}","Automatic",0.30000000000000004,"QR","Top2Acceptability",0.744666666666666
"OppPrefs",3,51,0.15,"2/3",1.5849625007211563,2000,"{1, 2, 3}","Automatic",0.30000000000000004,"QR","Top3Acceptability",1.
"OppPrefs",3,51,0.15,"2/3",1.5849625007211563,2000,"{1, 2, 3}","Automatic",0.30000000000000004,"SDM","NeverFirstRate",0.
"OppPrefs",3,51,0.15,"2/3",1.5849625007211563,2000,"{1, 2, 3}","Automatic",0.30000000000000004,"SDM","NoiseFlipRate",0.5275
"OppPrefs",3,51,0.15,"2/3",1.5849625007211563,2000,"{1, 2, 3}","Automatic",0.30000000000000004,"SDM","CondorcetExistRate",0.9035
"OppPrefs",3,51,0.15,"2/3",1.5849625007211563,2000,"{1, 2, 3}","Automatic",0.30000000000000004,"SDM","CondorcetEfficiency",0.8179302711676812
"OppPrefs",3,51,0.15,"2/3",1.5849625007211563,2000,"{1, 2, 3}","Automatic",0.30000000000000004,"SDM","MidScore",0.466
"OppPrefs",3,51,0.15,"2/3",1.5849625007211563,2000,"{1, 2, 3}","Automatic",0.30000000000000004,"SDM","Top1Acceptability",0.3652352941176468
"OppPrefs",3,51,0.15,"2/3",1.5849625007211563,2000,"{1, 2, 3}","Automatic",0.30000000000000004,"SDM","Top2Acceptability",0.733990196078431
"OppPrefs",3,51,0.15,"2/3",1.5849625007211563,2000,"{1, 2, 3}","Automatic",0.30000000000000004,"SDM","Top3Acceptability",1.
"OppPrefs",3,51,0.15,"2/3",1.5849625007211563,2000,"{1, 2, 3}","Automatic",0.30000000000000004,"Fallback","NeverFirstRate",0.
"OppPrefs",3,51,0.15,"2/3",1.5849625007211563,2000,"{1, 2, 3}","Automatic",0.30000000000000004,"Fallback","NoiseFlipRate",0.6685
"OppPrefs",3,51,0.15,"2/3",1.5849625007211563,2000,"{1, 2, 3}","Automatic",0.30000000000000004,"Fallback","CondorcetExistRate",0.9035
"OppPrefs",3,51,0.15,"2/3",1.5849625007211563,2000,"{1, 2, 3}","Automatic",0.30000000000000004,"Fallback","CondorcetEfficiency",0.3624792473713337
"OppPrefs",3,51,0.15,"2/3",1.5849625007211563,2000,"{1, 2, 3}","Automatic",0.30000000000000004,"Fallback","MidScore",0.314
"OppPrefs",3,51,0.15,"2/3",1.5849625007211563,2000,"{1, 2, 3}","Automatic",0.30000000000000004,"Fallback","Top1Acceptability",0.3355686274509801
"OppPrefs",3,51,0.15,"2/3",1.5849625007211563,2000,"{1, 2, 3}","Automatic",0.30000000000000004,"Fallback","Top2Acceptability",0.666656862745098
"OppPrefs",3,51,0.15,"2/3",1.5849625007211563,2000,"{1, 2, 3}","Automatic",0.30000000000000004,"Fallback","Top3Acceptability",1.
"OppPrefs",3,51,0.15,"2/3",1.5849625007211563,2000,"{1, 2, 3}","Automatic",0.4,"Borda","NeverFirstRate",0.
"OppPrefs",3,51,0.15,"2/3",1.5849625007211563,2000,"{1, 2, 3}","Automatic",0.4,"Borda","NoiseFlipRate",0.491
"OppPrefs",3,51,0.15,"2/3",1.5849625007211563,2000,"{1, 2, 3}","Automatic",0.4,"Borda","CondorcetExistRate",0.905
"OppPrefs",3,51,0.15,"2/3",1.5849625007211563,2000,"{1, 2, 3}","Automatic",0.4,"Borda","CondorcetEfficiency",0.8939226519337017
"OppPrefs",3,51,0.15,"2/3",1.5849625007211563,2000,"{1, 2, 3}","Automatic",0.4,"Borda","MidScore",0.3545
"OppPrefs",3,51,0.15,"2/3",1.5849625007211563,2000,"{1, 2, 3}","Automatic",0.4,"Borda","Top1Acceptability",0.3818725490196076
"OppPrefs",3,51,0.15,"2/3",1.5849625007211563,2000,"{1, 2, 3}","Automatic",0.4,"Borda","Top2Acceptability",0.718598039215686
"OppPrefs",3,51,0.15,"2/3",1.5849625007211563,2000,"{1, 2, 3}","Automatic",0.4,"Borda","Top3Acceptability",1.
"OppPrefs",3,51,0.15,"2/3",1.5849625007211563,2000,"{1, 2, 3}","Automatic",0.4,"Plurality","NeverFirstRate",0.
"OppPrefs",3,51,0.15,"2/3",1.5849625007211563,2000,"{1, 2, 3}","Automatic",0.4,"Plurality","NoiseFlipRate",0.714
"OppPrefs",3,51,0.15,"2/3",1.5849625007211563,2000,"{1, 2, 3}","Automatic",0.4,"Plurality","CondorcetExistRate",0.905
"OppPrefs",3,51,0.15,"2/3",1.5849625007211563,2000,"{1, 2, 3}","Automatic",0.4,"Plurality","CondorcetEfficiency",0.6281767955801105
"OppPrefs",3,51,0.15,"2/3",1.5849625007211563,2000,"{1, 2, 3}","Automatic",0.4,"Plurality","MidScore",0.0505
"OppPrefs",3,51,0.15,"2/3",1.5849625007211563,2000,"{1, 2, 3}","Automatic",0.4,"Plurality","Top1Acceptability",0.41309803921568605
"OppPrefs",3,51,0.15,"2/3",1.5849625007211563,2000,"{1, 2, 3}","Automatic",0.4,"Plurality","Top2Acceptability",0.6526568627450979
"OppPrefs",3,51,0.15,"2/3",1.5849625007211563,2000,"{1, 2, 3}","Automatic",0.4,"Plurality","Top3Acceptability",1.
"OppPrefs",3,51,0.15,"2/3",1.5849625007211563,2000,"{1, 2, 3}","Automatic",0.4,"Coombs","NeverFirstRate",0.
"OppPrefs",3,51,0.15,"2/3",1.5849625007211563,2000,"{1, 2, 3}","Automatic",0.4,"Coombs","NoiseFlipRate",0.517
"OppPrefs",3,51,0.15,"2/3",1.5849625007211563,2000,"{1, 2, 3}","Automatic",0.4,"Coombs","CondorcetExistRate",0.905
"OppPrefs",3,51,0.15,"2/3",1.5849625007211563,2000,"{1, 2, 3}","Automatic",0.4,"Coombs","CondorcetEfficiency",0.9160220994475138
"OppPrefs",3,51,0.15,"2/3",1.5849625007211563,2000,"{1, 2, 3}","Automatic",0.4,"Coombs","MidScore",0.37
"OppPrefs",3,51,0.15,"2/3",1.5849625007211563,2000,"{1, 2, 3}","Automatic",0.4,"Coombs","Top1Acceptability",0.37273529411764683
"OppPrefs",3,51,0.15,"2/3",1.5849625007211563,2000,"{1, 2, 3}","Automatic",0.4,"Coombs","Top2Acceptability",0.7203921568627447
"OppPrefs",3,51,0.15,"2/3",1.5849625007211563,2000,"{1, 2, 3}","Automatic",0.4,"Coombs","Top3Acceptability",1.
"OppPrefs",3,51,0.15,"2/3",1.5849625007211563,2000,"{1, 2, 3}","Automatic",0.4,"QR","NeverFirstRate",0.
"OppPrefs",3,51,0.15,"2/3",1.5849625007211563,2000,"{1, 2, 3}","Automatic",0.4,"QR","NoiseFlipRate",0.7655
"OppPrefs",3,51,0.15,"2/3",1.5849625007211563,2000,"{1, 2, 3}","Automatic",0.4,"QR","CondorcetExistRate",0.905
"OppPrefs",3,51,0.15,"2/3",1.5849625007211563,2000,"{1, 2, 3}","Automatic",0.4,"QR","CondorcetEfficiency",0.4856353591160221
"OppPrefs",3,51,0.15,"2/3",1.5849625007211563,2000,"{1, 2, 3}","Automatic",0.4,"QR","MidScore",0.825
"OppPrefs",3,51,0.15,"2/3",1.5849625007211563,2000,"{1, 2, 3}","Automatic",0.4,"QR","Top1Acceptability",0.28723529411764676
"OppPrefs",3,51,0.15,"2/3",1.5849625007211563,2000,"{1, 2, 3}","Automatic",0.4,"QR","Top2Acceptability",0.757931372549019
"OppPrefs",3,51,0.15,"2/3",1.5849625007211563,2000,"{1, 2, 3}","Automatic",0.4,"QR","Top3Acceptability",1.
"OppPrefs",3,51,0.15,"2/3",1.5849625007211563,2000,"{1, 2, 3}","Automatic",0.4,"SDM","NeverFirstRate",0.
"OppPrefs",3,51,0.15,"2/3",1.5849625007211563,2000,"{1, 2, 3}","Automatic",0.4,"SDM","NoiseFlipRate",0.536
"OppPrefs",3,51,0.15,"2/3",1.5849625007211563,2000,"{1, 2, 3}","Automatic",0.4,"SDM","CondorcetExistRate",0.905
"OppPrefs",3,51,0.15,"2/3",1.5849625007211563,2000,"{1, 2, 3}","Automatic",0.4,"SDM","CondorcetEfficiency",0.7618784530386741
"OppPrefs",3,51,0.15,"2/3",1.5849625007211563,2000,"{1, 2, 3}","Automatic",0.4,"SDM","MidScore",0.554
"OppPrefs",3,51,0.15,"2/3",1.5849625007211563,2000,"{1, 2, 3}","Automatic",0.4,"SDM","Top1Acceptability",0.34569607843137234
"OppPrefs",3,51,0.15,"2/3",1.5849625007211563,2000,"{1, 2, 3}","Automatic",0.4,"SDM","Top2Acceptability",0.7443921568627447
"OppPrefs",3,51,0.15,"2/3",1.5849625007211563,2000,"{1, 2, 3}","Automatic",0.4,"SDM","Top3Acceptability",1.
"OppPrefs",3,51,0.15,"2/3",1.5849625007211563,2000,"{1, 2, 3}","Automatic",0.4,"Fallback","NeverFirstRate",0.
"OppPrefs",3,51,0.15,"2/3",1.5849625007211563,2000,"{1, 2, 3}","Automatic",0.4,"Fallback","NoiseFlipRate",0.6825
"OppPrefs",3,51,0.15,"2/3",1.5849625007211563,2000,"{1, 2, 3}","Automatic",0.4,"Fallback","CondorcetExistRate",0.905
"OppPrefs",3,51,0.15,"2/3",1.5849625007211563,2000,"{1, 2, 3}","Automatic",0.4,"Fallback","CondorcetEfficiency",0.3425414364640884
"OppPrefs",3,51,0.15,"2/3",1.5849625007211563,2000,"{1, 2, 3}","Automatic",0.4,"Fallback","MidScore",0.332
"OppPrefs",3,51,0.15,"2/3",1.5849625007211563,2000,"{1, 2, 3}","Automatic",0.4,"Fallback","Top1Acceptability",0.3337352941176468
"OppPrefs",3,51,0.15,"2/3",1.5849625007211563,2000,"{1, 2, 3}","Automatic",0.4,"Fallback","Top2Acceptability",0.6673529411764703
"OppPrefs",3,51,0.15,"2/3",1.5849625007211563,2000,"{1, 2, 3}","Automatic",0.4,"Fallback","Top3Acceptability",1.
"OppPrefs",3,51,0.15,"2/3",1.5849625007211563,2000,"{1, 2, 3}","Automatic",0.5,"Borda","NeverFirstRate",0.
"OppPrefs",3,51,0.15,"2/3",1.5849625007211563,2000,"{1, 2, 3}","Automatic",0.5,"Borda","NoiseFlipRate",0.487
"OppPrefs",3,51,0.15,"2/3",1.5849625007211563,2000,"{1, 2, 3}","Automatic",0.5,"Borda","CondorcetExistRate",0.895
"OppPrefs",3,51,0.15,"2/3",1.5849625007211563,2000,"{1, 2, 3}","Automatic",0.5,"Borda","CondorcetEfficiency",0.8854748603351955
"OppPrefs",3,51,0.15,"2/3",1.5849625007211563,2000,"{1, 2, 3}","Automatic",0.5,"Borda","MidScore",0.349
"OppPrefs",3,51,0.15,"2/3",1.5849625007211563,2000,"{1, 2, 3}","Automatic",0.5,"Borda","Top1Acceptability",0.37968627450980363
"OppPrefs",3,51,0.15,"2/3",1.5849625007211563,2000,"{1, 2, 3}","Automatic",0.5,"Borda","Top2Acceptability",0.7157745098039212
"OppPrefs",3,51,0.15,"2/3",1.5849625007211563,2000,"{1, 2, 3}","Automatic",0.5,"Borda","Top3Acceptability",1.
"OppPrefs",3,51,0.15,"2/3",1.5849625007211563,2000,"{1, 2, 3}","Automatic",0.5,"Plurality","NeverFirstRate",0.
"OppPrefs",3,51,0.15,"2/3",1.5849625007211563,2000,"{1, 2, 3}","Automatic",0.5,"Plurality","NoiseFlipRate",0.778
"OppPrefs",3,51,0.15,"2/3",1.5849625007211563,2000,"{1, 2, 3}","Automatic",0.5,"Plurality","CondorcetExistRate",0.895
"OppPrefs",3,51,0.15,"2/3",1.5849625007211563,2000,"{1, 2, 3}","Automatic",0.5,"Plurality","CondorcetEfficiency",0.6005586592178771
"OppPrefs",3,51,0.15,"2/3",1.5849625007211563,2000,"{1, 2, 3}","Automatic",0.5,"Plurality","MidScore",0.016
"OppPrefs",3,51,0.15,"2/3",1.5849625007211563,2000,"{1, 2, 3}","Automatic",0.5,"Plurality","Top1Acceptability",0.4234705882352938
"OppPrefs",3,51,0.15,"2/3",1.5849625007211563,2000,"{1, 2, 3}","Automatic",0.5,"Plurality","Top2Acceptability",0.6350588235294117
"OppPrefs",3,51,0.15,"2/3",1.5849625007211563,2000,"{1, 2, 3}","Automatic",0.5,"Plurality","Top3Acceptability",1.
"OppPrefs",3,51,0.15,"2/3",1.5849625007211563,2000,"{1, 2, 3}","Automatic",0.5,"Coombs","NeverFirstRate",0.
"OppPrefs",3,51,0.15,"2/3",1.5849625007211563,2000,"{1, 2, 3}","Automatic",0.5,"Coombs","NoiseFlipRate",0.513
"OppPrefs",3,51,0.15,"2/3",1.5849625007211563,2000,"{1, 2, 3}","Automatic",0.5,"Coombs","CondorcetExistRate",0.895
"OppPrefs",3,51,0.15,"2/3",1.5849625007211563,2000,"{1, 2, 3}","Automatic",0.5,"Coombs","CondorcetEfficiency",0.8988826815642458
"OppPrefs",3,51,0.15,"2/3",1.5849625007211563,2000,"{1, 2, 3}","Automatic",0.5,"Coombs","MidScore",0.361
"OppPrefs",3,51,0.15,"2/3",1.5849625007211563,2000,"{1, 2, 3}","Automatic",0.5,"Coombs","Top1Acceptability",0.37001960784313703
"OppPrefs",3,51,0.15,"2/3",1.5849625007211563,2000,"{1, 2, 3}","Automatic",0.5,"Coombs","Top2Acceptability",0.7178921568627448
"OppPrefs",3,51,0.15,"2/3",1.5849625007211563,2000,"{1, 2, 3}","Automatic",0.5,"Coombs","Top3Acceptability",1.
"OppPrefs",3,51,0.15,"2/3",1.5849625007211563,2000,"{1, 2, 3}","Automatic",0.5,"QR","NeverFirstRate",0.
"OppPrefs",3,51,0.15,"2/3",1.5849625007211563,2000,"{1, 2, 3}","Automatic",0.5,"QR","NoiseFlipRate",0.837
"OppPrefs",3,51,0.15,"2/3",1.5849625007211563,2000,"{1, 2, 3}","Automatic",0.5,"QR","CondorcetExistRate",0.895
"OppPrefs",3,51,0.15,"2/3",1.5849625007211563,2000,"{1, 2, 3}","Automatic",0.5,"QR","CondorcetEfficiency",0.4022346368715084
"OppPrefs",3,51,0.15,"2/3",1.5849625007211563,2000,"{1, 2, 3}","Automatic",0.5,"QR","MidScore",0.911
"OppPrefs",3,51,0.15,"2/3",1.5849625007211563,2000,"{1, 2, 3}","Automatic",0.5,"QR","Top1Acceptability",0.24929411764705836
"OppPrefs",3,51,0.15,"2/3",1.5849625007211563,2000,"{1, 2, 3}","Automatic",0.5,"QR","Top2Acceptability",0.774196078431372
"OppPrefs",3,51,0.15,"2/3",1.5849625007211563,2000,"{1, 2, 3}","Automatic",0.5,"QR","Top3Acceptability",1.
"OppPrefs",3,51,0.15,"2/3",1.5849625007211563,2000,"{1, 2, 3}","Automatic",0.5,"SDM","NeverFirstRate",0.
"OppPrefs",3,51,0.15,"2/3",1.5849625007211563,2000,"{1, 2, 3}","Automatic",0.5,"SDM","NoiseFlipRate",0.5595
"OppPrefs",3,51,0.15,"2/3",1.5849625007211563,2000,"{1, 2, 3}","Automatic",0.5,"SDM","CondorcetExistRate",0.895
"OppPrefs",3,51,0.15,"2/3",1.5849625007211563,2000,"{1, 2, 3}","Automatic",0.5,"SDM","CondorcetEfficiency",0.7039106145251397
"OppPrefs",3,51,0.15,"2/3",1.5849625007211563,2000,"{1, 2, 3}","Automatic",0.5,"SDM","MidScore",0.609
"OppPrefs",3,51,0.15,"2/3",1.5849625007211563,2000,"{1, 2, 3}","Automatic",0.5,"SDM","Top1Acceptability",0.32531372549019577
"OppPrefs",3,51,0.15,"2/3",1.5849625007211563,2000,"{1, 2, 3}","Automatic",0.5,"SDM","Top2Acceptability",0.7545784313725487
"OppPrefs",3,51,0.15,"2/3",1.5849625007211563,2000,"{1, 2, 3}","Automatic",0.5,"SDM","Top3Acceptability",1.
"OppPrefs",3,51,0.15,"2/3",1.5849625007211563,2000,"{1, 2, 3}","Automatic",0.5,"Fallback","NeverFirstRate",0.
"OppPrefs",3,51,0.15,"2/3",1.5849625007211563,2000,"{1, 2, 3}","Automatic",0.5,"Fallback","NoiseFlipRate",0.6775
"OppPrefs",3,51,0.15,"2/3",1.5849625007211563,2000,"{1, 2, 3}","Automatic",0.5,"Fallback","CondorcetExistRate",0.895
"OppPrefs",3,51,0.15,"2/3",1.5849625007211563,2000,"{1, 2, 3}","Automatic",0.5,"Fallback","CondorcetEfficiency",0.3653631284916201
"OppPrefs",3,51,0.15,"2/3",1.5849625007211563,2000,"{1, 2, 3}","Automatic",0.5,"Fallback","MidScore",0.3335
"OppPrefs",3,51,0.15,"2/3",1.5849625007211563,2000,"{1, 2, 3}","Automatic",0.5,"Fallback","Top1Acceptability",0.33380392156862715
"OppPrefs",3,51,0.15,"2/3",1.5849625007211563,2000,"{1, 2, 3}","Automatic",0.5,"Fallback","Top2Acceptability",0.6682156862745096
"OppPrefs",3,51,0.15,"2/3",1.5849625007211563,2000,"{1, 2, 3}","Automatic",0.5,"Fallback","Top3Acceptability",1.
"OppPrefs",3,51,0.15,"2/3",1.5849625007211563,2000,"{1, 2, 3}","Automatic",0.6000000000000001,"Borda","NeverFirstRate",0.
"OppPrefs",3,51,0.15,"2/3",1.5849625007211563,2000,"{1, 2, 3}","Automatic",0.6000000000000001,"Borda","NoiseFlipRate",0.5225
"OppPrefs",3,51,0.15,"2/3",1.5849625007211563,2000,"{1, 2, 3}","Automatic",0.6000000000000001,"Borda","CondorcetExistRate",0.887
"OppPrefs",3,51,0.15,"2/3",1.5849625007211563,2000,"{1, 2, 3}","Automatic",0.6000000000000001,"Borda","CondorcetEfficiency",0.9064261555806088
"OppPrefs",3,51,0.15,"2/3",1.5849625007211563,2000,"{1, 2, 3}","Automatic",0.6000000000000001,"Borda","MidScore",0.3425
"OppPrefs",3,51,0.15,"2/3",1.5849625007211563,2000,"{1, 2, 3}","Automatic",0.6000000000000001,"Borda","Top1Acceptability",0.3769117647058821
"OppPrefs",3,51,0.15,"2/3",1.5849625007211563,2000,"{1, 2, 3}","Automatic",0.6000000000000001,"Borda","Top2Acceptability",0.7140196078431369
"OppPrefs",3,51,0.15,"2/3",1.5849625007211563,2000,"{1, 2, 3}","Automatic",0.6000000000000001,"Borda","Top3Acceptability",1.
"OppPrefs",3,51,0.15,"2/3",1.5849625007211563,2000,"{1, 2, 3}","Automatic",0.6000000000000001,"Plurality","NeverFirstRate",0.
"OppPrefs",3,51,0.15,"2/3",1.5849625007211563,2000,"{1, 2, 3}","Automatic",0.6000000000000001,"Plurality","NoiseFlipRate",0.8245
"OppPrefs",3,51,0.15,"2/3",1.5849625007211563,2000,"{1, 2, 3}","Automatic",0.6000000000000001,"Plurality","CondorcetExistRate",0.887
"OppPrefs",3,51,0.15,"2/3",1.5849625007211563,2000,"{1, 2, 3}","Automatic",0.6000000000000001,"Plurality","CondorcetEfficiency",0.5947012401352875
"OppPrefs",3,51,0.15,"2/3",1.5849625007211563,2000,"{1, 2, 3}","Automatic",0.6000000000000001,"Plurality","MidScore",0.0065
"OppPrefs",3,51,0.15,"2/3",1.5849625007211563,2000,"{1, 2, 3}","Automatic",0.6000000000000001,"Plurality","Top1Acceptability",0.42985294117647027
"OppPrefs",3,51,0.15,"2/3",1.5849625007211563,2000,"{1, 2, 3}","Automatic",0.6000000000000001,"Plurality","Top2Acceptability",0.6223627450980391
"OppPrefs",3,51,0.15,"2/3",1.5849625007211563,2000,"{1, 2, 3}","Automatic",0.6000000000000001,"Plurality","Top3Acceptability",1.
"OppPrefs",3,51,0.15,"2/3",1.5849625007211563,2000,"{1, 2, 3}","Automatic",0.6000000000000001,"Coombs","NeverFirstRate",0.
"OppPrefs",3,51,0.15,"2/3",1.5849625007211563,2000,"{1, 2, 3}","Automatic",0.6000000000000001,"Coombs","NoiseFlipRate",0.513
"OppPrefs",3,51,0.15,"2/3",1.5849625007211563,2000,"{1, 2, 3}","Automatic",0.6000000000000001,"Coombs","CondorcetExistRate",0.887
"OppPrefs",3,51,0.15,"2/3",1.5849625007211563,2000,"{1, 2, 3}","Automatic",0.6000000000000001,"Coombs","CondorcetEfficiency",0.8928974069898534
"OppPrefs",3,51,0.15,"2/3",1.5849625007211563,2000,"{1, 2, 3}","Automatic",0.6000000000000001,"Coombs","MidScore",0.367
"OppPrefs",3,51,0.15,"2/3",1.5849625007211563,2000,"{1, 2, 3}","Automatic",0.6000000000000001,"Coombs","Top1Acceptability",0.36390196078431347
"OppPrefs",3,51,0.15,"2/3",1.5849625007211563,2000,"{1, 2, 3}","Automatic",0.6000000000000001,"Coombs","Top2Acceptability",0.718990196078431
"OppPrefs",3,51,0.15,"2/3",1.5849625007211563,2000,"{1, 2, 3}","Automatic",0.6000000000000001,"Coombs","Top3Acceptability",1.
"OppPrefs",3,51,0.15,"2/3",1.5849625007211563,2000,"{1, 2, 3}","Automatic",0.6000000000000001,"QR","NeverFirstRate",0.
"OppPrefs",3,51,0.15,"2/3",1.5849625007211563,2000,"{1, 2, 3}","Automatic",0.6000000000000001,"QR","NoiseFlipRate",0.8755
"OppPrefs",3,51,0.15,"2/3",1.5849625007211563,2000,"{1, 2, 3}","Automatic",0.6000000000000001,"QR","CondorcetExistRate",0.887
"OppPrefs",3,51,0.15,"2/3",1.5849625007211563,2000,"{1, 2, 3}","Automatic",0.6000000000000001,"QR","CondorcetEfficiency",0.3754227733934611
"OppPrefs",3,51,0.15,"2/3",1.5849625007211563,2000,"{1, 2, 3}","Automatic",0.6000000000000001,"QR","MidScore",0.955
"OppPrefs",3,51,0.15,"2/3",1.5849625007211563,2000,"{1, 2, 3}","Automatic",0.6000000000000001,"QR","Top1Acceptability",0.21971568627450938
"OppPrefs",3,51,0.15,"2/3",1.5849625007211563,2000,"{1, 2, 3}","Automatic",0.6000000000000001,"QR","Top2Acceptability",0.7933235294117642
"OppPrefs",3,51,0.15,"2/3",1.5849625007211563,2000,"{1, 2, 3}","Automatic",0.6000000000000001,"QR","Top3Acceptability",1.
"OppPrefs",3,51,0.15,"2/3",1.5849625007211563,2000,"{1, 2, 3}","Automatic",0.6000000000000001,"SDM","NeverFirstRate",0.
"OppPrefs",3,51,0.15,"2/3",1.5849625007211563,2000,"{1, 2, 3}","Automatic",0.6000000000000001,"SDM","NoiseFlipRate",0.613
"OppPrefs",3,51,0.15,"2/3",1.5849625007211563,2000,"{1, 2, 3}","Automatic",0.6000000000000001,"SDM","CondorcetExistRate",0.887
"OppPrefs",3,51,0.15,"2/3",1.5849625007211563,2000,"{1, 2, 3}","Automatic",0.6000000000000001,"SDM","CondorcetEfficiency",0.649379932356257
"OppPrefs",3,51,0.15,"2/3",1.5849625007211563,2000,"{1, 2, 3}","Automatic",0.6000000000000001,"SDM","MidScore",0.6815
"OppPrefs",3,51,0.15,"2/3",1.5849625007211563,2000,"{1, 2, 3}","Automatic",0.6000000000000001,"SDM","Top1Acceptability",0.2963039215686271
"OppPrefs",3,51,0.15,"2/3",1.5849625007211563,2000,"{1, 2, 3}","Automatic",0.6000000000000001,"SDM","Top2Acceptability",0.771617647058823
"OppPrefs",3,51,0.15,"2/3",1.5849625007211563,2000,"{1, 2, 3}","Automatic",0.6000000000000001,"SDM","Top3Acceptability",1.
"OppPrefs",3,51,0.15,"2/3",1.5849625007211563,2000,"{1, 2, 3}","Automatic",0.6000000000000001,"Fallback","NeverFirstRate",0.
"OppPrefs",3,51,0.15,"2/3",1.5849625007211563,2000,"{1, 2, 3}","Automatic",0.6000000000000001,"Fallback","NoiseFlipRate",0.6655
"OppPrefs",3,51,0.15,"2/3",1.5849625007211563,2000,"{1, 2, 3}","Automatic",0.6000000000000001,"Fallback","CondorcetExistRate",0.887
"OppPrefs",3,51,0.15,"2/3",1.5849625007211563,2000,"{1, 2, 3}","Automatic",0.6000000000000001,"Fallback","CondorcetEfficiency",0.3196166854565953
"OppPrefs",3,51,0.15,"2/3",1.5849625007211563,2000,"{1, 2, 3}","Automatic",0.6000000000000001,"Fallback","MidScore",0.326
"OppPrefs",3,51,0.15,"2/3",1.5849625007211563,2000,"{1, 2, 3}","Automatic",0.6000000000000001,"Fallback","Top1Acceptability",0.3322941176470586
"OppPrefs",3,51,0.15,"2/3",1.5849625007211563,2000,"{1, 2, 3}","Automatic",0.6000000000000001,"Fallback","Top2Acceptability",0.6640882352941175
"OppPrefs",3,51,0.15,"2/3",1.5849625007211563,2000,"{1, 2, 3}","Automatic",0.6000000000000001,"Fallback","Top3Acceptability",1.
"OppPrefs",3,51,0.15,"2/3",1.5849625007211563,2000,"{1, 2, 3}","Automatic",0.7000000000000001,"Borda","NeverFirstRate",0.
"OppPrefs",3,51,0.15,"2/3",1.5849625007211563,2000,"{1, 2, 3}","Automatic",0.7000000000000001,"Borda","NoiseFlipRate",0.519
"OppPrefs",3,51,0.15,"2/3",1.5849625007211563,2000,"{1, 2, 3}","Automatic",0.7000000000000001,"Borda","CondorcetExistRate",0.8785
"OppPrefs",3,51,0.15,"2/3",1.5849625007211563,2000,"{1, 2, 3}","Automatic",0.7000000000000001,"Borda","CondorcetEfficiency",0.9089356858281161
"OppPrefs",3,51,0.15,"2/3",1.5849625007211563,2000,"{1, 2, 3}","Automatic",0.7000000000000001,"Borda","MidScore",0.344
"OppPrefs",3,51,0.15,"2/3",1.5849625007211563,2000,"{1, 2, 3}","Automatic",0.7000000000000001,"Borda","Top1Acceptability",0.37488235294117617
"OppPrefs",3,51,0.15,"2/3",1.5849625007211563,2000,"{1, 2, 3}","Automatic",0.7000000000000001,"Borda","Top2Acceptability",0.7097058823529407
"OppPrefs",3,51,0.15,"2/3",1.5849625007211563,2000,"{1, 2, 3}","Automatic",0.7000000000000001,"Borda","Top3Acceptability",1.
"OppPrefs",3,51,0.15,"2/3",1.5849625007211563,2000,"{1, 2, 3}","Automatic",0.7000000000000001,"Plurality","NeverFirstRate",0.
"OppPrefs",3,51,0.15,"2/3",1.5849625007211563,2000,"{1, 2, 3}","Automatic",0.7000000000000001,"Plurality","NoiseFlipRate",0.8535
"OppPrefs",3,51,0.15,"2/3",1.5849625007211563,2000,"{1, 2, 3}","Automatic",0.7000000000000001,"Plurality","CondorcetExistRate",0.8785
"OppPrefs",3,51,0.15,"2/3",1.5849625007211563,2000,"{1, 2, 3}","Automatic",0.7000000000000001,"Plurality","CondorcetEfficiency",0.5907797381900968
"OppPrefs",3,51,0.15,"2/3",1.5849625007211563,2000,"{1, 2, 3}","Automatic",0.7000000000000001,"Plurality","MidScore",0.0025
"OppPrefs",3,51,0.15,"2/3",1.5849625007211563,2000,"{1, 2, 3}","Automatic",0.7000000000000001,"Plurality","Top1Acceptability",0.437833333333333
"OppPrefs",3,51,0.15,"2/3",1.5849625007211563,2000,"{1, 2, 3}","Automatic",0.7000000000000001,"Plurality","Top2Acceptability",0.6084803921568628
"OppPrefs",3,51,0.15,"2/3",1.5849625007211563,2000,"{1, 2, 3}","Automatic",0.7000000000000001,"Plurality","Top3Acceptability",1.
"OppPrefs",3,51,0.15,"2/3",1.5849625007211563,2000,"{1, 2, 3}","Automatic",0.7000000000000001,"Coombs","NeverFirstRate",0.
"OppPrefs",3,51,0.15,"2/3",1.5849625007211563,2000,"{1, 2, 3}","Automatic",0.7000000000000001,"Coombs","NoiseFlipRate",0.519
"OppPrefs",3,51,0.15,"2/3",1.5849625007211563,2000,"{1, 2, 3}","Automatic",0.7000000000000001,"Coombs","CondorcetExistRate",0.8785
"OppPrefs",3,51,0.15,"2/3",1.5849625007211563,2000,"{1, 2, 3}","Automatic",0.7000000000000001,"Coombs","CondorcetEfficiency",0.8929994308480365
"OppPrefs",3,51,0.15,"2/3",1.5849625007211563,2000,"{1, 2, 3}","Automatic",0.7000000000000001,"Coombs","MidScore",0.362
"OppPrefs",3,51,0.15,"2/3",1.5849625007211563,2000,"{1, 2, 3}","Automatic",0.7000000000000001,"Coombs","Top1Acceptability",0.36335294117647027
"OppPrefs",3,51,0.15,"2/3",1.5849625007211563,2000,"{1, 2, 3}","Automatic",0.7000000000000001,"Coombs","Top2Acceptability",0.7134411764705878
"OppPrefs",3,51,0.15,"2/3",1.5849625007211563,2000,"{1, 2, 3}","Automatic",0.7000000000000001,"Coombs","Top3Acceptability",1.
"OppPrefs",3,51,0.15,"2/3",1.5849625007211563,2000,"{1, 2, 3}","Automatic",0.7000000000000001,"QR","NeverFirstRate",0.
"OppPrefs",3,51,0.15,"2/3",1.5849625007211563,2000,"{1, 2, 3}","Automatic",0.7000000000000001,"QR","NoiseFlipRate",0.92
"OppPrefs",3,51,0.15,"2/3",1.5849625007211563,2000,"{1, 2, 3}","Automatic",0.7000000000000001,"QR","CondorcetExistRate",0.8785
"OppPrefs",3,51,0.15,"2/3",1.5849625007211563,2000,"{1, 2, 3}","Automatic",0.7000000000000001,"QR","CondorcetEfficiency",0.33750711439954467
"OppPrefs",3,51,0.15,"2/3",1.5849625007211563,2000,"{1, 2, 3}","Automatic",0.7000000000000001,"QR","MidScore",0.984
"OppPrefs",3,51,0.15,"2/3",1.5849625007211563,2000,"{1, 2, 3}","Automatic",0.7000000000000001,"QR","Top1Acceptability",0.19446078431372513
"OppPrefs",3,51,0.15,"2/3",1.5849625007211563,2000,"{1, 2, 3}","Automatic",0.7000000000000001,"QR","Top2Acceptability",0.8124999999999993
"OppPrefs",3,51,0.15,"2/3",1.5849625007211563,2000,"{1, 2, 3}","Automatic",0.7000000000000001,"QR","Top3Acceptability",1.
"OppPrefs",3,51,0.15,"2/3",1.5849625007211563,2000,"{1, 2, 3}","Automatic",0.7000000000000001,"SDM","NeverFirstRate",0.
"OppPrefs",3,51,0.15,"2/3",1.5849625007211563,2000,"{1, 2, 3}","Automatic",0.7000000000000001,"SDM","NoiseFlipRate",0.664
"OppPrefs",3,51,0.15,"2/3",1.5849625007211563,2000,"{1, 2, 3}","Automatic",0.7000000000000001,"SDM","CondorcetExistRate",0.8785
"OppPrefs",3,51,0.15,"2/3",1.5849625007211563,2000,"{1, 2, 3}","Automatic",0.7000000000000001,"SDM","CondorcetEfficiency",0.5571997723392146
"OppPrefs",3,51,0.15,"2/3",1.5849625007211563,2000,"{1, 2, 3}","Automatic",0.7000000000000001,"SDM","MidScore",0.7615
"OppPrefs",3,51,0.15,"2/3",1.5849625007211563,2000,"{1, 2, 3}","Automatic",0.7000000000000001,"SDM","Top1Acceptability",0.26267647058823484
"OppPrefs",3,51,0.15,"2/3",1.5849625007211563,2000,"{1, 2, 3}","Automatic",0.7000000000000001,"SDM","Top2Acceptability",0.7912156862745091
"OppPrefs",3,51,0.15,"2/3",1.5849625007211563,2000,"{1, 2, 3}","Automatic",0.7000000000000001,"SDM","Top3Acceptability",1.
"OppPrefs",3,51,0.15,"2/3",1.5849625007211563,2000,"{1, 2, 3}","Automatic",0.7000000000000001,"Fallback","NeverFirstRate",0.
"OppPrefs",3,51,0.15,"2/3",1.5849625007211563,2000,"{1, 2, 3}","Automatic",0.7000000000000001,"Fallback","NoiseFlipRate",0.657
"OppPrefs",3,51,0.15,"2/3",1.5849625007211563,2000,"{1, 2, 3}","Automatic",0.7000000000000001,"Fallback","CondorcetExistRate",0.8785
"OppPrefs",3,51,0.15,"2/3",1.5849625007211563,2000,"{1, 2, 3}","Automatic",0.7000000000000001,"Fallback","CondorcetEfficiency",0.34206033010813885
"OppPrefs",3,51,0.15,"2/3",1.5849625007211563,2000,"{1, 2, 3}","Automatic",0.7000000000000001,"Fallback","MidScore",0.3325
"OppPrefs",3,51,0.15,"2/3",1.5849625007211563,2000,"{1, 2, 3}","Automatic",0.7000000000000001,"Fallback","Top1Acceptability",0.33413725490196056
"OppPrefs",3,51,0.15,"2/3",1.5849625007211563,2000,"{1, 2, 3}","Automatic",0.7000000000000001,"Fallback","Top2Acceptability",0.6693431372549018
"OppPrefs",3,51,0.15,"2/3",1.5849625007211563,2000,"{1, 2, 3}","Automatic",0.7000000000000001,"Fallback","Top3Acceptability",1.
"OppPrefs",3,51,0.15,"2/3",1.5849625007211563,2000,"{1, 2, 3}","Automatic",0.8,"Borda","NeverFirstRate",0.
"OppPrefs",3,51,0.15,"2/3",1.5849625007211563,2000,"{1, 2, 3}","Automatic",0.8,"Borda","NoiseFlipRate",0.494
"OppPrefs",3,51,0.15,"2/3",1.5849625007211563,2000,"{1, 2, 3}","Automatic",0.8,"Borda","CondorcetExistRate",0.875
"OppPrefs",3,51,0.15,"2/3",1.5849625007211563,2000,"{1, 2, 3}","Automatic",0.8,"Borda","CondorcetEfficiency",0.8885714285714286
"OppPrefs",3,51,0.15,"2/3",1.5849625007211563,2000,"{1, 2, 3}","Automatic",0.8,"Borda","MidScore",0.3545
"OppPrefs",3,51,0.15,"2/3",1.5849625007211563,2000,"{1, 2, 3}","Automatic",0.8,"Borda","Top1Acceptability",0.36915686274509785
"OppPrefs",3,51,0.15,"2/3",1.5849625007211563,2000,"{1, 2, 3}","Automatic",0.8,"Borda","Top2Acceptability",0.7107352941176466
"OppPrefs",3,51,0.15,"2/3",1.5849625007211563,2000,"{1, 2, 3}","Automatic",0.8,"Borda","Top3Acceptability",1.
"OppPrefs",3,51,0.15,"2/3",1.5849625007211563,2000,"{1, 2, 3}","Automatic",0.8,"Plurality","NeverFirstRate",0.
"OppPrefs",3,51,0.15,"2/3",1.5849625007211563,2000,"{1, 2, 3}","Automatic",0.8,"Plurality","NoiseFlipRate",0.8745
"OppPrefs",3,51,0.15,"2/3",1.5849625007211563,2000,"{1, 2, 3}","Automatic",0.8,"Plurality","CondorcetExistRate",0.875
"OppPrefs",3,51,0.15,"2/3",1.5849625007211563,2000,"{1, 2, 3}","Automatic",0.8,"Plurality","CondorcetEfficiency",0.5937142857142857
"OppPrefs",3,51,0.15,"2/3",1.5849625007211563,2000,"{1, 2, 3}","Automatic",0.8,"Plurality","MidScore",0.001
"OppPrefs",3,51,0.15,"2/3",1.5849625007211563,2000,"{1, 2, 3}","Automatic",0.8,"Plurality","Top1Acceptability",0.44577450980392125
"OppPrefs",3,51,0.15,"2/3",1.5849625007211563,2000,"{1, 2, 3}","Automatic",0.8,"Plurality","Top2Acceptability",0.5960980392156863
"OppPrefs",3,51,0.15,"2/3",1.5849625007211563,2000,"{1, 2, 3}","Automatic",0.8,"Plurality","Top3Acceptability",1.
"OppPrefs",3,51,0.15,"2/3",1.5849625007211563,2000,"{1, 2, 3}","Automatic",0.8,"Coombs","NeverFirstRate",0.
"OppPrefs",3,51,0.15,"2/3",1.5849625007211563,2000,"{1, 2, 3}","Automatic",0.8,"Coombs","NoiseFlipRate",0.501
"OppPrefs",3,51,0.15,"2/3",1.5849625007211563,2000,"{1, 2, 3}","Automatic",0.8,"Coombs","CondorcetExistRate",0.875
"OppPrefs",3,51,0.15,"2/3",1.5849625007211563,2000,"{1, 2, 3}","Automatic",0.8,"Coombs","CondorcetEfficiency",0.8868571428571429
"OppPrefs",3,51,0.15,"2/3",1.5849625007211563,2000,"{1, 2, 3}","Automatic",0.8,"Coombs","MidScore",0.356
"OppPrefs",3,51,0.15,"2/3",1.5849625007211563,2000,"{1, 2, 3}","Automatic",0.8,"Coombs","Top1Acceptability",0.3623431372549017
"OppPrefs",3,51,0.15,"2/3",1.5849625007211563,2000,"{1, 2, 3}","Automatic",0.8,"Coombs","Top2Acceptability",0.7106960784313722
"OppPrefs",3,51,0.15,"2/3",1.5849625007211563,2000,"{1, 2, 3}","Automatic",0.8,"Coombs","Top3Acceptability",1.
"OppPrefs",3,51,0.15,"2/3",1.5849625007211563,2000,"{1, 2, 3}","Automatic",0.8,"QR","NeverFirstRate",0.
"OppPrefs",3,51,0.15,"2/3",1.5849625007211563,2000,"{1, 2, 3}","Automatic",0.8,"QR","NoiseFlipRate",0.9355
"OppPrefs",3,51,0.15,"2/3",1.5849625007211563,2000,"{1, 2, 3}","Automatic",0.8,"QR","CondorcetExistRate",0.875
"OppPrefs",3,51,0.15,"2/3",1.5849625007211563,2000,"{1, 2, 3}","Automatic",0.8,"QR","CondorcetEfficiency",0.32971428571428574
"OppPrefs",3,51,0.15,"2/3",1.5849625007211563,2000,"{1, 2, 3}","Automatic",0.8,"QR","MidScore",0.9945
"OppPrefs",3,51,0.15,"2/3",1.5849625007211563,2000,"{1, 2, 3}","Automatic",0.8,"QR","Top1Acceptability",0.17019607843137224
"OppPrefs",3,51,0.15,"2/3",1.5849625007211563,2000,"{1, 2, 3}","Automatic",0.8,"QR","Top2Acceptability",0.8321960784313719
"OppPrefs",3,51,0.15,"2/3",1.5849625007211563,2000,"{1, 2, 3}","Automatic",0.8,"QR","Top3Acceptability",1.
"OppPrefs",3,51,0.15,"2/3",1.5849625007211563,2000,"{1, 2, 3}","Automatic",0.8,"SDM","NeverFirstRate",0.
"OppPrefs",3,51,0.15,"2/3",1.5849625007211563,2000,"{1, 2, 3}","Automatic",0.8,"SDM","NoiseFlipRate",0.6565
"OppPrefs",3,51,0.15,"2/3",1.5849625007211563,2000,"{1, 2, 3}","Automatic",0.8,"SDM","CondorcetExistRate",0.875
"OppPrefs",3,51,0.15,"2/3",1.5849625007211563,2000,"{1, 2, 3}","Automatic",0.8,"SDM","CondorcetEfficiency",0.5074285714285715
"OppPrefs",3,51,0.15,"2/3",1.5849625007211563,2000,"{1, 2, 3}","Automatic",0.8,"SDM","MidScore",0.809
"OppPrefs",3,51,0.15,"2/3",1.5849625007211563,2000,"{1, 2, 3}","Automatic",0.8,"SDM","Top1Acceptability",0.23312745098039173
"OppPrefs",3,51,0.15,"2/3",1.5849625007211563,2000,"{1, 2, 3}","Automatic",0.8,"SDM","Top2Acceptability",0.8112058823529406
"OppPrefs",3,51,0.15,"2/3",1.5849625007211563,2000,"{1, 2, 3}","Automatic",0.8,"SDM","Top3Acceptability",1.
"OppPrefs",3,51,0.15,"2/3",1.5849625007211563,2000,"{1, 2, 3}","Automatic",0.8,"Fallback","NeverFirstRate",0.
"OppPrefs",3,51,0.15,"2/3",1.5849625007211563,2000,"{1, 2, 3}","Automatic",0.8,"Fallback","NoiseFlipRate",0.6615
"OppPrefs",3,51,0.15,"2/3",1.5849625007211563,2000,"{1, 2, 3}","Automatic",0.8,"Fallback","CondorcetExistRate",0.875
"OppPrefs",3,51,0.15,"2/3",1.5849625007211563,2000,"{1, 2, 3}","Automatic",0.8,"Fallback","CondorcetEfficiency",0.3251428571428571
"OppPrefs",3,51,0.15,"2/3",1.5849625007211563,2000,"{1, 2, 3}","Automatic",0.8,"Fallback","MidScore",0.3395
"OppPrefs",3,51,0.15,"2/3",1.5849625007211563,2000,"{1, 2, 3}","Automatic",0.8,"Fallback","Top1Acceptability",0.3333137254901958
"OppPrefs",3,51,0.15,"2/3",1.5849625007211563,2000,"{1, 2, 3}","Automatic",0.8,"Fallback","Top2Acceptability",0.6671176470588235
"OppPrefs",3,51,0.15,"2/3",1.5849625007211563,2000,"{1, 2, 3}","Automatic",0.8,"Fallback","Top3Acceptability",1.
"OppPrefs",3,51,0.15,"2/3",1.5849625007211563,2000,"{1, 2, 3}","Automatic",0.9,"Borda","NeverFirstRate",0.
"OppPrefs",3,51,0.15,"2/3",1.5849625007211563,2000,"{1, 2, 3}","Automatic",0.9,"Borda","NoiseFlipRate",0.525
"OppPrefs",3,51,0.15,"2/3",1.5849625007211563,2000,"{1, 2, 3}","Automatic",0.9,"Borda","CondorcetExistRate",0.866
"OppPrefs",3,51,0.15,"2/3",1.5849625007211563,2000,"{1, 2, 3}","Automatic",0.9,"Borda","CondorcetEfficiency",0.874133949191686
"OppPrefs",3,51,0.15,"2/3",1.5849625007211563,2000,"{1, 2, 3}","Automatic",0.9,"Borda","MidScore",0.362
"OppPrefs",3,51,0.15,"2/3",1.5849625007211563,2000,"{1, 2, 3}","Automatic",0.9,"Borda","Top1Acceptability",0.3625392156862743
"OppPrefs",3,51,0.15,"2/3",1.5849625007211563,2000,"{1, 2, 3}","Automatic",0.9,"Borda","Top2Acceptability",0.7108529411764702
"OppPrefs",3,51,0.15,"2/3",1.5849625007211563,2000,"{1, 2, 3}","Automatic",0.9,"Borda","Top3Acceptability",1.
"OppPrefs",3,51,0.15,"2/3",1.5849625007211563,2000,"{1, 2, 3}","Automatic",0.9,"Plurality","NeverFirstRate",0.
"OppPrefs",3,51,0.15,"2/3",1.5849625007211563,2000,"{1, 2, 3}","Automatic",0.9,"Plurality","NoiseFlipRate",0.8995
"OppPrefs",3,51,0.15,"2/3",1.5849625007211563,2000,"{1, 2, 3}","Automatic",0.9,"Plurality","CondorcetExistRate",0.866
"OppPrefs",3,51,0.15,"2/3",1.5849625007211563,2000,"{1, 2, 3}","Automatic",0.9,"Plurality","CondorcetEfficiency",0.569284064665127
"OppPrefs",3,51,0.15,"2/3",1.5849625007211563,2000,"{1, 2, 3}","Automatic",0.9,"Plurality","MidScore",0.
"OppPrefs",3,51,0.15,"2/3",1.5849625007211563,2000,"{1, 2, 3}","Automatic",0.9,"Plurality","Top1Acceptability",0.4523529411764703
"OppPrefs",3,51,0.15,"2/3",1.5849625007211563,2000,"{1, 2, 3}","Automatic",0.9,"Plurality","Top2Acceptability",0.5823529411764707
"OppPrefs",3,51,0.15,"2/3",1.5849625007211563,2000,"{1, 2, 3}","Automatic",0.9,"Plurality","Top3Acceptability",1.
"OppPrefs",3,51,0.15,"2/3",1.5849625007211563,2000,"{1, 2, 3}","Automatic",0.9,"Coombs","NeverFirstRate",0.
"OppPrefs",3,51,0.15,"2/3",1.5849625007211563,2000,"{1, 2, 3}","Automatic",0.9,"Coombs","NoiseFlipRate",0.514
"OppPrefs",3,51,0.15,"2/3",1.5849625007211563,2000,"{1, 2, 3}","Automatic",0.9,"Coombs","CondorcetExistRate",0.866
"OppPrefs",3,51,0.15,"2/3",1.5849625007211563,2000,"{1, 2, 3}","Automatic",0.9,"Coombs","CondorcetEfficiency",0.8833718244803695
"OppPrefs",3,51,0.15,"2/3",1.5849625007211563,2000,"{1, 2, 3}","Automatic",0.9,"Coombs","MidScore",0.3435
"OppPrefs",3,51,0.15,"2/3",1.5849625007211563,2000,"{1, 2, 3}","Automatic",0.9,"Coombs","Top1Acceptability",0.361362745098039
"OppPrefs",3,51,0.15,"2/3",1.5849625007211563,2000,"{1, 2, 3}","Automatic",0.9,"Coombs","Top2Acceptability",0.7055980392156862
"OppPrefs",3,51,0.15,"2/3",1.5849625007211563,2000,"{1, 2, 3}","Automatic",0.9,"Coombs","Top3Acceptability",1.
"OppPrefs",3,51,0.15,"2/3",1.5849625007211563,2000,"{1, 2, 3}","Automatic",0.9,"QR","NeverFirstRate",0.
"OppPrefs",3,51,0.15,"2/3",1.5849625007211563,2000,"{1, 2, 3}","Automatic",0.9,"QR","NoiseFlipRate",0.9515
"OppPrefs",3,51,0.15,"2/3",1.5849625007211563,2000,"{1, 2, 3}","Automatic",0.9,"QR","CondorcetExistRate",0.866
"OppPrefs",3,51,0.15,"2/3",1.5849625007211563,2000,"{1, 2, 3}","Automatic",0.9,"QR","CondorcetEfficiency",0.3210161662817552
"OppPrefs",3,51,0.15,"2/3",1.5849625007211563,2000,"{1, 2, 3}","Automatic",0.9,"QR","MidScore",0.998
"OppPrefs",3,51,0.15,"2/3",1.5849625007211563,2000,"{1, 2, 3}","Automatic",0.9,"QR","Top1Acceptability",0.1485098039215684
"OppPrefs",3,51,0.15,"2/3",1.5849625007211563,2000,"{1, 2, 3}","Automatic",0.9,"QR","Top2Acceptability",0.851294117647058
"OppPrefs",3,51,0.15,"2/3",1.5849625007211563,2000,"{1, 2, 3}","Automatic",0.9,"QR","Top3Acceptability",1.
"OppPrefs",3,51,0.15,"2/3",1.5849625007211563,2000,"{1, 2, 3}","Automatic",0.9,"SDM","NeverFirstRate",0.
"OppPrefs",3,51,0.15,"2/3",1.5849625007211563,2000,"{1, 2, 3}","Automatic",0.9,"SDM","NoiseFlipRate",0.719
"OppPrefs",3,51,0.15,"2/3",1.5849625007211563,2000,"{1, 2, 3}","Automatic",0.9,"SDM","CondorcetExistRate",0.866
"OppPrefs",3,51,0.15,"2/3",1.5849625007211563,2000,"{1, 2, 3}","Automatic",0.9,"SDM","CondorcetEfficiency",0.4497690531177829
"OppPrefs",3,51,0.15,"2/3",1.5849625007211563,2000,"{1, 2, 3}","Automatic",0.9,"SDM","MidScore",0.8635
"OppPrefs",3,51,0.15,"2/3",1.5849625007211563,2000,"{1, 2, 3}","Automatic",0.9,"SDM","Top1Acceptability",0.1971960784313722
"OppPrefs",3,51,0.15,"2/3",1.5849625007211563,2000,"{1, 2, 3}","Automatic",0.9,"SDM","Top2Acceptability",0.8332745098039207
"OppPrefs",3,51,0.15,"2/3",1.5849625007211563,2000,"{1, 2, 3}","Automatic",0.9,"SDM","Top3Acceptability",1.
"OppPrefs",3,51,0.15,"2/3",1.5849625007211563,2000,"{1, 2, 3}","Automatic",0.9,"Fallback","NeverFirstRate",0.
"OppPrefs",3,51,0.15,"2/3",1.5849625007211563,2000,"{1, 2, 3}","Automatic",0.9,"Fallback","NoiseFlipRate",0.662
"OppPrefs",3,51,0.15,"2/3",1.5849625007211563,2000,"{1, 2, 3}","Automatic",0.9,"Fallback","CondorcetExistRate",0.866
"OppPrefs",3,51,0.15,"2/3",1.5849625007211563,2000,"{1, 2, 3}","Automatic",0.9,"Fallback","CondorcetEfficiency",0.3493071593533487
"OppPrefs",3,51,0.15,"2/3",1.5849625007211563,2000,"{1, 2, 3}","Automatic",0.9,"Fallback","MidScore",0.3325
"OppPrefs",3,51,0.15,"2/3",1.5849625007211563,2000,"{1, 2, 3}","Automatic",0.9,"Fallback","Top1Acceptability",0.33586274509803893
"OppPrefs",3,51,0.15,"2/3",1.5849625007211563,2000,"{1, 2, 3}","Automatic",0.9,"Fallback","Top2Acceptability",0.666127450980392
"OppPrefs",3,51,0.15,"2/3",1.5849625007211563,2000,"{1, 2, 3}","Automatic",0.9,"Fallback","Top3Acceptability",1.
"OppPrefs",3,51,0.15,"2/3",1.5849625007211563,2000,"{1, 2, 3}","Automatic",1.,"Borda","NeverFirstRate",0.
"OppPrefs",3,51,0.15,"2/3",1.5849625007211563,2000,"{1, 2, 3}","Automatic",1.,"Borda","NoiseFlipRate",0.5215
"OppPrefs",3,51,0.15,"2/3",1.5849625007211563,2000,"{1, 2, 3}","Automatic",1.,"Borda","CondorcetExistRate",0.86
"OppPrefs",3,51,0.15,"2/3",1.5849625007211563,2000,"{1, 2, 3}","Automatic",1.,"Borda","CondorcetEfficiency",0.8761627906976744
"OppPrefs",3,51,0.15,"2/3",1.5849625007211563,2000,"{1, 2, 3}","Automatic",1.,"Borda","MidScore",0.3495
"OppPrefs",3,51,0.15,"2/3",1.5849625007211563,2000,"{1, 2, 3}","Automatic",1.,"Borda","Top1Acceptability",0.3612647058823527
"OppPrefs",3,51,0.15,"2/3",1.5849625007211563,2000,"{1, 2, 3}","Automatic",1.,"Borda","Top2Acceptability",0.7037352941176467
"OppPrefs",3,51,0.15,"2/3",1.5849625007211563,2000,"{1, 2, 3}","Automatic",1.,"Borda","Top3Acceptability",1.
"OppPrefs",3,51,0.15,"2/3",1.5849625007211563,2000,"{1, 2, 3}","Automatic",1.,"Plurality","NeverFirstRate",0.
"OppPrefs",3,51,0.15,"2/3",1.5849625007211563,2000,"{1, 2, 3}","Automatic",1.,"Plurality","NoiseFlipRate",0.9105
"OppPrefs",3,51,0.15,"2/3",1.5849625007211563,2000,"{1, 2, 3}","Automatic",1.,"Plurality","CondorcetExistRate",0.86
"OppPrefs",3,51,0.15,"2/3",1.5849625007211563,2000,"{1, 2, 3}","Automatic",1.,"Plurality","CondorcetEfficiency",0.5970930232558139
"OppPrefs",3,51,0.15,"2/3",1.5849625007211563,2000,"{1, 2, 3}","Automatic",1.,"Plurality","MidScore",0.
"OppPrefs",3,51,0.15,"2/3",1.5849625007211563,2000,"{1, 2, 3}","Automatic",1.,"Plurality","Top1Acceptability",0.4592647058823526
"OppPrefs",3,51,0.15,"2/3",1.5849625007211563,2000,"{1, 2, 3}","Automatic",1.,"Plurality","Top2Acceptability",0.5719411764705883
"OppPrefs",3,51,0.15,"2/3",1.5849625007211563,2000,"{1, 2, 3}","Automatic",1.,"Plurality","Top3Acceptability",1.
"OppPrefs",3,51,0.15,"2/3",1.5849625007211563,2000,"{1, 2, 3}","Automatic",1.,"Coombs","NeverFirstRate",0.
"OppPrefs",3,51,0.15,"2/3",1.5849625007211563,2000,"{1, 2, 3}","Automatic",1.,"Coombs","NoiseFlipRate",0.5175
"OppPrefs",3,51,0.15,"2/3",1.5849625007211563,2000,"{1, 2, 3}","Automatic",1.,"Coombs","CondorcetExistRate",0.86
"OppPrefs",3,51,0.15,"2/3",1.5849625007211563,2000,"{1, 2, 3}","Automatic",1.,"Coombs","CondorcetEfficiency",0.8941860465116279
"OppPrefs",3,51,0.15,"2/3",1.5849625007211563,2000,"{1, 2, 3}","Automatic",1.,"Coombs","MidScore",0.3255
"OppPrefs",3,51,0.15,"2/3",1.5849625007211563,2000,"{1, 2, 3}","Automatic",1.,"Coombs","Top1Acceptability",0.3634509803921566
"OppPrefs",3,51,0.15,"2/3",1.5849625007211563,2000,"{1, 2, 3}","Automatic",1.,"Coombs","Top2Acceptability",0.6966470588235292
"OppPrefs",3,51,0.15,"2/3",1.5849625007211563,2000,"{1, 2, 3}","Automatic",1.,"Coombs","Top3Acceptability",1.
"OppPrefs",3,51,0.15,"2/3",1.5849625007211563,2000,"{1, 2, 3}","Automatic",1.,"QR","NeverFirstRate",0.001
"OppPrefs",3,51,0.15,"2/3",1.5849625007211563,2000,"{1, 2, 3}","Automatic",1.,"QR","NoiseFlipRate",0.9685
"OppPrefs",3,51,0.15,"2/3",1.5849625007211563,2000,"{1, 2, 3}","Automatic",1.,"QR","CondorcetExistRate",0.86
"OppPrefs",3,51,0.15,"2/3",1.5849625007211563,2000,"{1, 2, 3}","Automatic",1.,"QR","CondorcetEfficiency",0.2941860465116279
"OppPrefs",3,51,0.15,"2/3",1.5849625007211563,2000,"{1, 2, 3}","Automatic",1.,"QR","MidScore",1.
"OppPrefs",3,51,0.15,"2/3",1.5849625007211563,2000,"{1, 2, 3}","Automatic",1.,"QR","Top1Acceptability",0.12799999999999978
"OppPrefs",3,51,0.15,"2/3",1.5849625007211563,2000,"{1, 2, 3}","Automatic",1.,"QR","Top2Acceptability",0.87163725490196
"OppPrefs",3,51,0.15,"2/3",1.5849625007211563,2000,"{1, 2, 3}","Automatic",1.,"QR","Top3Acceptability",1.
"OppPrefs",3,51,0.15,"2/3",1.5849625007211563,2000,"{1, 2, 3}","Automatic",1.,"SDM","NeverFirstRate",0.
"OppPrefs",3,51,0.15,"2/3",1.5849625007211563,2000,"{1, 2, 3}","Automatic",1.,"SDM","NoiseFlipRate",0.766
"OppPrefs",3,51,0.15,"2/3",1.5849625007211563,2000,"{1, 2, 3}","Automatic",1.,"SDM","CondorcetExistRate",0.86
"OppPrefs",3,51,0.15,"2/3",1.5849625007211563,2000,"{1, 2, 3}","Automatic",1.,"SDM","CondorcetEfficiency",0.3715116279069767
"OppPrefs",3,51,0.15,"2/3",1.5849625007211563,2000,"{1, 2, 3}","Automatic",1.,"SDM","MidScore",0.923
"OppPrefs",3,51,0.15,"2/3",1.5849625007211563,2000,"{1, 2, 3}","Automatic",1.,"SDM","Top1Acceptability",0.15793137254901932
"OppPrefs",3,51,0.15,"2/3",1.5849625007211563,2000,"{1, 2, 3}","Automatic",1.,"SDM","Top2Acceptability",0.86013725490196
"OppPrefs",3,51,0.15,"2/3",1.5849625007211563,2000,"{1, 2, 3}","Automatic",1.,"SDM","Top3Acceptability",1.
"OppPrefs",3,51,0.15,"2/3",1.5849625007211563,2000,"{1, 2, 3}","Automatic",1.,"Fallback","NeverFirstRate",0.
"OppPrefs",3,51,0.15,"2/3",1.5849625007211563,2000,"{1, 2, 3}","Automatic",1.,"Fallback","NoiseFlipRate",0.676
"OppPrefs",3,51,0.15,"2/3",1.5849625007211563,2000,"{1, 2, 3}","Automatic",1.,"Fallback","CondorcetExistRate",0.86
"OppPrefs",3,51,0.15,"2/3",1.5849625007211563,2000,"{1, 2, 3}","Automatic",1.,"Fallback","CondorcetEfficiency",0.35348837209302325
"OppPrefs",3,51,0.15,"2/3",1.5849625007211563,2000,"{1, 2, 3}","Automatic",1.,"Fallback","MidScore",0.3105
"OppPrefs",3,51,0.15,"2/3",1.5849625007211563,2000,"{1, 2, 3}","Automatic",1.,"Fallback","Top1Acceptability",0.34063725490196056
"OppPrefs",3,51,0.15,"2/3",1.5849625007211563,2000,"{1, 2, 3}","Automatic",1.,"Fallback","Top2Acceptability",0.6602254901960783
"OppPrefs",3,51,0.15,"2/3",1.5849625007211563,2000,"{1, 2, 3}","Automatic",1.,"Fallback","Top3Acceptability",1.
"OppPrefs",5,51,0.15,"2/3",1.5849625007211563,2000,"{1, 2, 3}","Automatic",0.,"Borda","NeverFirstRate",0.
"OppPrefs",5,51,0.15,"2/3",1.5849625007211563,2000,"{1, 2, 3}","Automatic",0.,"Borda","NoiseFlipRate",0.2835
"OppPrefs",5,51,0.15,"2/3",1.5849625007211563,2000,"{1, 2, 3}","Automatic",0.,"Borda","CondorcetExistRate",0.7535
"OppPrefs",5,51,0.15,"2/3",1.5849625007211563,2000,"{1, 2, 3}","Automatic",0.,"Borda","CondorcetEfficiency",0.8586595885865959
"OppPrefs",5,51,0.15,"2/3",1.5849625007211563,2000,"{1, 2, 3}","Automatic",0.,"Borda","MidScore",0.40075
"OppPrefs",5,51,0.15,"2/3",1.5849625007211563,2000,"{1, 2, 3}","Automatic",0.,"Borda","Top1Acceptability",0.2533725490196074
"OppPrefs",5,51,0.15,"2/3",1.5849625007211563,2000,"{1, 2, 3}","Automatic",0.,"Borda","Top2Acceptability",0.4794607843137253
"OppPrefs",5,51,0.15,"2/3",1.5849625007211563,2000,"{1, 2, 3}","Automatic",0.,"Borda","Top3Acceptability",0.6746470588235292
"OppPrefs",5,51,0.15,"2/3",1.5849625007211563,2000,"{1, 2, 3}","Automatic",0.,"Plurality","NeverFirstRate",0.
"OppPrefs",5,51,0.15,"2/3",1.5849625007211563,2000,"{1, 2, 3}","Automatic",0.,"Plurality","NoiseFlipRate",0.486
"OppPrefs",5,51,0.15,"2/3",1.5849625007211563,2000,"{1, 2, 3}","Automatic",0.,"Plurality","CondorcetExistRate",0.7535
"OppPrefs",5,51,0.15,"2/3",1.5849625007211563,2000,"{1, 2, 3}","Automatic",0.,"Plurality","CondorcetEfficiency",0.5759787657597877
"OppPrefs",5,51,0.15,"2/3",1.5849625007211563,2000,"{1, 2, 3}","Automatic",0.,"Plurality","MidScore",0.4055
"OppPrefs",5,51,0.15,"2/3",1.5849625007211563,2000,"{1, 2, 3}","Automatic",0.,"Plurality","Top1Acceptability",0.2750294117647055
"OppPrefs",5,51,0.15,"2/3",1.5849625007211563,2000,"{1, 2, 3}","Automatic",0.,"Plurality","Top2Acceptability",0.4559117647058822
"OppPrefs",5,51,0.15,"2/3",1.5849625007211563,2000,"{1, 2, 3}","Automatic",0.,"Plurality","Top3Acceptability",0.6364019607843135
"OppPrefs",5,51,0.15,"2/3",1.5849625007211563,2000,"{1, 2, 3}","Automatic",0.,"Coombs","NeverFirstRate",0.
"OppPrefs",5,51,0.15,"2/3",1.5849625007211563,2000,"{1, 2, 3}","Automatic",0.,"Coombs","NoiseFlipRate",0.433
"OppPrefs",5,51,0.15,"2/3",1.5849625007211563,2000,"{1, 2, 3}","Automatic",0.,"Coombs","CondorcetExistRate",0.7535
"OppPrefs",5,51,0.15,"2/3",1.5849625007211563,2000,"{1, 2, 3}","Automatic",0.,"Coombs","CondorcetEfficiency",0.9044459190444591
"OppPrefs",5,51,0.15,"2/3",1.5849625007211563,2000,"{1, 2, 3}","Automatic",0.,"Coombs","MidScore",0.39975
"OppPrefs",5,51,0.15,"2/3",1.5849625007211563,2000,"{1, 2, 3}","Automatic",0.,"Coombs","Top1Acceptability",0.24245098039215646
"OppPrefs",5,51,0.15,"2/3",1.5849625007211563,2000,"{1, 2, 3}","Automatic",0.,"Coombs","Top2Acceptability",0.4682352941176469
"OppPrefs",5,51,0.15,"2/3",1.5849625007211563,2000,"{1, 2, 3}","Automatic",0.,"Coombs","Top3Acceptability",0.6690490196078429
"OppPrefs",5,51,0.15,"2/3",1.5849625007211563,2000,"{1, 2, 3}","Automatic",0.,"QR","NeverFirstRate",0.
"OppPrefs",5,51,0.15,"2/3",1.5849625007211563,2000,"{1, 2, 3}","Automatic",0.,"QR","NoiseFlipRate",0.385
"OppPrefs",5,51,0.15,"2/3",1.5849625007211563,2000,"{1, 2, 3}","Automatic",0.,"QR","CondorcetExistRate",0.7535
"OppPrefs",5,51,0.15,"2/3",1.5849625007211563,2000,"{1, 2, 3}","Automatic",0.,"QR","CondorcetEfficiency",0.6589250165892502
"OppPrefs",5,51,0.15,"2/3",1.5849625007211563,2000,"{1, 2, 3}","Automatic",0.,"QR","MidScore",0.3945
"OppPrefs",5,51,0.15,"2/3",1.5849625007211563,2000,"{1, 2, 3}","Automatic",0.,"QR","Top1Acceptability",0.22622549019607802
"OppPrefs",5,51,0.15,"2/3",1.5849625007211563,2000,"{1, 2, 3}","Automatic",0.,"QR","Top2Acceptability",0.45453921568627437
"OppPrefs",5,51,0.15,"2/3",1.5849625007211563,2000,"{1, 2, 3}","Automatic",0.,"QR","Top3Acceptability",0.6817254901960782
"OppPrefs",5,51,0.15,"2/3",1.5849625007211563,2000,"{1, 2, 3}","Automatic",0.,"SDM","NeverFirstRate",0.
"OppPrefs",5,51,0.15,"2/3",1.5849625007211563,2000,"{1, 2, 3}","Automatic",0.,"SDM","NoiseFlipRate",0.3015
"OppPrefs",5,51,0.15,"2/3",1.5849625007211563,2000,"{1, 2, 3}","Automatic",0.,"SDM","CondorcetExistRate",0.7535
"OppPrefs",5,51,0.15,"2/3",1.5849625007211563,2000,"{1, 2, 3}","Automatic",0.,"SDM","CondorcetEfficiency",0.8201725282017253
"OppPrefs",5,51,0.15,"2/3",1.5849625007211563,2000,"{1, 2, 3}","Automatic",0.,"SDM","MidScore",0.39325
"OppPrefs",5,51,0.15,"2/3",1.5849625007211563,2000,"{1, 2, 3}","Automatic",0.,"SDM","Top1Acceptability",0.2424117647058819
"OppPrefs",5,51,0.15,"2/3",1.5849625007211563,2000,"{1, 2, 3}","Automatic",0.,"SDM","Top2Acceptability",0.47421568627450966
"OppPrefs",5,51,0.15,"2/3",1.5849625007211563,2000,"{1, 2, 3}","Automatic",0.,"SDM","Top3Acceptability",0.678411764705882
"OppPrefs",5,51,0.15,"2/3",1.5849625007211563,2000,"{1, 2, 3}","Automatic",0.,"Fallback","NeverFirstRate",0.
"OppPrefs",5,51,0.15,"2/3",1.5849625007211563,2000,"{1, 2, 3}","Automatic",0.,"Fallback","NoiseFlipRate",0.8005
"OppPrefs",5,51,0.15,"2/3",1.5849625007211563,2000,"{1, 2, 3}","Automatic",0.,"Fallback","CondorcetExistRate",0.7535
"OppPrefs",5,51,0.15,"2/3",1.5849625007211563,2000,"{1, 2, 3}","Automatic",0.,"Fallback","CondorcetEfficiency",0.21433311214333112
"OppPrefs",5,51,0.15,"2/3",1.5849625007211563,2000,"{1, 2, 3}","Automatic",0.,"Fallback","MidScore",0.4165
"OppPrefs",5,51,0.15,"2/3",1.5849625007211563,2000,"{1, 2, 3}","Automatic",0.,"Fallback","Top1Acceptability",0.1997450980392153
"OppPrefs",5,51,0.15,"2/3",1.5849625007211563,2000,"{1, 2, 3}","Automatic",0.,"Fallback","Top2Acceptability",0.402049019607843
"OppPrefs",5,51,0.15,"2/3",1.5849625007211563,2000,"{1, 2, 3}","Automatic",0.,"Fallback","Top3Acceptability",0.6007450980392157
"OppPrefs",5,51,0.15,"2/3",1.5849625007211563,2000,"{1, 2, 3}","Automatic",0.1,"Borda","NeverFirstRate",0.
"OppPrefs",5,51,0.15,"2/3",1.5849625007211563,2000,"{1, 2, 3}","Automatic",0.1,"Borda","NoiseFlipRate",0.2965
"OppPrefs",5,51,0.15,"2/3",1.5849625007211563,2000,"{1, 2, 3}","Automatic",0.1,"Borda","CondorcetExistRate",0.7385
"OppPrefs",5,51,0.15,"2/3",1.5849625007211563,2000,"{1, 2, 3}","Automatic",0.1,"Borda","CondorcetEfficiency",0.8436018957345972
"OppPrefs",5,51,0.15,"2/3",1.5849625007211563,2000,"{1, 2, 3}","Automatic",0.1,"Borda","MidScore",0.3995
"OppPrefs",5,51,0.15,"2/3",1.5849625007211563,2000,"{1, 2, 3}","Automatic",0.1,"Borda","Top1Acceptability",0.252803921568627
"OppPrefs",5,51,0.15,"2/3",1.5849625007211563,2000,"{1, 2, 3}","Automatic",0.1,"Borda","Top2Acceptability",0.47544117647058814
"OppPrefs",5,51,0.15,"2/3",1.5849625007211563,2000,"{1, 2, 3}","Automatic",0.1,"Borda","Top3Acceptability",0.6720490196078429
"OppPrefs",5,51,0.15,"2/3",1.5849625007211563,2000,"{1, 2, 3}","Automatic",0.1,"Plurality","NeverFirstRate",0.
"OppPrefs",5,51,0.15,"2/3",1.5849625007211563,2000,"{1, 2, 3}","Automatic",0.1,"Plurality","NoiseFlipRate",0.456
"OppPrefs",5,51,0.15,"2/3",1.5849625007211563,2000,"{1, 2, 3}","Automatic",0.1,"Plurality","CondorcetExistRate",0.7385
"OppPrefs",5,51,0.15,"2/3",1.5849625007211563,2000,"{1, 2, 3}","Automatic",0.1,"Plurality","CondorcetEfficiency",0.5944482058226134
"OppPrefs",5,51,0.15,"2/3",1.5849625007211563,2000,"{1, 2, 3}","Automatic",0.1,"Plurality","MidScore",0.26
"OppPrefs",5,51,0.15,"2/3",1.5849625007211563,2000,"{1, 2, 3}","Automatic",0.1,"Plurality","Top1Acceptability",0.27688235294117614
"OppPrefs",5,51,0.15,"2/3",1.5849625007211563,2000,"{1, 2, 3}","Automatic",0.1,"Plurality","Top2Acceptability",0.4538529411764704
"OppPrefs",5,51,0.15,"2/3",1.5849625007211563,2000,"{1, 2, 3}","Automatic",0.1,"Plurality","Top3Acceptability",0.6319411764705882
"OppPrefs",5,51,0.15,"2/3",1.5849625007211563,2000,"{1, 2, 3}","Automatic",0.1,"Coombs","NeverFirstRate",0.
"OppPrefs",5,51,0.15,"2/3",1.5849625007211563,2000,"{1, 2, 3}","Automatic",0.1,"Coombs","NoiseFlipRate",0.429
"OppPrefs",5,51,0.15,"2/3",1.5849625007211563,2000,"{1, 2, 3}","Automatic",0.1,"Coombs","CondorcetExistRate",0.7385
"OppPrefs",5,51,0.15,"2/3",1.5849625007211563,2000,"{1, 2, 3}","Automatic",0.1,"Coombs","CondorcetEfficiency",0.8598510494245092
"OppPrefs",5,51,0.15,"2/3",1.5849625007211563,2000,"{1, 2, 3}","Automatic",0.1,"Coombs","MidScore",0.42475
"OppPrefs",5,51,0.15,"2/3",1.5849625007211563,2000,"{1, 2, 3}","Automatic",0.1,"Coombs","Top1Acceptability",0.24016666666666622
"OppPrefs",5,51,0.15,"2/3",1.5849625007211563,2000,"{1, 2, 3}","Automatic",0.1,"Coombs","Top2Acceptability",0.4616568627450978
"OppPrefs",5,51,0.15,"2/3",1.5849625007211563,2000,"{1, 2, 3}","Automatic",0.1,"Coombs","Top3Acceptability",0.6656960784313724
"OppPrefs",5,51,0.15,"2/3",1.5849625007211563,2000,"{1, 2, 3}","Automatic",0.1,"QR","NeverFirstRate",0.
"OppPrefs",5,51,0.15,"2/3",1.5849625007211563,2000,"{1, 2, 3}","Automatic",0.1,"QR","NoiseFlipRate",0.416
"OppPrefs",5,51,0.15,"2/3",1.5849625007211563,2000,"{1, 2, 3}","Automatic",0.1,"QR","CondorcetExistRate",0.7385
"OppPrefs",5,51,0.15,"2/3",1.5849625007211563,2000,"{1, 2, 3}","Automatic",0.1,"QR","CondorcetEfficiency",0.6052809749492214
"OppPrefs",5,51,0.15,"2/3",1.5849625007211563,2000,"{1, 2, 3}","Automatic",0.1,"QR","MidScore",0.5135
"OppPrefs",5,51,0.15,"2/3",1.5849625007211563,2000,"{1, 2, 3}","Automatic",0.1,"QR","Top1Acceptability",0.22121568627450938
"OppPrefs",5,51,0.15,"2/3",1.5849625007211563,2000,"{1, 2, 3}","Automatic",0.1,"QR","Top2Acceptability",0.4451176470588233
"OppPrefs",5,51,0.15,"2/3",1.5849625007211563,2000,"{1, 2, 3}","Automatic",0.1,"QR","Top3Acceptability",0.6798235294117646
"OppPrefs",5,51,0.15,"2/3",1.5849625007211563,2000,"{1, 2, 3}","Automatic",0.1,"SDM","NeverFirstRate",0.
"OppPrefs",5,51,0.15,"2/3",1.5849625007211563,2000,"{1, 2, 3}","Automatic",0.1,"SDM","NoiseFlipRate",0.302
"OppPrefs",5,51,0.15,"2/3",1.5849625007211563,2000,"{1, 2, 3}","Automatic",0.1,"SDM","CondorcetExistRate",0.7385
"OppPrefs",5,51,0.15,"2/3",1.5849625007211563,2000,"{1, 2, 3}","Automatic",0.1,"SDM","CondorcetEfficiency",0.7846987136086662
"OppPrefs",5,51,0.15,"2/3",1.5849625007211563,2000,"{1, 2, 3}","Automatic",0.1,"SDM","MidScore",0.4485
"OppPrefs",5,51,0.15,"2/3",1.5849625007211563,2000,"{1, 2, 3}","Automatic",0.1,"SDM","Top1Acceptability",0.23919607843137208
"OppPrefs",5,51,0.15,"2/3",1.5849625007211563,2000,"{1, 2, 3}","Automatic",0.1,"SDM","Top2Acceptability",0.4682647058823528
"OppPrefs",5,51,0.15,"2/3",1.5849625007211563,2000,"{1, 2, 3}","Automatic",0.1,"SDM","Top3Acceptability",0.6762549019607841
"OppPrefs",5,51,0.15,"2/3",1.5849625007211563,2000,"{1, 2, 3}","Automatic",0.1,"Fallback","NeverFirstRate",0.
"OppPrefs",5,51,0.15,"2/3",1.5849625007211563,2000,"{1, 2, 3}","Automatic",0.1,"Fallback","NoiseFlipRate",0.81
"OppPrefs",5,51,0.15,"2/3",1.5849625007211563,2000,"{1, 2, 3}","Automatic",0.1,"Fallback","CondorcetExistRate",0.7385
"OppPrefs",5,51,0.15,"2/3",1.5849625007211563,2000,"{1, 2, 3}","Automatic",0.1,"Fallback","CondorcetEfficiency",0.2139471902505078
"OppPrefs",5,51,0.15,"2/3",1.5849625007211563,2000,"{1, 2, 3}","Automatic",0.1,"Fallback","MidScore",0.40175
"OppPrefs",5,51,0.15,"2/3",1.5849625007211563,2000,"{1, 2, 3}","Automatic",0.1,"Fallback","Top1Acceptability",0.2000882352941173
"OppPrefs",5,51,0.15,"2/3",1.5849625007211563,2000,"{1, 2, 3}","Automatic",0.1,"Fallback","Top2Acceptability",0.40093137254901945
"OppPrefs",5,51,0.15,"2/3",1.5849625007211563,2000,"{1, 2, 3}","Automatic",0.1,"Fallback","Top3Acceptability",0.6013921568627452
"OppPrefs",5,51,0.15,"2/3",1.5849625007211563,2000,"{1, 2, 3}","Automatic",0.2,"Borda","NeverFirstRate",0.
"OppPrefs",5,51,0.15,"2/3",1.5849625007211563,2000,"{1, 2, 3}","Automatic",0.2,"Borda","NoiseFlipRate",0.285
"OppPrefs",5,51,0.15,"2/3",1.5849625007211563,2000,"{1, 2, 3}","Automatic",0.2,"Borda","CondorcetExistRate",0.739
"OppPrefs",5,51,0.15,"2/3",1.5849625007211563,2000,"{1, 2, 3}","Automatic",0.2,"Borda","CondorcetEfficiency",0.8619756427604871
"OppPrefs",5,51,0.15,"2/3",1.5849625007211563,2000,"{1, 2, 3}","Automatic",0.2,"Borda","MidScore",0.4045
"OppPrefs",5,51,0.15,"2/3",1.5849625007211563,2000,"{1, 2, 3}","Automatic",0.2,"Borda","Top1Acceptability",0.24947058823529364
"OppPrefs",5,51,0.15,"2/3",1.5849625007211563,2000,"{1, 2, 3}","Automatic",0.2,"Borda","Top2Acceptability",0.471705882352941
"OppPrefs",5,51,0.15,"2/3",1.5849625007211563,2000,"{1, 2, 3}","Automatic",0.2,"Borda","Top3Acceptability",0.6703039215686272
"OppPrefs",5,51,0.15,"2/3",1.5849625007211563,2000,"{1, 2, 3}","Automatic",0.2,"Plurality","NeverFirstRate",0.
"OppPrefs",5,51,0.15,"2/3",1.5849625007211563,2000,"{1, 2, 3}","Automatic",0.2,"Plurality","NoiseFlipRate",0.453
"OppPrefs",5,51,0.15,"2/3",1.5849625007211563,2000,"{1, 2, 3}","Automatic",0.2,"Plurality","CondorcetExistRate",0.739
"OppPrefs",5,51,0.15,"2/3",1.5849625007211563,2000,"{1, 2, 3}","Automatic",0.2,"Plurality","CondorcetEfficiency",0.4878213802435724
"OppPrefs",5,51,0.15,"2/3",1.5849625007211563,2000,"{1, 2, 3}","Automatic",0.2,"Plurality","MidScore",0.13075
"OppPrefs",5,51,0.15,"2/3",1.5849625007211563,2000,"{1, 2, 3}","Automatic",0.2,"Plurality","Top1Acceptability",0.2857156862745095
"OppPrefs",5,51,0.15,"2/3",1.5849625007211563,2000,"{1, 2, 3}","Automatic",0.2,"Plurality","Top2Acceptability",0.4524607843137253
"OppPrefs",5,51,0.15,"2/3",1.5849625007211563,2000,"{1, 2, 3}","Automatic",0.2,"Plurality","Top3Acceptability",0.6140490196078431
"OppPrefs",5,51,0.15,"2/3",1.5849625007211563,2000,"{1, 2, 3}","Automatic",0.2,"Coombs","NeverFirstRate",0.
"OppPrefs",5,51,0.15,"2/3",1.5849625007211563,2000,"{1, 2, 3}","Automatic",0.2,"Coombs","NoiseFlipRate",0.449
"OppPrefs",5,51,0.15,"2/3",1.5849625007211563,2000,"{1, 2, 3}","Automatic",0.2,"Coombs","CondorcetExistRate",0.739
"OppPrefs",5,51,0.15,"2/3",1.5849625007211563,2000,"{1, 2, 3}","Automatic",0.2,"Coombs","CondorcetEfficiency",0.8267929634641408
"OppPrefs",5,51,0.15,"2/3",1.5849625007211563,2000,"{1, 2, 3}","Automatic",0.2,"Coombs","MidScore",0.44925
"OppPrefs",5,51,0.15,"2/3",1.5849625007211563,2000,"{1, 2, 3}","Automatic",0.2,"Coombs","Top1Acceptability",0.23196078431372505
"OppPrefs",5,51,0.15,"2/3",1.5849625007211563,2000,"{1, 2, 3}","Automatic",0.2,"Coombs","Top2Acceptability",0.4554803921568626
"OppPrefs",5,51,0.15,"2/3",1.5849625007211563,2000,"{1, 2, 3}","Automatic",0.2,"Coombs","Top3Acceptability",0.6643529411764704
"OppPrefs",5,51,0.15,"2/3",1.5849625007211563,2000,"{1, 2, 3}","Automatic",0.2,"QR","NeverFirstRate",0.
"OppPrefs",5,51,0.15,"2/3",1.5849625007211563,2000,"{1, 2, 3}","Automatic",0.2,"QR","NoiseFlipRate",0.3945
"OppPrefs",5,51,0.15,"2/3",1.5849625007211563,2000,"{1, 2, 3}","Automatic",0.2,"QR","CondorcetExistRate",0.739
"OppPrefs",5,51,0.15,"2/3",1.5849625007211563,2000,"{1, 2, 3}","Automatic",0.2,"QR","CondorcetEfficiency",0.5906630581867388
"OppPrefs",5,51,0.15,"2/3",1.5849625007211563,2000,"{1, 2, 3}","Automatic",0.2,"QR","MidScore",0.636
"OppPrefs",5,51,0.15,"2/3",1.5849625007211563,2000,"{1, 2, 3}","Automatic",0.2,"QR","Top1Acceptability",0.2039803921568624
"OppPrefs",5,51,0.15,"2/3",1.5849625007211563,2000,"{1, 2, 3}","Automatic",0.2,"QR","Top2Acceptability",0.42711764705882344
"OppPrefs",5,51,0.15,"2/3",1.5849625007211563,2000,"{1, 2, 3}","Automatic",0.2,"QR","Top3Acceptability",0.6854117647058822
"OppPrefs",5,51,0.15,"2/3",1.5849625007211563,2000,"{1, 2, 3}","Automatic",0.2,"SDM","NeverFirstRate",0.
"OppPrefs",5,51,0.15,"2/3",1.5849625007211563,2000,"{1, 2, 3}","Automatic",0.2,"SDM","NoiseFlipRate",0.301
"OppPrefs",5,51,0.15,"2/3",1.5849625007211563,2000,"{1, 2, 3}","Automatic",0.2,"SDM","CondorcetExistRate",0.739
"OppPrefs",5,51,0.15,"2/3",1.5849625007211563,2000,"{1, 2, 3}","Automatic",0.2,"SDM","CondorcetEfficiency",0.786874154262517
"OppPrefs",5,51,0.15,"2/3",1.5849625007211563,2000,"{1, 2, 3}","Automatic",0.2,"SDM","MidScore",0.50975
"OppPrefs",5,51,0.15,"2/3",1.5849625007211563,2000,"{1, 2, 3}","Automatic",0.2,"SDM","Top1Acceptability",0.22770588235294076
"OppPrefs",5,51,0.15,"2/3",1.5849625007211563,2000,"{1, 2, 3}","Automatic",0.2,"SDM","Top2Acceptability",0.4607549019607841
"OppPrefs",5,51,0.15,"2/3",1.5849625007211563,2000,"{1, 2, 3}","Automatic",0.2,"SDM","Top3Acceptability",0.6776666666666664
"OppPrefs",5,51,0.15,"2/3",1.5849625007211563,2000,"{1, 2, 3}","Automatic",0.2,"Fallback","NeverFirstRate",0.
"OppPrefs",5,51,0.15,"2/3",1.5849625007211563,2000,"{1, 2, 3}","Automatic",0.2,"Fallback","NoiseFlipRate",0.783
"OppPrefs",5,51,0.15,"2/3",1.5849625007211563,2000,"{1, 2, 3}","Automatic",0.2,"Fallback","CondorcetExistRate",0.739
"OppPrefs",5,51,0.15,"2/3",1.5849625007211563,2000,"{1, 2, 3}","Automatic",0.2,"Fallback","CondorcetEfficiency",0.19350473612990526
"OppPrefs",5,51,0.15,"2/3",1.5849625007211563,2000,"{1, 2, 3}","Automatic",0.2,"Fallback","MidScore",0.4065
"OppPrefs",5,51,0.15,"2/3",1.5849625007211563,2000,"{1, 2, 3}","Automatic",0.2,"Fallback","Top1Acceptability",0.1986176470588232
"OppPrefs",5,51,0.15,"2/3",1.5849625007211563,2000,"{1, 2, 3}","Automatic",0.2,"Fallback","Top2Acceptability",0.39629411764705863
"OppPrefs",5,51,0.15,"2/3",1.5849625007211563,2000,"{1, 2, 3}","Automatic",0.2,"Fallback","Top3Acceptability",0.5978921568627451
"OppPrefs",5,51,0.15,"2/3",1.5849625007211563,2000,"{1, 2, 3}","Automatic",0.30000000000000004,"Borda","NeverFirstRate",0.
"OppPrefs",5,51,0.15,"2/3",1.5849625007211563,2000,"{1, 2, 3}","Automatic",0.30000000000000004,"Borda","NoiseFlipRate",0.3095
"OppPrefs",5,51,0.15,"2/3",1.5849625007211563,2000,"{1, 2, 3}","Automatic",0.30000000000000004,"Borda","CondorcetExistRate",0.731
"OppPrefs",5,51,0.15,"2/3",1.5849625007211563,2000,"{1, 2, 3}","Automatic",0.30000000000000004,"Borda","CondorcetEfficiency",0.847469220246238
"OppPrefs",5,51,0.15,"2/3",1.5849625007211563,2000,"{1, 2, 3}","Automatic",0.30000000000000004,"Borda","MidScore",0.40825
"OppPrefs",5,51,0.15,"2/3",1.5849625007211563,2000,"{1, 2, 3}","Automatic",0.30000000000000004,"Borda","Top1Acceptability",0.246382352941176
"OppPrefs",5,51,0.15,"2/3",1.5849625007211563,2000,"{1, 2, 3}","Automatic",0.30000000000000004,"Borda","Top2Acceptability",0.46730392156862727
"OppPrefs",5,51,0.15,"2/3",1.5849625007211563,2000,"{1, 2, 3}","Automatic",0.30000000000000004,"Borda","Top3Acceptability",0.6681372549019605
"OppPrefs",5,51,0.15,"2/3",1.5849625007211563,2000,"{1, 2, 3}","Automatic",0.30000000000000004,"Plurality","NeverFirstRate",0.
"OppPrefs",5,51,0.15,"2/3",1.5849625007211563,2000,"{1, 2, 3}","Automatic",0.30000000000000004,"Plurality","NoiseFlipRate",0.426
"OppPrefs",5,51,0.15,"2/3",1.5849625007211563,2000,"{1, 2, 3}","Automatic",0.30000000000000004,"Plurality","CondorcetExistRate",0.731
"OppPrefs",5,51,0.15,"2/3",1.5849625007211563,2000,"{1, 2, 3}","Automatic",0.30000000000000004,"Plurality","CondorcetEfficiency",0.4049247606019152
"OppPrefs",5,51,0.15,"2/3",1.5849625007211563,2000,"{1, 2, 3}","Automatic",0.30000000000000004,"Plurality","MidScore",0.05525
"OppPrefs",5,51,0.15,"2/3",1.5849625007211563,2000,"{1, 2, 3}","Automatic",0.30000000000000004,"Plurality","Top1Acceptability",0.30004901960784286
"OppPrefs",5,51,0.15,"2/3",1.5849625007211563,2000,"{1, 2, 3}","Automatic",0.30000000000000004,"Plurality","Top2Acceptability",0.45388235294117624
"OppPrefs",5,51,0.15,"2/3",1.5849625007211563,2000,"{1, 2, 3}","Automatic",0.30000000000000004,"Plurality","Top3Acceptability",0.5963431372549021
"OppPrefs",5,51,0.15,"2/3",1.5849625007211563,2000,"{1, 2, 3}","Automatic",0.30000000000000004,"Coombs","NeverFirstRate",0.
"OppPrefs",5,51,0.15,"2/3",1.5849625007211563,2000,"{1, 2, 3}","Automatic",0.30000000000000004,"Coombs","NoiseFlipRate",0.4665
"OppPrefs",5,51,0.15,"2/3",1.5849625007211563,2000,"{1, 2, 3}","Automatic",0.30000000000000004,"Coombs","CondorcetExistRate",0.731
"OppPrefs",5,51,0.15,"2/3",1.5849625007211563,2000,"{1, 2, 3}","Automatic",0.30000000000000004,"Coombs","CondorcetEfficiency",0.8030095759233926
"OppPrefs",5,51,0.15,"2/3",1.5849625007211563,2000,"{1, 2, 3}","Automatic",0.30000000000000004,"Coombs","MidScore",0.457
"OppPrefs",5,51,0.15,"2/3",1.5849625007211563,2000,"{1, 2, 3}","Automatic",0.30000000000000004,"Coombs","Top1Acceptability",0.2257156862745094
"OppPrefs",5,51,0.15,"2/3",1.5849625007211563,2000,"{1, 2, 3}","Automatic",0.30000000000000004,"Coombs","Top2Acceptability",0.4498039215686273
"OppPrefs",5,51,0.15,"2/3",1.5849625007211563,2000,"{1, 2, 3}","Automatic",0.30000000000000004,"Coombs","Top3Acceptability",0.6628627450980391
"OppPrefs",5,51,0.15,"2/3",1.5849625007211563,2000,"{1, 2, 3}","Automatic",0.30000000000000004,"QR","NeverFirstRate",0.
"OppPrefs",5,51,0.15,"2/3",1.5849625007211563,2000,"{1, 2, 3}","Automatic",0.30000000000000004,"QR","NoiseFlipRate",0.411
"OppPrefs",5,51,0.15,"2/3",1.5849625007211563,2000,"{1, 2, 3}","Automatic",0.30000000000000004,"QR","CondorcetExistRate",0.731
"OppPrefs",5,51,0.15,"2/3",1.5849625007211563,2000,"{1, 2, 3}","Automatic",0.30000000000000004,"QR","CondorcetEfficiency",0.48700410396716826
"OppPrefs",5,51,0.15,"2/3",1.5849625007211563,2000,"{1, 2, 3}","Automatic",0.30000000000000004,"QR","MidScore",0.746
"OppPrefs",5,51,0.15,"2/3",1.5849625007211563,2000,"{1, 2, 3}","Automatic",0.30000000000000004,"QR","Top1Acceptability",0.18036274509803887
"OppPrefs",5,51,0.15,"2/3",1.5849625007211563,2000,"{1, 2, 3}","Automatic",0.30000000000000004,"QR","Top2Acceptability",0.3970882352941176
"OppPrefs",5,51,0.15,"2/3",1.5849625007211563,2000,"{1, 2, 3}","Automatic",0.30000000000000004,"QR","Top3Acceptability",0.6938529411764705
"OppPrefs",5,51,0.15,"2/3",1.5849625007211563,2000,"{1, 2, 3}","Automatic",0.30000000000000004,"SDM","NeverFirstRate",0.
"OppPrefs",5,51,0.15,"2/3",1.5849625007211563,2000,"{1, 2, 3}","Automatic",0.30000000000000004,"SDM","NoiseFlipRate",0.2995
"OppPrefs",5,51,0.15,"2/3",1.5849625007211563,2000,"{1, 2, 3}","Automatic",0.30000000000000004,"SDM","CondorcetExistRate",0.731
"OppPrefs",5,51,0.15,"2/3",1.5849625007211563,2000,"{1, 2, 3}","Automatic",0.30000000000000004,"SDM","CondorcetEfficiency",0.7264021887824897
"OppPrefs",5,51,0.15,"2/3",1.5849625007211563,2000,"{1, 2, 3}","Automatic",0.30000000000000004,"SDM","MidScore",0.5675
"OppPrefs",5,51,0.15,"2/3",1.5849625007211563,2000,"{1, 2, 3}","Automatic",0.30000000000000004,"SDM","Top1Acceptability",0.2101960784313722
"OppPrefs",5,51,0.15,"2/3",1.5849625007211563,2000,"{1, 2, 3}","Automatic",0.30000000000000004,"SDM","Top2Acceptability",0.44658823529411756
"OppPrefs",5,51,0.15,"2/3",1.5849625007211563,2000,"{1, 2, 3}","Automatic",0.30000000000000004,"SDM","Top3Acceptability",0.6804313725490194
"OppPrefs",5,51,0.15,"2/3",1.5849625007211563,2000,"{1, 2, 3}","Automatic",0.30000000000000004,"Fallback","NeverFirstRate",0.
"OppPrefs",5,51,0.15,"2/3",1.5849625007211563,2000,"{1, 2, 3}","Automatic",0.30000000000000004,"Fallback","NoiseFlipRate",0.794
"OppPrefs",5,51,0.15,"2/3",1.5849625007211563,2000,"{1, 2, 3}","Automatic",0.30000000000000004,"Fallback","CondorcetExistRate",0.731
"OppPrefs",5,51,0.15,"2/3",1.5849625007211563,2000,"{1, 2, 3}","Automatic",0.30000000000000004,"Fallback","CondorcetEfficiency",0.18741450068399454
"OppPrefs",5,51,0.15,"2/3",1.5849625007211563,2000,"{1, 2, 3}","Automatic",0.30000000000000004,"Fallback","MidScore",0.409
"OppPrefs",5,51,0.15,"2/3",1.5849625007211563,2000,"{1, 2, 3}","Automatic",0.30000000000000004,"Fallback","Top1Acceptability",0.1973137254901957
"OppPrefs",5,51,0.15,"2/3",1.5849625007211563,2000,"{1, 2, 3}","Automatic",0.30000000000000004,"Fallback","Top2Acceptability",0.398862745098039
"OppPrefs",5,51,0.15,"2/3",1.5849625007211563,2000,"{1, 2, 3}","Automatic",0.30000000000000004,"Fallback","Top3Acceptability",0.5977058823529411
"OppPrefs",5,51,0.15,"2/3",1.5849625007211563,2000,"{1, 2, 3}","Automatic",0.4,"Borda","NeverFirstRate",0.
"OppPrefs",5,51,0.15,"2/3",1.5849625007211563,2000,"{1, 2, 3}","Automatic",0.4,"Borda","NoiseFlipRate",0.329
"OppPrefs",5,51,0.15,"2/3",1.5849625007211563,2000,"{1, 2, 3}","Automatic",0.4,"Borda","CondorcetExistRate",0.701
"OppPrefs",5,51,0.15,"2/3",1.5849625007211563,2000,"{1, 2, 3}","Automatic",0.4,"Borda","CondorcetEfficiency",0.8495007132667618
"OppPrefs",5,51,0.15,"2/3",1.5849625007211563,2000,"{1, 2, 3}","Automatic",0.4,"Borda","MidScore",0.39425
"OppPrefs",5,51,0.15,"2/3",1.5849625007211563,2000,"{1, 2, 3}","Automatic",0.4,"Borda","Top1Acceptability",0.24362745098039174
"OppPrefs",5,51,0.15,"2/3",1.5849625007211563,2000,"{1, 2, 3}","Automatic",0.4,"Borda","Top2Acceptability",0.46402941176470575
"OppPrefs",5,51,0.15,"2/3",1.5849625007211563,2000,"{1, 2, 3}","Automatic",0.4,"Borda","Top3Acceptability",0.6608921568627449
"OppPrefs",5,51,0.15,"2/3",1.5849625007211563,2000,"{1, 2, 3}","Automatic",0.4,"Plurality","NeverFirstRate",0.
"OppPrefs",5,51,0.15,"2/3",1.5849625007211563,2000,"{1, 2, 3}","Automatic",0.4,"Plurality","NoiseFlipRate",0.377
"OppPrefs",5,51,0.15,"2/3",1.5849625007211563,2000,"{1, 2, 3}","Automatic",0.4,"Plurality","CondorcetExistRate",0.701
"OppPrefs",5,51,0.15,"2/3",1.5849625007211563,2000,"{1, 2, 3}","Automatic",0.4,"Plurality","CondorcetEfficiency",0.3573466476462197
"OppPrefs",5,51,0.15,"2/3",1.5849625007211563,2000,"{1, 2, 3}","Automatic",0.4,"Plurality","MidScore",0.0105
"OppPrefs",5,51,0.15,"2/3",1.5849625007211563,2000,"{1, 2, 3}","Automatic",0.4,"Plurality","Top1Acceptability",0.31953921568627425
"OppPrefs",5,51,0.15,"2/3",1.5849625007211563,2000,"{1, 2, 3}","Automatic",0.4,"Plurality","Top2Acceptability",0.4564313725490194
"OppPrefs",5,51,0.15,"2/3",1.5849625007211563,2000,"{1, 2, 3}","Automatic",0.4,"Plurality","Top3Acceptability",0.5791470588235295
"OppPrefs",5,51,0.15,"2/3",1.5849625007211563,2000,"{1, 2, 3}","Automatic",0.4,"Coombs","NeverFirstRate",0.
"OppPrefs",5,51,0.15,"2/3",1.5849625007211563,2000,"{1, 2, 3}","Automatic",0.4,"Coombs","NoiseFlipRate",0.498
"OppPrefs",5,51,0.15,"2/3",1.5849625007211563,2000,"{1, 2, 3}","Automatic",0.4,"Coombs","CondorcetExistRate",0.701
"OppPrefs",5,51,0.15,"2/3",1.5849625007211563,2000,"{1, 2, 3}","Automatic",0.4,"Coombs","CondorcetEfficiency",0.7439372325249644
"OppPrefs",5,51,0.15,"2/3",1.5849625007211563,2000,"{1, 2, 3}","Automatic",0.4,"Coombs","MidScore",0.44725
"OppPrefs",5,51,0.15,"2/3",1.5849625007211563,2000,"{1, 2, 3}","Automatic",0.4,"Coombs","Top1Acceptability",0.21974509803921533
"OppPrefs",5,51,0.15,"2/3",1.5849625007211563,2000,"{1, 2, 3}","Automatic",0.4,"Coombs","Top2Acceptability",0.4406470588235293
"OppPrefs",5,51,0.15,"2/3",1.5849625007211563,2000,"{1, 2, 3}","Automatic",0.4,"Coombs","Top3Acceptability",0.6576960784313723
"OppPrefs",5,51,0.15,"2/3",1.5849625007211563,2000,"{1, 2, 3}","Automatic",0.4,"QR","NeverFirstRate",0.
"OppPrefs",5,51,0.15,"2/3",1.5849625007211563,2000,"{1, 2, 3}","Automatic",0.4,"QR","NoiseFlipRate",0.432
"OppPrefs",5,51,0.15,"2/3",1.5849625007211563,2000,"{1, 2, 3}","Automatic",0.4,"QR","CondorcetExistRate",0.701
"OppPrefs",5,51,0.15,"2/3",1.5849625007211563,2000,"{1, 2, 3}","Automatic",0.4,"QR","CondorcetEfficiency",0.38231098430813126
"OppPrefs",5,51,0.15,"2/3",1.5849625007211563,2000,"{1, 2, 3}","Automatic",0.4,"QR","MidScore",0.845
"OppPrefs",5,51,0.15,"2/3",1.5849625007211563,2000,"{1, 2, 3}","Automatic",0.4,"QR","Top1Acceptability",0.1497647058823527
"OppPrefs",5,51,0.15,"2/3",1.5849625007211563,2000,"{1, 2, 3}","Automatic",0.4,"QR","Top2Acceptability",0.35144117647058803
"OppPrefs",5,51,0.15,"2/3",1.5849625007211563,2000,"{1, 2, 3}","Automatic",0.4,"QR","Top3Acceptability",0.7066078431372547
"OppPrefs",5,51,0.15,"2/3",1.5849625007211563,2000,"{1, 2, 3}","Automatic",0.4,"SDM","NeverFirstRate",0.
"OppPrefs",5,51,0.15,"2/3",1.5849625007211563,2000,"{1, 2, 3}","Automatic",0.4,"SDM","NoiseFlipRate",0.3465
"OppPrefs",5,51,0.15,"2/3",1.5849625007211563,2000,"{1, 2, 3}","Automatic",0.4,"SDM","CondorcetExistRate",0.701
"OppPrefs",5,51,0.15,"2/3",1.5849625007211563,2000,"{1, 2, 3}","Automatic",0.4,"SDM","CondorcetEfficiency",0.6754636233951498
"OppPrefs",5,51,0.15,"2/3",1.5849625007211563,2000,"{1, 2, 3}","Automatic",0.4,"SDM","MidScore",0.612
"OppPrefs",5,51,0.15,"2/3",1.5849625007211563,2000,"{1, 2, 3}","Automatic",0.4,"SDM","Top1Acceptability",0.1882156862745095
"OppPrefs",5,51,0.15,"2/3",1.5849625007211563,2000,"{1, 2, 3}","Automatic",0.4,"SDM","Top2Acceptability",0.42841176470588227
"OppPrefs",5,51,0.15,"2/3",1.5849625007211563,2000,"{1, 2, 3}","Automatic",0.4,"SDM","Top3Acceptability",0.6830294117647057
"OppPrefs",5,51,0.15,"2/3",1.5849625007211563,2000,"{1, 2, 3}","Automatic",0.4,"Fallback","NeverFirstRate",0.
"OppPrefs",5,51,0.15,"2/3",1.5849625007211563,2000,"{1, 2, 3}","Automatic",0.4,"Fallback","NoiseFlipRate",0.792
"OppPrefs",5,51,0.15,"2/3",1.5849625007211563,2000,"{1, 2, 3}","Automatic",0.4,"Fallback","CondorcetExistRate",0.701
"OppPrefs",5,51,0.15,"2/3",1.5849625007211563,2000,"{1, 2, 3}","Automatic",0.4,"Fallback","CondorcetEfficiency",0.21184022824536378
"OppPrefs",5,51,0.15,"2/3",1.5849625007211563,2000,"{1, 2, 3}","Automatic",0.4,"Fallback","MidScore",0.4055
"OppPrefs",5,51,0.15,"2/3",1.5849625007211563,2000,"{1, 2, 3}","Automatic",0.4,"Fallback","Top1Acceptability",0.1994019607843134
"OppPrefs",5,51,0.15,"2/3",1.5849625007211563,2000,"{1, 2, 3}","Automatic",0.4,"Fallback","Top2Acceptability",0.4005980392156861
"OppPrefs",5,51,0.15,"2/3",1.5849625007211563,2000,"{1, 2, 3}","Automatic",0.4,"Fallback","Top3Acceptability",0.6007941176470588
"OppPrefs",5,51,0.15,"2/3",1.5849625007211563,2000,"{1, 2, 3}","Automatic",0.5,"Borda","NeverFirstRate",0.
"OppPrefs",5,51,0.15,"2/3",1.5849625007211563,2000,"{1, 2, 3}","Automatic",0.5,"Borda","NoiseFlipRate",0.3525
"OppPrefs",5,51,0.15,"2/3",1.5849625007211563,2000,"{1, 2, 3}","Automatic",0.5,"Borda","CondorcetExistRate",0.689
"OppPrefs",5,51,0.15,"2/3",1.5849625007211563,2000,"{1, 2, 3}","Automatic",0.5,"Borda","CondorcetEfficiency",0.865021770682148
"OppPrefs",5,51,0.15,"2/3",1.5849625007211563,2000,"{1, 2, 3}","Automatic",0.5,"Borda","MidScore",0.4145
"OppPrefs",5,51,0.15,"2/3",1.5849625007211563,2000,"{1, 2, 3}","Automatic",0.5,"Borda","Top1Acceptability",0.23638235294117607
"OppPrefs",5,51,0.15,"2/3",1.5849625007211563,2000,"{1, 2, 3}","Automatic",0.5,"Borda","Top2Acceptability",0.4568137254901959
"OppPrefs",5,51,0.15,"2/3",1.5849625007211563,2000,"{1, 2, 3}","Automatic",0.5,"Borda","Top3Acceptability",0.6571862745098037
"OppPrefs",5,51,0.15,"2/3",1.5849625007211563,2000,"{1, 2, 3}","Automatic",0.5,"Plurality","NeverFirstRate",0.
"OppPrefs",5,51,0.15,"2/3",1.5849625007211563,2000,"{1, 2, 3}","Automatic",0.5,"Plurality","NoiseFlipRate",0.369
"OppPrefs",5,51,0.15,"2/3",1.5849625007211563,2000,"{1, 2, 3}","Automatic",0.5,"Plurality","CondorcetExistRate",0.689
"OppPrefs",5,51,0.15,"2/3",1.5849625007211563,2000,"{1, 2, 3}","Automatic",0.5,"Plurality","CondorcetEfficiency",0.3381712626995646
"OppPrefs",5,51,0.15,"2/3",1.5849625007211563,2000,"{1, 2, 3}","Automatic",0.5,"Plurality","MidScore",0.003
"OppPrefs",5,51,0.15,"2/3",1.5849625007211563,2000,"{1, 2, 3}","Automatic",0.5,"Plurality","Top1Acceptability",0.34264705882352914
"OppPrefs",5,51,0.15,"2/3",1.5849625007211563,2000,"{1, 2, 3}","Automatic",0.5,"Plurality","Top2Acceptability",0.4629607843137253
"OppPrefs",5,51,0.15,"2/3",1.5849625007211563,2000,"{1, 2, 3}","Automatic",0.5,"Plurality","Top3Acceptability",0.565029411764706
"OppPrefs",5,51,0.15,"2/3",1.5849625007211563,2000,"{1, 2, 3}","Automatic",0.5,"Coombs","NeverFirstRate",0.
"OppPrefs",5,51,0.15,"2/3",1.5849625007211563,2000,"{1, 2, 3}","Automatic",0.5,"Coombs","NoiseFlipRate",0.51
"OppPrefs",5,51,0.15,"2/3",1.5849625007211563,2000,"{1, 2, 3}","Automatic",0.5,"Coombs","CondorcetExistRate",0.689
"OppPrefs",5,51,0.15,"2/3",1.5849625007211563,2000,"{1, 2, 3}","Automatic",0.5,"Coombs","CondorcetEfficiency",0.7097242380261248
"OppPrefs",5,51,0.15,"2/3",1.5849625007211563,2000,"{1, 2, 3}","Automatic",0.5,"Coombs","MidScore",0.45875
"OppPrefs",5,51,0.15,"2/3",1.5849625007211563,2000,"{1, 2, 3}","Automatic",0.5,"Coombs","Top1Acceptability",0.20944117647058788
"OppPrefs",5,51,0.15,"2/3",1.5849625007211563,2000,"{1, 2, 3}","Automatic",0.5,"Coombs","Top2Acceptability",0.43397058823529405
"OppPrefs",5,51,0.15,"2/3",1.5849625007211563,2000,"{1, 2, 3}","Automatic",0.5,"Coombs","Top3Acceptability",0.6547450980392154
"OppPrefs",5,51,0.15,"2/3",1.5849625007211563,2000,"{1, 2, 3}","Automatic",0.5,"QR","NeverFirstRate",0.002
"OppPrefs",5,51,0.15,"2/3",1.5849625007211563,2000,"{1, 2, 3}","Automatic",0.5,"QR","NoiseFlipRate",0.3935
"OppPrefs",5,51,0.15,"2/3",1.5849625007211563,2000,"{1, 2, 3}","Automatic",0.5,"QR","CondorcetExistRate",0.689
"OppPrefs",5,51,0.15,"2/3",1.5849625007211563,2000,"{1, 2, 3}","Automatic",0.5,"QR","CondorcetEfficiency",0.26850507982583455
"OppPrefs",5,51,0.15,"2/3",1.5849625007211563,2000,"{1, 2, 3}","Automatic",0.5,"QR","MidScore",0.937
"OppPrefs",5,51,0.15,"2/3",1.5849625007211563,2000,"{1, 2, 3}","Automatic",0.5,"QR","Top1Acceptability",0.11611764705882334
"OppPrefs",5,51,0.15,"2/3",1.5849625007211563,2000,"{1, 2, 3}","Automatic",0.5,"QR","Top2Acceptability",0.2961568627450978
"OppPrefs",5,51,0.15,"2/3",1.5849625007211563,2000,"{1, 2, 3}","Automatic",0.5,"QR","Top3Acceptability",0.7331078431372545
"OppPrefs",5,51,0.15,"2/3",1.5849625007211563,2000,"{1, 2, 3}","Automatic",0.5,"SDM","NeverFirstRate",0.0005
"OppPrefs",5,51,0.15,"2/3",1.5849625007211563,2000,"{1, 2, 3}","Automatic",0.5,"SDM","NoiseFlipRate",0.334
"OppPrefs",5,51,0.15,"2/3",1.5849625007211563,2000,"{1, 2, 3}","Automatic",0.5,"SDM","CondorcetExistRate",0.689
"OppPrefs",5,51,0.15,"2/3",1.5849625007211563,2000,"{1, 2, 3}","Automatic",0.5,"SDM","CondorcetEfficiency",0.6095791001451378
"OppPrefs",5,51,0.15,"2/3",1.5849625007211563,2000,"{1, 2, 3}","Automatic",0.5,"SDM","MidScore",0.67725
"OppPrefs",5,51,0.15,"2/3",1.5849625007211563,2000,"{1, 2, 3}","Automatic",0.5,"SDM","Top1Acceptability",0.15939215686274485
"OppPrefs",5,51,0.15,"2/3",1.5849625007211563,2000,"{1, 2, 3}","Automatic",0.5,"SDM","Top2Acceptability",0.4023627450980391
"OppPrefs",5,51,0.15,"2/3",1.5849625007211563,2000,"{1, 2, 3}","Automatic",0.5,"SDM","Top3Acceptability",0.6935392156862743
"OppPrefs",5,51,0.15,"2/3",1.5849625007211563,2000,"{1, 2, 3}","Automatic",0.5,"Fallback","NeverFirstRate",0.0015
"OppPrefs",5,51,0.15,"2/3",1.5849625007211563,2000,"{1, 2, 3}","Automatic",0.5,"Fallback","NoiseFlipRate",0.8105
"OppPrefs",5,51,0.15,"2/3",1.5849625007211563,2000,"{1, 2, 3}","Automatic",0.5,"Fallback","CondorcetExistRate",0.689
"OppPrefs",5,51,0.15,"2/3",1.5849625007211563,2000,"{1, 2, 3}","Automatic",0.5,"Fallback","CondorcetEfficiency",0.1988388969521045
"OppPrefs",5,51,0.15,"2/3",1.5849625007211563,2000,"{1, 2, 3}","Automatic",0.5,"Fallback","MidScore",0.39975
"OppPrefs",5,51,0.15,"2/3",1.5849625007211563,2000,"{1, 2, 3}","Automatic",0.5,"Fallback","Top1Acceptability",0.19844117647058795
"OppPrefs",5,51,0.15,"2/3",1.5849625007211563,2000,"{1, 2, 3}","Automatic",0.5,"Fallback","Top2Acceptability",0.40056862745098015
"OppPrefs",5,51,0.15,"2/3",1.5849625007211563,2000,"{1, 2, 3}","Automatic",0.5,"Fallback","Top3Acceptability",0.5989803921568627
"OppPrefs",5,51,0.15,"2/3",1.5849625007211563,2000,"{1, 2, 3}","Automatic",0.6000000000000001,"Borda","NeverFirstRate",0.
"OppPrefs",5,51,0.15,"2/3",1.5849625007211563,2000,"{1, 2, 3}","Automatic",0.6000000000000001,"Borda","NoiseFlipRate",0.3505
"OppPrefs",5,51,0.15,"2/3",1.5849625007211563,2000,"{1, 2, 3}","Automatic",0.6000000000000001,"Borda","CondorcetExistRate",0.683
"OppPrefs",5,51,0.15,"2/3",1.5849625007211563,2000,"{1, 2, 3}","Automatic",0.6000000000000001,"Borda","CondorcetEfficiency",0.8572474377745242
"OppPrefs",5,51,0.15,"2/3",1.5849625007211563,2000,"{1, 2, 3}","Automatic",0.6000000000000001,"Borda","MidScore",0.39625
"OppPrefs",5,51,0.15,"2/3",1.5849625007211563,2000,"{1, 2, 3}","Automatic",0.6000000000000001,"Borda","Top1Acceptability",0.2396764705882349
"OppPrefs",5,51,0.15,"2/3",1.5849625007211563,2000,"{1, 2, 3}","Automatic",0.6000000000000001,"Borda","Top2Acceptability",0.4577745098039214
"OppPrefs",5,51,0.15,"2/3",1.5849625007211563,2000,"{1, 2, 3}","Automatic",0.6000000000000001,"Borda","Top3Acceptability",0.6510490196078431
"OppPrefs",5,51,0.15,"2/3",1.5849625007211563,2000,"{1, 2, 3}","Automatic",0.6000000000000001,"Plurality","NeverFirstRate",0.
"OppPrefs",5,51,0.15,"2/3",1.5849625007211563,2000,"{1, 2, 3}","Automatic",0.6000000000000001,"Plurality","NoiseFlipRate",0.32
"OppPrefs",5,51,0.15,"2/3",1.5849625007211563,2000,"{1, 2, 3}","Automatic",0.6000000000000001,"Plurality","CondorcetExistRate",0.683
"OppPrefs",5,51,0.15,"2/3",1.5849625007211563,2000,"{1, 2, 3}","Automatic",0.6000000000000001,"Plurality","CondorcetEfficiency",0.36822840409956076
"OppPrefs",5,51,0.15,"2/3",1.5849625007211563,2000,"{1, 2, 3}","Automatic",0.6000000000000001,"Plurality","MidScore",0.
"OppPrefs",5,51,0.15,"2/3",1.5849625007211563,2000,"{1, 2, 3}","Automatic",0.6000000000000001,"Plurality","Top1Acceptability",0.3657156862745096
"OppPrefs",5,51,0.15,"2/3",1.5849625007211563,2000,"{1, 2, 3}","Automatic",0.6000000000000001,"Plurality","Top2Acceptability",0.4726568627450978
"OppPrefs",5,51,0.15,"2/3",1.5849625007211563,2000,"{1, 2, 3}","Automatic",0.6000000000000001,"Plurality","Top3Acceptability",0.5565882352941178
"OppPrefs",5,51,0.15,"2/3",1.5849625007211563,2000,"{1, 2, 3}","Automatic",0.6000000000000001,"Coombs","NeverFirstRate",0.
"OppPrefs",5,51,0.15,"2/3",1.5849625007211563,2000,"{1, 2, 3}","Automatic",0.6000000000000001,"Coombs","NoiseFlipRate",0.5505
"OppPrefs",5,51,0.15,"2/3",1.5849625007211563,2000,"{1, 2, 3}","Automatic",0.6000000000000001,"Coombs","CondorcetExistRate",0.683
"OppPrefs",5,51,0.15,"2/3",1.5849625007211563,2000,"{1, 2, 3}","Automatic",0.6000000000000001,"Coombs","CondorcetEfficiency",0.7225475841874085
"OppPrefs",5,51,0.15,"2/3",1.5849625007211563,2000,"{1, 2, 3}","Automatic",0.6000000000000001,"Coombs","MidScore",0.4215
"OppPrefs",5,51,0.15,"2/3",1.5849625007211563,2000,"{1, 2, 3}","Automatic",0.6000000000000001,"Coombs","Top1Acceptability",0.21790196078431337
"OppPrefs",5,51,0.15,"2/3",1.5849625007211563,2000,"{1, 2, 3}","Automatic",0.6000000000000001,"Coombs","Top2Acceptability",0.43768627450980374
"OppPrefs",5,51,0.15,"2/3",1.5849625007211563,2000,"{1, 2, 3}","Automatic",0.6000000000000001,"Coombs","Top3Acceptability",0.6475490196078431
"OppPrefs",5,51,0.15,"2/3",1.5849625007211563,2000,"{1, 2, 3}","Automatic",0.6000000000000001,"QR","NeverFirstRate",0.008
"OppPrefs",5,51,0.15,"2/3",1.5849625007211563,2000,"{1, 2, 3}","Automatic",0.6000000000000001,"QR","NoiseFlipRate",0.3625
"OppPrefs",5,51,0.15,"2/3",1.5849625007211563,2000,"{1, 2, 3}","Automatic",0.6000000000000001,"QR","CondorcetExistRate",0.683
"OppPrefs",5,51,0.15,"2/3",1.5849625007211563,2000,"{1, 2, 3}","Automatic",0.6000000000000001,"QR","CondorcetEfficiency",0.22035139092240116
"OppPrefs",5,51,0.15,"2/3",1.5849625007211563,2000,"{1, 2, 3}","Automatic",0.6000000000000001,"QR","MidScore",0.971
"OppPrefs",5,51,0.15,"2/3",1.5849625007211563,2000,"{1, 2, 3}","Automatic",0.6000000000000001,"QR","Top1Acceptability",0.09297058823529394
"OppPrefs",5,51,0.15,"2/3",1.5849625007211563,2000,"{1, 2, 3}","Automatic",0.6000000000000001,"QR","Top2Acceptability",0.2580392156862741
"OppPrefs",5,51,0.15,"2/3",1.5849625007211563,2000,"{1, 2, 3}","Automatic",0.6000000000000001,"QR","Top3Acceptability",0.7558725490196073
"OppPrefs",5,51,0.15,"2/3",1.5849625007211563,2000,"{1, 2, 3}","Automatic",0.6000000000000001,"SDM","NeverFirstRate",0.0005
"OppPrefs",5,51,0.15,"2/3",1.5849625007211563,2000,"{1, 2, 3}","Automatic",0.6000000000000001,"SDM","NoiseFlipRate",0.3405
"OppPrefs",5,51,0.15,"2/3",1.5849625007211563,2000,"{1, 2, 3}","Automatic",0.6000000000000001,"SDM","CondorcetExistRate",0.683
"OppPrefs",5,51,0.15,"2/3",1.5849625007211563,2000,"{1, 2, 3}","Automatic",0.6000000000000001,"SDM","CondorcetEfficiency",0.5446559297218155
"OppPrefs",5,51,0.15,"2/3",1.5849625007211563,2000,"{1, 2, 3}","Automatic",0.6000000000000001,"SDM","MidScore",0.71475
"OppPrefs",5,51,0.15,"2/3",1.5849625007211563,2000,"{1, 2, 3}","Automatic",0.6000000000000001,"SDM","Top1Acceptability",0.13508823529411743
"OppPrefs",5,51,0.15,"2/3",1.5849625007211563,2000,"{1, 2, 3}","Automatic",0.6000000000000001,"SDM","Top2Acceptability",0.3821666666666665
"OppPrefs",5,51,0.15,"2/3",1.5849625007211563,2000,"{1, 2, 3}","Automatic",0.6000000000000001,"SDM","Top3Acceptability",0.7051862745098035
"OppPrefs",5,51,0.15,"2/3",1.5849625007211563,2000,"{1, 2, 3}","Automatic",0.6000000000000001,"Fallback","NeverFirstRate",0.001
"OppPrefs",5,51,0.15,"2/3",1.5849625007211563,2000,"{1, 2, 3}","Automatic",0.6000000000000001,"Fallback","NoiseFlipRate",0.7955
"OppPrefs",5,51,0.15,"2/3",1.5849625007211563,2000,"{1, 2, 3}","Automatic",0.6000000000000001,"Fallback","CondorcetExistRate",0.683
"OppPrefs",5,51,0.15,"2/3",1.5849625007211563,2000,"{1, 2, 3}","Automatic",0.6000000000000001,"Fallback","CondorcetEfficiency",0.19546120058565153
"OppPrefs",5,51,0.15,"2/3",1.5849625007211563,2000,"{1, 2, 3}","Automatic",0.6000000000000001,"Fallback","MidScore",0.429
"OppPrefs",5,51,0.15,"2/3",1.5849625007211563,2000,"{1, 2, 3}","Automatic",0.6000000000000001,"Fallback","Top1Acceptability",0.1920588235294115
"OppPrefs",5,51,0.15,"2/3",1.5849625007211563,2000,"{1, 2, 3}","Automatic",0.6000000000000001,"Fallback","Top2Acceptability",0.39374509803921554
"OppPrefs",5,51,0.15,"2/3",1.5849625007211563,2000,"{1, 2, 3}","Automatic",0.6000000000000001,"Fallback","Top3Acceptability",0.6053039215686274
"OppPrefs",5,51,0.15,"2/3",1.5849625007211563,2000,"{1, 2, 3}","Automatic",0.7000000000000001,"Borda","NeverFirstRate",0.
"OppPrefs",5,51,0.15,"2/3",1.5849625007211563,2000,"{1, 2, 3}","Automatic",0.7000000000000001,"Borda","NoiseFlipRate",0.399
"OppPrefs",5,51,0.15,"2/3",1.5849625007211563,2000,"{1, 2, 3}","Automatic",0.7000000000000001,"Borda","CondorcetExistRate",0.6725
"OppPrefs",5,51,0.15,"2/3",1.5849625007211563,2000,"{1, 2, 3}","Automatic",0.7000000000000001,"Borda","CondorcetEfficiency",0.8252788104089219
"OppPrefs",5,51,0.15,"2/3",1.5849625007211563,2000,"{1, 2, 3}","Automatic",0.7000000000000001,"Borda","MidScore",0.425
"OppPrefs",5,51,0.15,"2/3",1.5849625007211563,2000,"{1, 2, 3}","Automatic",0.7000000000000001,"Borda","Top1Acceptability",0.22477450980392116
"OppPrefs",5,51,0.15,"2/3",1.5849625007211563,2000,"{1, 2, 3}","Automatic",0.7000000000000001,"Borda","Top2Acceptability",0.44437254901960765
"OppPrefs",5,51,0.15,"2/3",1.5849625007211563,2000,"{1, 2, 3}","Automatic",0.7000000000000001,"Borda","Top3Acceptability",0.6519901960784311
"OppPrefs",5,51,0.15,"2/3",1.5849625007211563,2000,"{1, 2, 3}","Automatic",0.7000000000000001,"Plurality","NeverFirstRate",0.
"OppPrefs",5,51,0.15,"2/3",1.5849625007211563,2000,"{1, 2, 3}","Automatic",0.7000000000000001,"Plurality","NoiseFlipRate",0.3235
"OppPrefs",5,51,0.15,"2/3",1.5849625007211563,2000,"{1, 2, 3}","Automatic",0.7000000000000001,"Plurality","CondorcetExistRate",0.6725
"OppPrefs",5,51,0.15,"2/3",1.5849625007211563,2000,"{1, 2, 3}","Automatic",0.7000000000000001,"Plurality","CondorcetEfficiency",0.3464684014869889
"OppPrefs",5,51,0.15,"2/3",1.5849625007211563,2000,"{1, 2, 3}","Automatic",0.7000000000000001,"Plurality","MidScore",0.
"OppPrefs",5,51,0.15,"2/3",1.5849625007211563,2000,"{1, 2, 3}","Automatic",0.7000000000000001,"Plurality","Top1Acceptability",0.38458823529411745
"OppPrefs",5,51,0.15,"2/3",1.5849625007211563,2000,"{1, 2, 3}","Automatic",0.7000000000000001,"Plurality","Top2Acceptability",0.4759313725490194
"OppPrefs",5,51,0.15,"2/3",1.5849625007211563,2000,"{1, 2, 3}","Automatic",0.7000000000000001,"Plurality","Top3Acceptability",0.5432745098039216
"OppPrefs",5,51,0.15,"2/3",1.5849625007211563,2000,"{1, 2, 3}","Automatic",0.7000000000000001,"Coombs","NeverFirstRate",0.0005
"OppPrefs",5,51,0.15,"2/3",1.5849625007211563,2000,"{1, 2, 3}","Automatic",0.7000000000000001,"Coombs","NoiseFlipRate",0.546
"OppPrefs",5,51,0.15,"2/3",1.5849625007211563,2000,"{1, 2, 3}","Automatic",0.7000000000000001,"Coombs","CondorcetExistRate",0.6725
"OppPrefs",5,51,0.15,"2/3",1.5849625007211563,2000,"{1, 2, 3}","Automatic",0.7000000000000001,"Coombs","CondorcetEfficiency",0.6944237918215613
"OppPrefs",5,51,0.15,"2/3",1.5849625007211563,2000,"{1, 2, 3}","Automatic",0.7000000000000001,"Coombs","MidScore",0.44325
"OppPrefs",5,51,0.15,"2/3",1.5849625007211563,2000,"{1, 2, 3}","Automatic",0.7000000000000001,"Coombs","Top1Acceptability",0.20645098039215656
"OppPrefs",5,51,0.15,"2/3",1.5849625007211563,2000,"{1, 2, 3}","Automatic",0.7000000000000001,"Coombs","Top2Acceptability",0.4276666666666664
"OppPrefs",5,51,0.15,"2/3",1.5849625007211563,2000,"{1, 2, 3}","Automatic",0.7000000000000001,"Coombs","Top3Acceptability",0.6488725490196078
"OppPrefs",5,51,0.15,"2/3",1.5849625007211563,2000,"{1, 2, 3}","Automatic",0.7000000000000001,"QR","NeverFirstRate",0.0165
"OppPrefs",5,51,0.15,"2/3",1.5849625007211563,2000,"{1, 2, 3}","Automatic",0.7000000000000001,"QR","NoiseFlipRate",0.346
"OppPrefs",5,51,0.15,"2/3",1.5849625007211563,2000,"{1, 2, 3}","Automatic",0.7000000000000001,"QR","CondorcetExistRate",0.6725
"OppPrefs",5,51,0.15,"2/3",1.5849625007211563,2000,"{1, 2, 3}","Automatic",0.7000000000000001,"QR","CondorcetEfficiency",0.19107806691449813
"OppPrefs",5,51,0.15,"2/3",1.5849625007211563,2000,"{1, 2, 3}","Automatic",0.7000000000000001,"QR","MidScore",0.98925
"OppPrefs",5,51,0.15,"2/3",1.5849625007211563,2000,"{1, 2, 3}","Automatic",0.7000000000000001,"QR","Top1Acceptability",0.07386274509803908
"OppPrefs",5,51,0.15,"2/3",1.5849625007211563,2000,"{1, 2, 3}","Automatic",0.7000000000000001,"QR","Top2Acceptability",0.22313725490196037
"OppPrefs",5,51,0.15,"2/3",1.5849625007211563,2000,"{1, 2, 3}","Automatic",0.7000000000000001,"QR","Top3Acceptability",0.7806764705882347
"OppPrefs",5,51,0.15,"2/3",1.5849625007211563,2000,"{1, 2, 3}","Automatic",0.7000000000000001,"SDM","NeverFirstRate",0.0015
"OppPrefs",5,51,0.15,"2/3",1.5849625007211563,2000,"{1, 2, 3}","Automatic",0.7000000000000001,"SDM","NoiseFlipRate",0.352
"OppPrefs",5,51,0.15,"2/3",1.5849625007211563,2000,"{1, 2, 3}","Automatic",0.7000000000000001,"SDM","CondorcetExistRate",0.6725
"OppPrefs",5,51,0.15,"2/3",1.5849625007211563,2000,"{1, 2, 3}","Automatic",0.7000000000000001,"SDM","CondorcetEfficiency",0.49739776951672865
"OppPrefs",5,51,0.15,"2/3",1.5849625007211563,2000,"{1, 2, 3}","Automatic",0.7000000000000001,"SDM","MidScore",0.7535
"OppPrefs",5,51,0.15,"2/3",1.5849625007211563,2000,"{1, 2, 3}","Automatic",0.7000000000000001,"SDM","Top1Acceptability",0.10744117647058805
"OppPrefs",5,51,0.15,"2/3",1.5849625007211563,2000,"{1, 2, 3}","Automatic",0.7000000000000001,"SDM","Top2Acceptability",0.3540098039215684
"OppPrefs",5,51,0.15,"2/3",1.5849625007211563,2000,"{1, 2, 3}","Automatic",0.7000000000000001,"SDM","Top3Acceptability",0.7224215686274505
"OppPrefs",5,51,0.15,"2/3",1.5849625007211563,2000,"{1, 2, 3}","Automatic",0.7000000000000001,"Fallback","NeverFirstRate",0.004
"OppPrefs",5,51,0.15,"2/3",1.5849625007211563,2000,"{1, 2, 3}","Automatic",0.7000000000000001,"Fallback","NoiseFlipRate",0.789
"OppPrefs",5,51,0.15,"2/3",1.5849625007211563,2000,"{1, 2, 3}","Automatic",0.7000000000000001,"Fallback","CondorcetExistRate",0.6725
"OppPrefs",5,51,0.15,"2/3",1.5849625007211563,2000,"{1, 2, 3}","Automatic",0.7000000000000001,"Fallback","CondorcetEfficiency",0.21263940520446098
"OppPrefs",5,51,0.15,"2/3",1.5849625007211563,2000,"{1, 2, 3}","Automatic",0.7000000000000001,"Fallback","MidScore",0.4045
"OppPrefs",5,51,0.15,"2/3",1.5849625007211563,2000,"{1, 2, 3}","Automatic",0.7000000000000001,"Fallback","Top1Acceptability",0.1982352941176468
"OppPrefs",5,51,0.15,"2/3",1.5849625007211563,2000,"{1, 2, 3}","Automatic",0.7000000000000001,"Fallback","Top2Acceptability",0.3999803921568625
"OppPrefs",5,51,0.15,"2/3",1.5849625007211563,2000,"{1, 2, 3}","Automatic",0.7000000000000001,"Fallback","Top3Acceptability",0.6016862745098038
"OppPrefs",5,51,0.15,"2/3",1.5849625007211563,2000,"{1, 2, 3}","Automatic",0.8,"Borda","NeverFirstRate",0.0005
"OppPrefs",5,51,0.15,"2/3",1.5849625007211563,2000,"{1, 2, 3}","Automatic",0.8,"Borda","NoiseFlipRate",0.42
"OppPrefs",5,51,0.15,"2/3",1.5849625007211563,2000,"{1, 2, 3}","Automatic",0.8,"Borda","CondorcetExistRate",0.6565
"OppPrefs",5,51,0.15,"2/3",1.5849625007211563,2000,"{1, 2, 3}","Automatic",0.8,"Borda","CondorcetEfficiency",0.8446306169078446
"OppPrefs",5,51,0.15,"2/3",1.5849625007211563,2000,"{1, 2, 3}","Automatic",0.8,"Borda","MidScore",0.4115
"OppPrefs",5,51,0.15,"2/3",1.5849625007211563,2000,"{1, 2, 3}","Automatic",0.8,"Borda","Top1Acceptability",0.22935294117647018
"OppPrefs",5,51,0.15,"2/3",1.5849625007211563,2000,"{1, 2, 3}","Automatic",0.8,"Borda","Top2Acceptability",0.4428529411764705
"OppPrefs",5,51,0.15,"2/3",1.5849625007211563,2000,"{1, 2, 3}","Automatic",0.8,"Borda","Top3Acceptability",0.6461862745098038
"OppPrefs",5,51,0.15,"2/3",1.5849625007211563,2000,"{1, 2, 3}","Automatic",0.8,"Plurality","NeverFirstRate",0.
"OppPrefs",5,51,0.15,"2/3",1.5849625007211563,2000,"{1, 2, 3}","Automatic",0.8,"Plurality","NoiseFlipRate",0.3115
"OppPrefs",5,51,0.15,"2/3",1.5849625007211563,2000,"{1, 2, 3}","Automatic",0.8,"Plurality","CondorcetExistRate",0.6565
"OppPrefs",5,51,0.15,"2/3",1.5849625007211563,2000,"{1, 2, 3}","Automatic",0.8,"Plurality","CondorcetEfficiency",0.37242955064737243
"OppPrefs",5,51,0.15,"2/3",1.5849625007211563,2000,"{1, 2, 3}","Automatic",0.8,"Plurality","MidScore",0.
"OppPrefs",5,51,0.15,"2/3",1.5849625007211563,2000,"{1, 2, 3}","Automatic",0.8,"Plurality","Top1Acceptability",0.40546078431372523
"OppPrefs",5,51,0.15,"2/3",1.5849625007211563,2000,"{1, 2, 3}","Automatic",0.8,"Plurality","Top2Acceptability",0.4848823529411762
"OppPrefs",5,51,0.15,"2/3",1.5849625007211563,2000,"{1, 2, 3}","Automatic",0.8,"Plurality","Top3Acceptability",0.5348333333333335
"OppPrefs",5,51,0.15,"2/3",1.5849625007211563,2000,"{1, 2, 3}","Automatic",0.8,"Coombs","NeverFirstRate",0.004
"OppPrefs",5,51,0.15,"2/3",1.5849625007211563,2000,"{1, 2, 3}","Automatic",0.8,"Coombs","NoiseFlipRate",0.562
"OppPrefs",5,51,0.15,"2/3",1.5849625007211563,2000,"{1, 2, 3}","Automatic",0.8,"Coombs","CondorcetExistRate",0.6565
"OppPrefs",5,51,0.15,"2/3",1.5849625007211563,2000,"{1, 2, 3}","Automatic",0.8,"Coombs","CondorcetEfficiency",0.6984006092916984
"OppPrefs",5,51,0.15,"2/3",1.5849625007211563,2000,"{1, 2, 3}","Automatic",0.8,"Coombs","MidScore",0.43775
"OppPrefs",5,51,0.15,"2/3",1.5849625007211563,2000,"{1, 2, 3}","Automatic",0.8,"Coombs","Top1Acceptability",0.2070490196078428
"OppPrefs",5,51,0.15,"2/3",1.5849625007211563,2000,"{1, 2, 3}","Automatic",0.8,"Coombs","Top2Acceptability",0.423813725490196
"OppPrefs",5,51,0.15,"2/3",1.5849625007211563,2000,"{1, 2, 3}","Automatic",0.8,"Coombs","Top3Acceptability",0.6460490196078431
"OppPrefs",5,51,0.15,"2/3",1.5849625007211563,2000,"{1, 2, 3}","Automatic",0.8,"QR","NeverFirstRate",0.0515
"OppPrefs",5,51,0.15,"2/3",1.5849625007211563,2000,"{1, 2, 3}","Automatic",0.8,"QR","NoiseFlipRate",0.324
"OppPrefs",5,51,0.15,"2/3",1.5849625007211563,2000,"{1, 2, 3}","Automatic",0.8,"QR","CondorcetExistRate",0.6565
"OppPrefs",5,51,0.15,"2/3",1.5849625007211563,2000,"{1, 2, 3}","Automatic",0.8,"QR","CondorcetEfficiency",0.19116527037319117
"OppPrefs",5,51,0.15,"2/3",1.5849625007211563,2000,"{1, 2, 3}","Automatic",0.8,"QR","MidScore",0.9965
"OppPrefs",5,51,0.15,"2/3",1.5849625007211563,2000,"{1, 2, 3}","Automatic",0.8,"QR","Top1Acceptability",0.05489215686274501
"OppPrefs",5,51,0.15,"2/3",1.5849625007211563,2000,"{1, 2, 3}","Automatic",0.8,"QR","Top2Acceptability",0.19741176470588198
"OppPrefs",5,51,0.15,"2/3",1.5849625007211563,2000,"{1, 2, 3}","Automatic",0.8,"QR","Top3Acceptability",0.8056078431372542
"OppPrefs",5,51,0.15,"2/3",1.5849625007211563,2000,"{1, 2, 3}","Automatic",0.8,"SDM","NeverFirstRate",0.014
"OppPrefs",5,51,0.15,"2/3",1.5849625007211563,2000,"{1, 2, 3}","Automatic",0.8,"SDM","NoiseFlipRate",0.333
"OppPrefs",5,51,0.15,"2/3",1.5849625007211563,2000,"{1, 2, 3}","Automatic",0.8,"SDM","CondorcetExistRate",0.6565
"OppPrefs",5,51,0.15,"2/3",1.5849625007211563,2000,"{1, 2, 3}","Automatic",0.8,"SDM","CondorcetEfficiency",0.46153846153846156
"OppPrefs",5,51,0.15,"2/3",1.5849625007211563,2000,"{1, 2, 3}","Automatic",0.8,"SDM","MidScore",0.78275
"OppPrefs",5,51,0.15,"2/3",1.5849625007211563,2000,"{1, 2, 3}","Automatic",0.8,"SDM","Top1Acceptability",0.08526470588235281
"OppPrefs",5,51,0.15,"2/3",1.5849625007211563,2000,"{1, 2, 3}","Automatic",0.8,"SDM","Top2Acceptability",0.32694117647058796
"OppPrefs",5,51,0.15,"2/3",1.5849625007211563,2000,"{1, 2, 3}","Automatic",0.8,"SDM","Top3Acceptability",0.7410490196078428
"OppPrefs",5,51,0.15,"2/3",1.5849625007211563,2000,"{1, 2, 3}","Automatic",0.8,"Fallback","NeverFirstRate",0.0155
"OppPrefs",5,51,0.15,"2/3",1.5849625007211563,2000,"{1, 2, 3}","Automatic",0.8,"Fallback","NoiseFlipRate",0.7965
"OppPrefs",5,51,0.15,"2/3",1.5849625007211563,2000,"{1, 2, 3}","Automatic",0.8,"Fallback","CondorcetExistRate",0.6565
"OppPrefs",5,51,0.15,"2/3",1.5849625007211563,2000,"{1, 2, 3}","Automatic",0.8,"Fallback","CondorcetEfficiency",0.2102056359482102
"OppPrefs",5,51,0.15,"2/3",1.5849625007211563,2000,"{1, 2, 3}","Automatic",0.8,"Fallback","MidScore",0.4225
"OppPrefs",5,51,0.15,"2/3",1.5849625007211563,2000,"{1, 2, 3}","Automatic",0.8,"Fallback","Top1Acceptability",0.1929019607843135
"OppPrefs",5,51,0.15,"2/3",1.5849625007211563,2000,"{1, 2, 3}","Automatic",0.8,"Fallback","Top2Acceptability",0.3935980392156861
"OppPrefs",5,51,0.15,"2/3",1.5849625007211563,2000,"{1, 2, 3}","Automatic",0.8,"Fallback","Top3Acceptability",0.6070588235294118
"OppPrefs",5,51,0.15,"2/3",1.5849625007211563,2000,"{1, 2, 3}","Automatic",0.9,"Borda","NeverFirstRate",0.006
"OppPrefs",5,51,0.15,"2/3",1.5849625007211563,2000,"{1, 2, 3}","Automatic",0.9,"Borda","NoiseFlipRate",0.462
"OppPrefs",5,51,0.15,"2/3",1.5849625007211563,2000,"{1, 2, 3}","Automatic",0.9,"Borda","CondorcetExistRate",0.5915
"OppPrefs",5,51,0.15,"2/3",1.5849625007211563,2000,"{1, 2, 3}","Automatic",0.9,"Borda","CondorcetEfficiency",0.8326289095519864
"OppPrefs",5,51,0.15,"2/3",1.5849625007211563,2000,"{1, 2, 3}","Automatic",0.9,"Borda","MidScore",0.43125
"OppPrefs",5,51,0.15,"2/3",1.5849625007211563,2000,"{1, 2, 3}","Automatic",0.9,"Borda","Top1Acceptability",0.21355882352941144
"OppPrefs",5,51,0.15,"2/3",1.5849625007211563,2000,"{1, 2, 3}","Automatic",0.9,"Borda","Top2Acceptability",0.42904901960784303
"OppPrefs",5,51,0.15,"2/3",1.5849625007211563,2000,"{1, 2, 3}","Automatic",0.9,"Borda","Top3Acceptability",0.643127450980392
"OppPrefs",5,51,0.15,"2/3",1.5849625007211563,2000,"{1, 2, 3}","Automatic",0.9,"Plurality","NeverFirstRate",0.
"OppPrefs",5,51,0.15,"2/3",1.5849625007211563,2000,"{1, 2, 3}","Automatic",0.9,"Plurality","NoiseFlipRate",0.3465
"OppPrefs",5,51,0.15,"2/3",1.5849625007211563,2000,"{1, 2, 3}","Automatic",0.9,"Plurality","CondorcetExistRate",0.5915
"OppPrefs",5,51,0.15,"2/3",1.5849625007211563,2000,"{1, 2, 3}","Automatic",0.9,"Plurality","CondorcetEfficiency",0.3448858833474218
"OppPrefs",5,51,0.15,"2/3",1.5849625007211563,2000,"{1, 2, 3}","Automatic",0.9,"Plurality","MidScore",0.
"OppPrefs",5,51,0.15,"2/3",1.5849625007211563,2000,"{1, 2, 3}","Automatic",0.9,"Plurality","Top1Acceptability",0.4241862745098036
"OppPrefs",5,51,0.15,"2/3",1.5849625007211563,2000,"{1, 2, 3}","Automatic",0.9,"Plurality","Top2Acceptability",0.48797058823529393
"OppPrefs",5,51,0.15,"2/3",1.5849625007211563,2000,"{1, 2, 3}","Automatic",0.9,"Plurality","Top3Acceptability",0.5214313725490197
"OppPrefs",5,51,0.15,"2/3",1.5849625007211563,2000,"{1, 2, 3}","Automatic",0.9,"Coombs","NeverFirstRate",0.0155
"OppPrefs",5,51,0.15,"2/3",1.5849625007211563,2000,"{1, 2, 3}","Automatic",0.9,"Coombs","NoiseFlipRate",0.615
"OppPrefs",5,51,0.15,"2/3",1.5849625007211563,2000,"{1, 2, 3}","Automatic",0.9,"Coombs","CondorcetExistRate",0.5915
"OppPrefs",5,51,0.15,"2/3",1.5849625007211563,2000,"{1, 2, 3}","Automatic",0.9,"Coombs","CondorcetEfficiency",0.6534234995773457
"OppPrefs",5,51,0.15,"2/3",1.5849625007211563,2000,"{1, 2, 3}","Automatic",0.9,"Coombs","MidScore",0.4095
"OppPrefs",5,51,0.15,"2/3",1.5849625007211563,2000,"{1, 2, 3}","Automatic",0.9,"Coombs","Top1Acceptability",0.21140196078431342
"OppPrefs",5,51,0.15,"2/3",1.5849625007211563,2000,"{1, 2, 3}","Automatic",0.9,"Coombs","Top2Acceptability",0.42197058823529393
"OppPrefs",5,51,0.15,"2/3",1.5849625007211563,2000,"{1, 2, 3}","Automatic",0.9,"Coombs","Top3Acceptability",0.6306470588235292
"OppPrefs",5,51,0.15,"2/3",1.5849625007211563,2000,"{1, 2, 3}","Automatic",0.9,"QR","NeverFirstRate",0.1365
"OppPrefs",5,51,0.15,"2/3",1.5849625007211563,2000,"{1, 2, 3}","Automatic",0.9,"QR","NoiseFlipRate",0.294
"OppPrefs",5,51,0.15,"2/3",1.5849625007211563,2000,"{1, 2, 3}","Automatic",0.9,"QR","CondorcetExistRate",0.5915
"OppPrefs",5,51,0.15,"2/3",1.5849625007211563,2000,"{1, 2, 3}","Automatic",0.9,"QR","CondorcetEfficiency",0.19188503803888418
"OppPrefs",5,51,0.15,"2/3",1.5849625007211563,2000,"{1, 2, 3}","Automatic",0.9,"QR","MidScore",0.99925
"OppPrefs",5,51,0.15,"2/3",1.5849625007211563,2000,"{1, 2, 3}","Automatic",0.9,"QR","Top1Acceptability",0.037450980392156816
"OppPrefs",5,51,0.15,"2/3",1.5849625007211563,2000,"{1, 2, 3}","Automatic",0.9,"QR","Top2Acceptability",0.16941176470588204
"OppPrefs",5,51,0.15,"2/3",1.5849625007211563,2000,"{1, 2, 3}","Automatic",0.9,"QR","Top3Acceptability",0.8299215686274501
"OppPrefs",5,51,0.15,"2/3",1.5849625007211563,2000,"{1, 2, 3}","Automatic",0.9,"SDM","NeverFirstRate",0.067
"OppPrefs",5,51,0.15,"2/3",1.5849625007211563,2000,"{1, 2, 3}","Automatic",0.9,"SDM","NoiseFlipRate",0.3425
"OppPrefs",5,51,0.15,"2/3",1.5849625007211563,2000,"{1, 2, 3}","Automatic",0.9,"SDM","CondorcetExistRate",0.5915
"OppPrefs",5,51,0.15,"2/3",1.5849625007211563,2000,"{1, 2, 3}","Automatic",0.9,"SDM","CondorcetEfficiency",0.42857142857142855
"OppPrefs",5,51,0.15,"2/3",1.5849625007211563,2000,"{1, 2, 3}","Automatic",0.9,"SDM","MidScore",0.825
"OppPrefs",5,51,0.15,"2/3",1.5849625007211563,2000,"{1, 2, 3}","Automatic",0.9,"SDM","Top1Acceptability",0.05995098039215678
"OppPrefs",5,51,0.15,"2/3",1.5849625007211563,2000,"{1, 2, 3}","Automatic",0.9,"SDM","Top2Acceptability",0.2868921568627447
"OppPrefs",5,51,0.15,"2/3",1.5849625007211563,2000,"{1, 2, 3}","Automatic",0.9,"SDM","Top3Acceptability",0.7679509803921564
"OppPrefs",5,51,0.15,"2/3",1.5849625007211563,2000,"{1, 2, 3}","Automatic",0.9,"Fallback","NeverFirstRate",0.045
"OppPrefs",5,51,0.15,"2/3",1.5849625007211563,2000,"{1, 2, 3}","Automatic",0.9,"Fallback","NoiseFlipRate",0.7735
"OppPrefs",5,51,0.15,"2/3",1.5849625007211563,2000,"{1, 2, 3}","Automatic",0.9,"Fallback","CondorcetExistRate",0.5915
"OppPrefs",5,51,0.15,"2/3",1.5849625007211563,2000,"{1, 2, 3}","Automatic",0.9,"Fallback","CondorcetEfficiency",0.23499577345731193
"OppPrefs",5,51,0.15,"2/3",1.5849625007211563,2000,"{1, 2, 3}","Automatic",0.9,"Fallback","MidScore",0.48075
"OppPrefs",5,51,0.15,"2/3",1.5849625007211563,2000,"{1, 2, 3}","Automatic",0.9,"Fallback","Top1Acceptability",0.1756372549019606
"OppPrefs",5,51,0.15,"2/3",1.5849625007211563,2000,"{1, 2, 3}","Automatic",0.9,"Fallback","Top2Acceptability",0.37274509803921546
"OppPrefs",5,51,0.15,"2/3",1.5849625007211563,2000,"{1, 2, 3}","Automatic",0.9,"Fallback","Top3Acceptability",0.6325098039215686
"OppPrefs",5,51,0.15,"2/3",1.5849625007211563,2000,"{1, 2, 3}","Automatic",1.,"Borda","NeverFirstRate",0.0395
"OppPrefs",5,51,0.15,"2/3",1.5849625007211563,2000,"{1, 2, 3}","Automatic",1.,"Borda","NoiseFlipRate",0.5015
"OppPrefs",5,51,0.15,"2/3",1.5849625007211563,2000,"{1, 2, 3}","Automatic",1.,"Borda","CondorcetExistRate",0.6445
"OppPrefs",5,51,0.15,"2/3",1.5849625007211563,2000,"{1, 2, 3}","Automatic",1.,"Borda","CondorcetEfficiency",0.7401086113266098
"OppPrefs",5,51,0.15,"2/3",1.5849625007211563,2000,"{1, 2, 3}","Automatic",1.,"Borda","MidScore",0.44275
"OppPrefs",5,51,0.15,"2/3",1.5849625007211563,2000,"{1, 2, 3}","Automatic",1.,"Borda","Top1Acceptability",0.19864705882352915
"OppPrefs",5,51,0.15,"2/3",1.5849625007211563,2000,"{1, 2, 3}","Automatic",1.,"Borda","Top2Acceptability",0.4203137254901958
"OppPrefs",5,51,0.15,"2/3",1.5849625007211563,2000,"{1, 2, 3}","Automatic",1.,"Borda","Top3Acceptability",0.6395882352941176
"OppPrefs",5,51,0.15,"2/3",1.5849625007211563,2000,"{1, 2, 3}","Automatic",1.,"Plurality","NeverFirstRate",0.
"OppPrefs",5,51,0.15,"2/3",1.5849625007211563,2000,"{1, 2, 3}","Automatic",1.,"Plurality","NoiseFlipRate",0.3775
"OppPrefs",5,51,0.15,"2/3",1.5849625007211563,2000,"{1, 2, 3}","Automatic",1.,"Plurality","CondorcetExistRate",0.6445
"OppPrefs",5,51,0.15,"2/3",1.5849625007211563,2000,"{1, 2, 3}","Automatic",1.,"Plurality","CondorcetEfficiency",0.4484096198603569
"OppPrefs",5,51,0.15,"2/3",1.5849625007211563,2000,"{1, 2, 3}","Automatic",1.,"Plurality","MidScore",0.
"OppPrefs",5,51,0.15,"2/3",1.5849625007211563,2000,"{1, 2, 3}","Automatic",1.,"Plurality","Top1Acceptability",0.4447745098039212
"OppPrefs",5,51,0.15,"2/3",1.5849625007211563,2000,"{1, 2, 3}","Automatic",1.,"Plurality","Top2Acceptability",0.4956176470588232
"OppPrefs",5,51,0.15,"2/3",1.5849625007211563,2000,"{1, 2, 3}","Automatic",1.,"Plurality","Top3Acceptability",0.512519607843137
"OppPrefs",5,51,0.15,"2/3",1.5849625007211563,2000,"{1, 2, 3}","Automatic",1.,"Coombs","NeverFirstRate",0.058
"OppPrefs",5,51,0.15,"2/3",1.5849625007211563,2000,"{1, 2, 3}","Automatic",1.,"Coombs","NoiseFlipRate",0.6235
"OppPrefs",5,51,0.15,"2/3",1.5849625007211563,2000,"{1, 2, 3}","Automatic",1.,"Coombs","CondorcetExistRate",0.6445
"OppPrefs",5,51,0.15,"2/3",1.5849625007211563,2000,"{1, 2, 3}","Automatic",1.,"Coombs","CondorcetEfficiency",0.6532195500387897
"OppPrefs",5,51,0.15,"2/3",1.5849625007211563,2000,"{1, 2, 3}","Automatic",1.,"Coombs","MidScore",0.4095
"OppPrefs",5,51,0.15,"2/3",1.5849625007211563,2000,"{1, 2, 3}","Automatic",1.,"Coombs","Top1Acceptability",0.21007843137254872
"OppPrefs",5,51,0.15,"2/3",1.5849625007211563,2000,"{1, 2, 3}","Automatic",1.,"Coombs","Top2Acceptability",0.41723529411764687
"OppPrefs",5,51,0.15,"2/3",1.5849625007211563,2000,"{1, 2, 3}","Automatic",1.,"Coombs","Top3Acceptability",0.6276078431372548
"OppPrefs",5,51,0.15,"2/3",1.5849625007211563,2000,"{1, 2, 3}","Automatic",1.,"QR","NeverFirstRate",0.3745
"OppPrefs",5,51,0.15,"2/3",1.5849625007211563,2000,"{1, 2, 3}","Automatic",1.,"QR","NoiseFlipRate",0.28
"OppPrefs",5,51,0.15,"2/3",1.5849625007211563,2000,"{1, 2, 3}","Automatic",1.,"QR","CondorcetExistRate",0.6445
"OppPrefs",5,51,0.15,"2/3",1.5849625007211563,2000,"{1, 2, 3}","Automatic",1.,"QR","CondorcetEfficiency",0.1256788207913111
"OppPrefs",5,51,0.15,"2/3",1.5849625007211563,2000,"{1, 2, 3}","Automatic",1.,"QR","MidScore",1.
"OppPrefs",5,51,0.15,"2/3",1.5849625007211563,2000,"{1, 2, 3}","Automatic",1.,"QR","Top1Acceptability",0.019215686274509793
"OppPrefs",5,51,0.15,"2/3",1.5849625007211563,2000,"{1, 2, 3}","Automatic",1.,"QR","Top2Acceptability",0.14339215686274487
"OppPrefs",5,51,0.15,"2/3",1.5849625007211563,2000,"{1, 2, 3}","Automatic",1.,"QR","Top3Acceptability",0.8557843137254894
"OppPrefs",5,51,0.15,"2/3",1.5849625007211563,2000,"{1, 2, 3}","Automatic",1.,"SDM","NeverFirstRate",0.2375
"OppPrefs",5,51,0.15,"2/3",1.5849625007211563,2000,"{1, 2, 3}","Automatic",1.,"SDM","NoiseFlipRate",0.333
"OppPrefs",5,51,0.15,"2/3",1.5849625007211563,2000,"{1, 2, 3}","Automatic",1.,"SDM","CondorcetExistRate",0.6445
"OppPrefs",5,51,0.15,"2/3",1.5849625007211563,2000,"{1, 2, 3}","Automatic",1.,"SDM","CondorcetEfficiency",0.287044220325834
"OppPrefs",5,51,0.15,"2/3",1.5849625007211563,2000,"{1, 2, 3}","Automatic",1.,"SDM","MidScore",0.85625
"OppPrefs",5,51,0.15,"2/3",1.5849625007211563,2000,"{1, 2, 3}","Automatic",1.,"SDM","Top1Acceptability",0.03673529411764702
"OppPrefs",5,51,0.15,"2/3",1.5849625007211563,2000,"{1, 2, 3}","Automatic",1.,"SDM","Top2Acceptability",0.24805882352941133
"OppPrefs",5,51,0.15,"2/3",1.5849625007211563,2000,"{1, 2, 3}","Automatic",1.,"SDM","Top3Acceptability",0.7981666666666659
"OppPrefs",5,51,0.15,"2/3",1.5849625007211563,2000,"{1, 2, 3}","Automatic",1.,"Fallback","NeverFirstRate",0.189
"OppPrefs",5,51,0.15,"2/3",1.5849625007211563,2000,"{1, 2, 3}","Automatic",1.,"Fallback","NoiseFlipRate",0.7365
"OppPrefs",5,51,0.15,"2/3",1.5849625007211563,2000,"{1, 2, 3}","Automatic",1.,"Fallback","CondorcetExistRate",0.6445
"OppPrefs",5,51,0.15,"2/3",1.5849625007211563,2000,"{1, 2, 3}","Automatic",1.,"Fallback","CondorcetEfficiency",0.2273079906904577
"OppPrefs",5,51,0.15,"2/3",1.5849625007211563,2000,"{1, 2, 3}","Automatic",1.,"Fallback","MidScore",0.62275
"OppPrefs",5,51,0.15,"2/3",1.5849625007211563,2000,"{1, 2, 3}","Automatic",1.,"Fallback","Top1Acceptability",0.12699019607843132
"OppPrefs",5,51,0.15,"2/3",1.5849625007211563,2000,"{1, 2, 3}","Automatic",1.,"Fallback","Top2Acceptability",0.31038235294117617
"OppPrefs",5,51,0.15,"2/3",1.5849625007211563,2000,"{1, 2, 3}","Automatic",1.,"Fallback","Top3Acceptability",0.6969803921568625
"OppPrefs",7,51,0.15,"2/3",1.5849625007211563,2000,"{1, 2, 3}","Automatic",0.,"Borda","NeverFirstRate",0.
"OppPrefs",7,51,0.15,"2/3",1.5849625007211563,2000,"{1, 2, 3}","Automatic",0.,"Borda","NoiseFlipRate",0.1905
"OppPrefs",7,51,0.15,"2/3",1.5849625007211563,2000,"{1, 2, 3}","Automatic",0.,"Borda","CondorcetExistRate",0.6415
"OppPrefs",7,51,0.15,"2/3",1.5849625007211563,2000,"{1, 2, 3}","Automatic",0.,"Borda","CondorcetEfficiency",0.8409976617303195
"OppPrefs",7,51,0.15,"2/3",1.5849625007211563,2000,"{1, 2, 3}","Automatic",0.,"Borda","MidScore",0.4161666666666667
"OppPrefs",7,51,0.15,"2/3",1.5849625007211563,2000,"{1, 2, 3}","Automatic",0.,"Borda","Top1Acceptability",0.19064705882352906
"OppPrefs",7,51,0.15,"2/3",1.5849625007211563,2000,"{1, 2, 3}","Automatic",0.,"Borda","Top2Acceptability",0.36362745098039195
"OppPrefs",7,51,0.15,"2/3",1.5849625007211563,2000,"{1, 2, 3}","Automatic",0.,"Borda","Top3Acceptability",0.5187843137254903
"OppPrefs",7,51,0.15,"2/3",1.5849625007211563,2000,"{1, 2, 3}","Automatic",0.,"Plurality","NeverFirstRate",0.
"OppPrefs",7,51,0.15,"2/3",1.5849625007211563,2000,"{1, 2, 3}","Automatic",0.,"Plurality","NoiseFlipRate",0.442
"OppPrefs",7,51,0.15,"2/3",1.5849625007211563,2000,"{1, 2, 3}","Automatic",0.,"Plurality","CondorcetExistRate",0.6415
"OppPrefs",7,51,0.15,"2/3",1.5849625007211563,2000,"{1, 2, 3}","Automatic",0.,"Plurality","CondorcetEfficiency",0.49025720966484804
"OppPrefs",7,51,0.15,"2/3",1.5849625007211563,2000,"{1, 2, 3}","Automatic",0.,"Plurality","MidScore",0.4335
"OppPrefs",7,51,0.15,"2/3",1.5849625007211563,2000,"{1, 2, 3}","Automatic",0.,"Plurality","Top1Acceptability",0.21793137254901915
"OppPrefs",7,51,0.15,"2/3",1.5849625007211563,2000,"{1, 2, 3}","Automatic",0.,"Plurality","Top2Acceptability",0.3484803921568625
"OppPrefs",7,51,0.15,"2/3",1.5849625007211563,2000,"{1, 2, 3}","Automatic",0.,"Plurality","Top3Acceptability",0.47960784313725474
"OppPrefs",7,51,0.15,"2/3",1.5849625007211563,2000,"{1, 2, 3}","Automatic",0.,"Coombs","NeverFirstRate",0.
"OppPrefs",7,51,0.15,"2/3",1.5849625007211563,2000,"{1, 2, 3}","Automatic",0.,"Coombs","NoiseFlipRate",0.374
"OppPrefs",7,51,0.15,"2/3",1.5849625007211563,2000,"{1, 2, 3}","Automatic",0.,"Coombs","CondorcetExistRate",0.6415
"OppPrefs",7,51,0.15,"2/3",1.5849625007211563,2000,"{1, 2, 3}","Automatic",0.,"Coombs","CondorcetEfficiency",0.8612626656274357
"OppPrefs",7,51,0.15,"2/3",1.5849625007211563,2000,"{1, 2, 3}","Automatic",0.,"Coombs","MidScore",0.4138333333333334
"OppPrefs",7,51,0.15,"2/3",1.5849625007211563,2000,"{1, 2, 3}","Automatic",0.,"Coombs","Top1Acceptability",0.17820588235294083
"OppPrefs",7,51,0.15,"2/3",1.5849625007211563,2000,"{1, 2, 3}","Automatic",0.,"Coombs","Top2Acceptability",0.3449607843137252
"OppPrefs",7,51,0.15,"2/3",1.5849625007211563,2000,"{1, 2, 3}","Automatic",0.,"Coombs","Top3Acceptability",0.5051470588235294
"OppPrefs",7,51,0.15,"2/3",1.5849625007211563,2000,"{1, 2, 3}","Automatic",0.,"QR","NeverFirstRate",0.
"OppPrefs",7,51,0.15,"2/3",1.5849625007211563,2000,"{1, 2, 3}","Automatic",0.,"QR","NoiseFlipRate",0.317
"OppPrefs",7,51,0.15,"2/3",1.5849625007211563,2000,"{1, 2, 3}","Automatic",0.,"QR","CondorcetExistRate",0.6415
"OppPrefs",7,51,0.15,"2/3",1.5849625007211563,2000,"{1, 2, 3}","Automatic",0.,"QR","CondorcetEfficiency",0.6297739672642245
"OppPrefs",7,51,0.15,"2/3",1.5849625007211563,2000,"{1, 2, 3}","Automatic",0.,"QR","MidScore",0.41616666666666663
"OppPrefs",7,51,0.15,"2/3",1.5849625007211563,2000,"{1, 2, 3}","Automatic",0.,"QR","Top1Acceptability",0.1661176470588232
"OppPrefs",7,51,0.15,"2/3",1.5849625007211563,2000,"{1, 2, 3}","Automatic",0.,"QR","Top2Acceptability",0.33106862745098015
"OppPrefs",7,51,0.15,"2/3",1.5849625007211563,2000,"{1, 2, 3}","Automatic",0.,"QR","Top3Acceptability",0.4962254901960785
"OppPrefs",7,51,0.15,"2/3",1.5849625007211563,2000,"{1, 2, 3}","Automatic",0.,"SDM","NeverFirstRate",0.
"OppPrefs",7,51,0.15,"2/3",1.5849625007211563,2000,"{1, 2, 3}","Automatic",0.,"SDM","NoiseFlipRate",0.1965
"OppPrefs",7,51,0.15,"2/3",1.5849625007211563,2000,"{1, 2, 3}","Automatic",0.,"SDM","CondorcetExistRate",0.6415
"OppPrefs",7,51,0.15,"2/3",1.5849625007211563,2000,"{1, 2, 3}","Automatic",0.,"SDM","CondorcetEfficiency",0.8074824629773967
"OppPrefs",7,51,0.15,"2/3",1.5849625007211563,2000,"{1, 2, 3}","Automatic",0.,"SDM","MidScore",0.41766666666666674
"OppPrefs",7,51,0.15,"2/3",1.5849625007211563,2000,"{1, 2, 3}","Automatic",0.,"SDM","Top1Acceptability",0.18110784313725456
"OppPrefs",7,51,0.15,"2/3",1.5849625007211563,2000,"{1, 2, 3}","Automatic",0.,"SDM","Top2Acceptability",0.35496078431372524
"OppPrefs",7,51,0.15,"2/3",1.5849625007211563,2000,"{1, 2, 3}","Automatic",0.,"SDM","Top3Acceptability",0.5152745098039215
"OppPrefs",7,51,0.15,"2/3",1.5849625007211563,2000,"{1, 2, 3}","Automatic",0.,"Fallback","NeverFirstRate",0.
"OppPrefs",7,51,0.15,"2/3",1.5849625007211563,2000,"{1, 2, 3}","Automatic",0.,"Fallback","NoiseFlipRate",0.8675
"OppPrefs",7,51,0.15,"2/3",1.5849625007211563,2000,"{1, 2, 3}","Automatic",0.,"Fallback","CondorcetExistRate",0.6415
"OppPrefs",7,51,0.15,"2/3",1.5849625007211563,2000,"{1, 2, 3}","Automatic",0.,"Fallback","CondorcetEfficiency",0.13406079501169135
"OppPrefs",7,51,0.15,"2/3",1.5849625007211563,2000,"{1, 2, 3}","Automatic",0.,"Fallback","MidScore",0.429
"OppPrefs",7,51,0.15,"2/3",1.5849625007211563,2000,"{1, 2, 3}","Automatic",0.,"Fallback","Top1Acceptability",0.14512745098039193
"OppPrefs",7,51,0.15,"2/3",1.5849625007211563,2000,"{1, 2, 3}","Automatic",0.,"Fallback","Top2Acceptability",0.287990196078431
"OppPrefs",7,51,0.15,"2/3",1.5849625007211563,2000,"{1, 2, 3}","Automatic",0.,"Fallback","Top3Acceptability",0.43064705882352927
"OppPrefs",7,51,0.15,"2/3",1.5849625007211563,2000,"{1, 2, 3}","Automatic",0.1,"Borda","NeverFirstRate",0.
"OppPrefs",7,51,0.15,"2/3",1.5849625007211563,2000,"{1, 2, 3}","Automatic",0.1,"Borda","NoiseFlipRate",0.188
"OppPrefs",7,51,0.15,"2/3",1.5849625007211563,2000,"{1, 2, 3}","Automatic",0.1,"Borda","CondorcetExistRate",0.6415
"OppPrefs",7,51,0.15,"2/3",1.5849625007211563,2000,"{1, 2, 3}","Automatic",0.1,"Borda","CondorcetEfficiency",0.8456742010911925
"OppPrefs",7,51,0.15,"2/3",1.5849625007211563,2000,"{1, 2, 3}","Automatic",0.1,"Borda","MidScore",0.4295
"OppPrefs",7,51,0.15,"2/3",1.5849625007211563,2000,"{1, 2, 3}","Automatic",0.1,"Borda","Top1Acceptability",0.1888823529411761
"OppPrefs",7,51,0.15,"2/3",1.5849625007211563,2000,"{1, 2, 3}","Automatic",0.1,"Borda","Top2Acceptability",0.35948039215686256
"OppPrefs",7,51,0.15,"2/3",1.5849625007211563,2000,"{1, 2, 3}","Automatic",0.1,"Borda","Top3Acceptability",0.5141666666666665
"OppPrefs",7,51,0.15,"2/3",1.5849625007211563,2000,"{1, 2, 3}","Automatic",0.1,"Plurality","NeverFirstRate",0.
"OppPrefs",7,51,0.15,"2/3",1.5849625007211563,2000,"{1, 2, 3}","Automatic",0.1,"Plurality","NoiseFlipRate",0.413
"OppPrefs",7,51,0.15,"2/3",1.5849625007211563,2000,"{1, 2, 3}","Automatic",0.1,"Plurality","CondorcetExistRate",0.6415
"OppPrefs",7,51,0.15,"2/3",1.5849625007211563,2000,"{1, 2, 3}","Automatic",0.1,"Plurality","CondorcetEfficiency",0.4692127825409197
"OppPrefs",7,51,0.15,"2/3",1.5849625007211563,2000,"{1, 2, 3}","Automatic",0.1,"Plurality","MidScore",0.2631666666666666
"OppPrefs",7,51,0.15,"2/3",1.5849625007211563,2000,"{1, 2, 3}","Automatic",0.1,"Plurality","Top1Acceptability",0.22189215686274463
"OppPrefs",7,51,0.15,"2/3",1.5849625007211563,2000,"{1, 2, 3}","Automatic",0.1,"Plurality","Top2Acceptability",0.3505588235294116
"OppPrefs",7,51,0.15,"2/3",1.5849625007211563,2000,"{1, 2, 3}","Automatic",0.1,"Plurality","Top3Acceptability",0.4762254901960783
"OppPrefs",7,51,0.15,"2/3",1.5849625007211563,2000,"{1, 2, 3}","Automatic",0.1,"Coombs","NeverFirstRate",0.
"OppPrefs",7,51,0.15,"2/3",1.5849625007211563,2000,"{1, 2, 3}","Automatic",0.1,"Coombs","NoiseFlipRate",0.3905
"OppPrefs",7,51,0.15,"2/3",1.5849625007211563,2000,"{1, 2, 3}","Automatic",0.1,"Coombs","CondorcetExistRate",0.6415
"OppPrefs",7,51,0.15,"2/3",1.5849625007211563,2000,"{1, 2, 3}","Automatic",0.1,"Coombs","CondorcetEfficiency",0.8355416991426344
"OppPrefs",7,51,0.15,"2/3",1.5849625007211563,2000,"{1, 2, 3}","Automatic",0.1,"Coombs","MidScore",0.4623333333333333
"OppPrefs",7,51,0.15,"2/3",1.5849625007211563,2000,"{1, 2, 3}","Automatic",0.1,"Coombs","Top1Acceptability",0.17542156862745065
"OppPrefs",7,51,0.15,"2/3",1.5849625007211563,2000,"{1, 2, 3}","Automatic",0.1,"Coombs","Top2Acceptability",0.3423235294117645
"OppPrefs",7,51,0.15,"2/3",1.5849625007211563,2000,"{1, 2, 3}","Automatic",0.1,"Coombs","Top3Acceptability",0.49897058823529405
"OppPrefs",7,51,0.15,"2/3",1.5849625007211563,2000,"{1, 2, 3}","Automatic",0.1,"QR","NeverFirstRate",0.
"OppPrefs",7,51,0.15,"2/3",1.5849625007211563,2000,"{1, 2, 3}","Automatic",0.1,"QR","NoiseFlipRate",0.304
"OppPrefs",7,51,0.15,"2/3",1.5849625007211563,2000,"{1, 2, 3}","Automatic",0.1,"QR","CondorcetExistRate",0.6415
"OppPrefs",7,51,0.15,"2/3",1.5849625007211563,2000,"{1, 2, 3}","Automatic",0.1,"QR","CondorcetEfficiency",0.603273577552611
"OppPrefs",7,51,0.15,"2/3",1.5849625007211563,2000,"{1, 2, 3}","Automatic",0.1,"QR","MidScore",0.5476666666666665
"OppPrefs",7,51,0.15,"2/3",1.5849625007211563,2000,"{1, 2, 3}","Automatic",0.1,"QR","Top1Acceptability",0.15853921568627422
"OppPrefs",7,51,0.15,"2/3",1.5849625007211563,2000,"{1, 2, 3}","Automatic",0.1,"QR","Top2Acceptability",0.32047058823529384
"OppPrefs",7,51,0.15,"2/3",1.5849625007211563,2000,"{1, 2, 3}","Automatic",0.1,"QR","Top3Acceptability",0.4874999999999999
"OppPrefs",7,51,0.15,"2/3",1.5849625007211563,2000,"{1, 2, 3}","Automatic",0.1,"SDM","NeverFirstRate",0.
"OppPrefs",7,51,0.15,"2/3",1.5849625007211563,2000,"{1, 2, 3}","Automatic",0.1,"SDM","NoiseFlipRate",0.203
"OppPrefs",7,51,0.15,"2/3",1.5849625007211563,2000,"{1, 2, 3}","Automatic",0.1,"SDM","CondorcetExistRate",0.6415
"OppPrefs",7,51,0.15,"2/3",1.5849625007211563,2000,"{1, 2, 3}","Automatic",0.1,"SDM","CondorcetEfficiency",0.7911145752143414
"OppPrefs",7,51,0.15,"2/3",1.5849625007211563,2000,"{1, 2, 3}","Automatic",0.1,"SDM","MidScore",0.491
"OppPrefs",7,51,0.15,"2/3",1.5849625007211563,2000,"{1, 2, 3}","Automatic",0.1,"SDM","Top1Acceptability",0.17419607843137225
"OppPrefs",7,51,0.15,"2/3",1.5849625007211563,2000,"{1, 2, 3}","Automatic",0.1,"SDM","Top2Acceptability",0.34693137254901946
"OppPrefs",7,51,0.15,"2/3",1.5849625007211563,2000,"{1, 2, 3}","Automatic",0.1,"SDM","Top3Acceptability",0.5090098039215686
"OppPrefs",7,51,0.15,"2/3",1.5849625007211563,2000,"{1, 2, 3}","Automatic",0.1,"Fallback","NeverFirstRate",0.0005
"OppPrefs",7,51,0.15,"2/3",1.5849625007211563,2000,"{1, 2, 3}","Automatic",0.1,"Fallback","NoiseFlipRate",0.8615
"OppPrefs",7,51,0.15,"2/3",1.5849625007211563,2000,"{1, 2, 3}","Automatic",0.1,"Fallback","CondorcetExistRate",0.6415
"OppPrefs",7,51,0.15,"2/3",1.5849625007211563,2000,"{1, 2, 3}","Automatic",0.1,"Fallback","CondorcetEfficiency",0.15900233826968044
"OppPrefs",7,51,0.15,"2/3",1.5849625007211563,2000,"{1, 2, 3}","Automatic",0.1,"Fallback","MidScore",0.43
"OppPrefs",7,51,0.15,"2/3",1.5849625007211563,2000,"{1, 2, 3}","Automatic",0.1,"Fallback","Top1Acceptability",0.14518627450980368
"OppPrefs",7,51,0.15,"2/3",1.5849625007211563,2000,"{1, 2, 3}","Automatic",0.1,"Fallback","Top2Acceptability",0.2876568627450977
"OppPrefs",7,51,0.15,"2/3",1.5849625007211563,2000,"{1, 2, 3}","Automatic",0.1,"Fallback","Top3Acceptability",0.43069607843137236
"OppPrefs",7,51,0.15,"2/3",1.5849625007211563,2000,"{1, 2, 3}","Automatic",0.2,"Borda","NeverFirstRate",0.0005
"OppPrefs",7,51,0.15,"2/3",1.5849625007211563,2000,"{1, 2, 3}","Automatic",0.2,"Borda","NoiseFlipRate",0.2225
"OppPrefs",7,51,0.15,"2/3",1.5849625007211563,2000,"{1, 2, 3}","Automatic",0.2,"Borda","CondorcetExistRate",0.6085
"OppPrefs",7,51,0.15,"2/3",1.5849625007211563,2000,"{1, 2, 3}","Automatic",0.2,"Borda","CondorcetEfficiency",0.8299096138044372
"OppPrefs",7,51,0.15,"2/3",1.5849625007211563,2000,"{1, 2, 3}","Automatic",0.2,"Borda","MidScore",0.4241666666666667
"OppPrefs",7,51,0.15,"2/3",1.5849625007211563,2000,"{1, 2, 3}","Automatic",0.2,"Borda","Top1Acceptability",0.18597058823529378
"OppPrefs",7,51,0.15,"2/3",1.5849625007211563,2000,"{1, 2, 3}","Automatic",0.2,"Borda","Top2Acceptability",0.3552647058823527
"OppPrefs",7,51,0.15,"2/3",1.5849625007211563,2000,"{1, 2, 3}","Automatic",0.2,"Borda","Top3Acceptability",0.508264705882353
"OppPrefs",7,51,0.15,"2/3",1.5849625007211563,2000,"{1, 2, 3}","Automatic",0.2,"Plurality","NeverFirstRate",0.
"OppPrefs",7,51,0.15,"2/3",1.5849625007211563,2000,"{1, 2, 3}","Automatic",0.2,"Plurality","NoiseFlipRate",0.3715
"OppPrefs",7,51,0.15,"2/3",1.5849625007211563,2000,"{1, 2, 3}","Automatic",0.2,"Plurality","CondorcetExistRate",0.6085
"OppPrefs",7,51,0.15,"2/3",1.5849625007211563,2000,"{1, 2, 3}","Automatic",0.2,"Plurality","CondorcetEfficiency",0.36729663105998356
"OppPrefs",7,51,0.15,"2/3",1.5849625007211563,2000,"{1, 2, 3}","Automatic",0.2,"Plurality","MidScore",0.10950000000000001
"OppPrefs",7,51,0.15,"2/3",1.5849625007211563,2000,"{1, 2, 3}","Automatic",0.2,"Plurality","Top1Acceptability",0.23332352941176424
"OppPrefs",7,51,0.15,"2/3",1.5849625007211563,2000,"{1, 2, 3}","Automatic",0.2,"Plurality","Top2Acceptability",0.3572254901960782
"OppPrefs",7,51,0.15,"2/3",1.5849625007211563,2000,"{1, 2, 3}","Automatic",0.2,"Plurality","Top3Acceptability",0.47172549019607835
"OppPrefs",7,51,0.15,"2/3",1.5849625007211563,2000,"{1, 2, 3}","Automatic",0.2,"Coombs","NeverFirstRate",0.0005
"OppPrefs",7,51,0.15,"2/3",1.5849625007211563,2000,"{1, 2, 3}","Automatic",0.2,"Coombs","NoiseFlipRate",0.423
"OppPrefs",7,51,0.15,"2/3",1.5849625007211563,2000,"{1, 2, 3}","Automatic",0.2,"Coombs","CondorcetExistRate",0.6085
"OppPrefs",7,51,0.15,"2/3",1.5849625007211563,2000,"{1, 2, 3}","Automatic",0.2,"Coombs","CondorcetEfficiency",0.7452752670501233
"OppPrefs",7,51,0.15,"2/3",1.5849625007211563,2000,"{1, 2, 3}","Automatic",0.2,"Coombs","MidScore",0.48783333333333334
"OppPrefs",7,51,0.15,"2/3",1.5849625007211563,2000,"{1, 2, 3}","Automatic",0.2,"Coombs","Top1Acceptability",0.16573529411764676
"OppPrefs",7,51,0.15,"2/3",1.5849625007211563,2000,"{1, 2, 3}","Automatic",0.2,"Coombs","Top2Acceptability",0.32957843137254883
"OppPrefs",7,51,0.15,"2/3",1.5849625007211563,2000,"{1, 2, 3}","Automatic",0.2,"Coombs","Top3Acceptability",0.48758823529411754
"OppPrefs",7,51,0.15,"2/3",1.5849625007211563,2000,"{1, 2, 3}","Automatic",0.2,"QR","NeverFirstRate",0.001
"OppPrefs",7,51,0.15,"2/3",1.5849625007211563,2000,"{1, 2, 3}","Automatic",0.2,"QR","NoiseFlipRate",0.327
"OppPrefs",7,51,0.15,"2/3",1.5849625007211563,2000,"{1, 2, 3}","Automatic",0.2,"QR","CondorcetExistRate",0.6085
"OppPrefs",7,51,0.15,"2/3",1.5849625007211563,2000,"{1, 2, 3}","Automatic",0.2,"QR","CondorcetEfficiency",0.5127362366474938
"OppPrefs",7,51,0.15,"2/3",1.5849625007211563,2000,"{1, 2, 3}","Automatic",0.2,"QR","MidScore",0.6860000000000002
"OppPrefs",7,51,0.15,"2/3",1.5849625007211563,2000,"{1, 2, 3}","Automatic",0.2,"QR","Top1Acceptability",0.14149999999999976
"OppPrefs",7,51,0.15,"2/3",1.5849625007211563,2000,"{1, 2, 3}","Automatic",0.2,"QR","Top2Acceptability",0.2909019607843134
"OppPrefs",7,51,0.15,"2/3",1.5849625007211563,2000,"{1, 2, 3}","Automatic",0.2,"QR","Top3Acceptability",0.4625490196078431
"OppPrefs",7,51,0.15,"2/3",1.5849625007211563,2000,"{1, 2, 3}","Automatic",0.2,"SDM","NeverFirstRate",0.0005
"OppPrefs",7,51,0.15,"2/3",1.5849625007211563,2000,"{1, 2, 3}","Automatic",0.2,"SDM","NoiseFlipRate",0.2165
"OppPrefs",7,51,0.15,"2/3",1.5849625007211563,2000,"{1, 2, 3}","Automatic",0.2,"SDM","CondorcetExistRate",0.6085
"OppPrefs",7,51,0.15,"2/3",1.5849625007211563,2000,"{1, 2, 3}","Automatic",0.2,"SDM","CondorcetEfficiency",0.7460969597370584
"OppPrefs",7,51,0.15,"2/3",1.5849625007211563,2000,"{1, 2, 3}","Automatic",0.2,"SDM","MidScore",0.5506666666666666
"OppPrefs",7,51,0.15,"2/3",1.5849625007211563,2000,"{1, 2, 3}","Automatic",0.2,"SDM","Top1Acceptability",0.16053921568627424
"OppPrefs",7,51,0.15,"2/3",1.5849625007211563,2000,"{1, 2, 3}","Automatic",0.2,"SDM","Top2Acceptability",0.33048039215686253
"OppPrefs",7,51,0.15,"2/3",1.5849625007211563,2000,"{1, 2, 3}","Automatic",0.2,"SDM","Top3Acceptability",0.497156862745098
"OppPrefs",7,51,0.15,"2/3",1.5849625007211563,2000,"{1, 2, 3}","Automatic",0.2,"Fallback","NeverFirstRate",0.001
"OppPrefs",7,51,0.15,"2/3",1.5849625007211563,2000,"{1, 2, 3}","Automatic",0.2,"Fallback","NoiseFlipRate",0.8615
"OppPrefs",7,51,0.15,"2/3",1.5849625007211563,2000,"{1, 2, 3}","Automatic",0.2,"Fallback","CondorcetExistRate",0.6085
"OppPrefs",7,51,0.15,"2/3",1.5849625007211563,2000,"{1, 2, 3}","Automatic",0.2,"Fallback","CondorcetEfficiency",0.1306491372226787
"OppPrefs",7,51,0.15,"2/3",1.5849625007211563,2000,"{1, 2, 3}","Automatic",0.2,"Fallback","MidScore",0.43033333333333335
"OppPrefs",7,51,0.15,"2/3",1.5849625007211563,2000,"{1, 2, 3}","Automatic",0.2,"Fallback","Top1Acceptability",0.14106862745098017
"OppPrefs",7,51,0.15,"2/3",1.5849625007211563,2000,"{1, 2, 3}","Automatic",0.2,"Fallback","Top2Acceptability",0.2848725490196075
"OppPrefs",7,51,0.15,"2/3",1.5849625007211563,2000,"{1, 2, 3}","Automatic",0.2,"Fallback","Top3Acceptability",0.4260490196078429
"OppPrefs",7,51,0.15,"2/3",1.5849625007211563,2000,"{1, 2, 3}","Automatic",0.30000000000000004,"Borda","NeverFirstRate",0.
"OppPrefs",7,51,0.15,"2/3",1.5849625007211563,2000,"{1, 2, 3}","Automatic",0.30000000000000004,"Borda","NoiseFlipRate",0.213
"OppPrefs",7,51,0.15,"2/3",1.5849625007211563,2000,"{1, 2, 3}","Automatic",0.30000000000000004,"Borda","CondorcetExistRate",0.6185
"OppPrefs",7,51,0.15,"2/3",1.5849625007211563,2000,"{1, 2, 3}","Automatic",0.30000000000000004,"Borda","CondorcetEfficiency",0.8367016976556184
"OppPrefs",7,51,0.15,"2/3",1.5849625007211563,2000,"{1, 2, 3}","Automatic",0.30000000000000004,"Borda","MidScore",0.4161666666666667
"OppPrefs",7,51,0.15,"2/3",1.5849625007211563,2000,"{1, 2, 3}","Automatic",0.30000000000000004,"Borda","Top1Acceptability",0.18811764705882322
"OppPrefs",7,51,0.15,"2/3",1.5849625007211563,2000,"{1, 2, 3}","Automatic",0.30000000000000004,"Borda","Top2Acceptability",0.35260784313725463
"OppPrefs",7,51,0.15,"2/3",1.5849625007211563,2000,"{1, 2, 3}","Automatic",0.30000000000000004,"Borda","Top3Acceptability",0.505343137254902
"OppPrefs",7,51,0.15,"2/3",1.5849625007211563,2000,"{1, 2, 3}","Automatic",0.30000000000000004,"Plurality","NeverFirstRate",0.
"OppPrefs",7,51,0.15,"2/3",1.5849625007211563,2000,"{1, 2, 3}","Automatic",0.30000000000000004,"Plurality","NoiseFlipRate",0.336
"OppPrefs",7,51,0.15,"2/3",1.5849625007211563,2000,"{1, 2, 3}","Automatic",0.30000000000000004,"Plurality","CondorcetExistRate",0.6185
"OppPrefs",7,51,0.15,"2/3",1.5849625007211563,2000,"{1, 2, 3}","Automatic",0.30000000000000004,"Plurality","CondorcetEfficiency",0.3322554567502021
"OppPrefs",7,51,0.15,"2/3",1.5849625007211563,2000,"{1, 2, 3}","Automatic",0.30000000000000004,"Plurality","MidScore",0.03266666666666667
"OppPrefs",7,51,0.15,"2/3",1.5849625007211563,2000,"{1, 2, 3}","Automatic",0.30000000000000004,"Plurality","Top1Acceptability",0.2555686274509799
"OppPrefs",7,51,0.15,"2/3",1.5849625007211563,2000,"{1, 2, 3}","Automatic",0.30000000000000004,"Plurality","Top2Acceptability",0.3691274509803919
"OppPrefs",7,51,0.15,"2/3",1.5849625007211563,2000,"{1, 2, 3}","Automatic",0.30000000000000004,"Plurality","Top3Acceptability",0.47090196078431357
"OppPrefs",7,51,0.15,"2/3",1.5849625007211563,2000,"{1, 2, 3}","Automatic",0.30000000000000004,"Coombs","NeverFirstRate",0.
"OppPrefs",7,51,0.15,"2/3",1.5849625007211563,2000,"{1, 2, 3}","Automatic",0.30000000000000004,"Coombs","NoiseFlipRate",0.463
"OppPrefs",7,51,0.15,"2/3",1.5849625007211563,2000,"{1, 2, 3}","Automatic",0.30000000000000004,"Coombs","CondorcetExistRate",0.6185
"OppPrefs",7,51,0.15,"2/3",1.5849625007211563,2000,"{1, 2, 3}","Automatic",0.30000000000000004,"Coombs","CondorcetEfficiency",0.6701697655618432
"OppPrefs",7,51,0.15,"2/3",1.5849625007211563,2000,"{1, 2, 3}","Automatic",0.30000000000000004,"Coombs","MidScore",0.48299999999999993
"OppPrefs",7,51,0.15,"2/3",1.5849625007211563,2000,"{1, 2, 3}","Automatic",0.30000000000000004,"Coombs","Top1Acceptability",0.16120588235294092
"OppPrefs",7,51,0.15,"2/3",1.5849625007211563,2000,"{1, 2, 3}","Automatic",0.30000000000000004,"Coombs","Top2Acceptability",0.32281372549019577
"OppPrefs",7,51,0.15,"2/3",1.5849625007211563,2000,"{1, 2, 3}","Automatic",0.30000000000000004,"Coombs","Top3Acceptability",0.4810294117647058
"OppPrefs",7,51,0.15,"2/3",1.5849625007211563,2000,"{1, 2, 3}","Automatic",0.30000000000000004,"QR","NeverFirstRate",0.0025
"OppPrefs",7,51,0.15,"2/3",1.5849625007211563,2000,"{1, 2, 3}","Automatic",0.30000000000000004,"QR","NoiseFlipRate",0.311
"OppPrefs",7,51,0.15,"2/3",1.5849625007211563,2000,"{1, 2, 3}","Automatic",0.30000000000000004,"QR","CondorcetExistRate",0.6185
"OppPrefs",7,51,0.15,"2/3",1.5849625007211563,2000,"{1, 2, 3}","Automatic",0.30000000000000004,"QR","CondorcetEfficiency",0.38884397736459175
"OppPrefs",7,51,0.15,"2/3",1.5849625007211563,2000,"{1, 2, 3}","Automatic",0.30000000000000004,"QR","MidScore",0.797166666666667
"OppPrefs",7,51,0.15,"2/3",1.5849625007211563,2000,"{1, 2, 3}","Automatic",0.30000000000000004,"QR","Top1Acceptability",0.12261764705882333
"OppPrefs",7,51,0.15,"2/3",1.5849625007211563,2000,"{1, 2, 3}","Automatic",0.30000000000000004,"QR","Top2Acceptability",0.2539313725490191
"OppPrefs",7,51,0.15,"2/3",1.5849625007211563,2000,"{1, 2, 3}","Automatic",0.30000000000000004,"QR","Top3Acceptability",0.42507843137254897
"OppPrefs",7,51,0.15,"2/3",1.5849625007211563,2000,"{1, 2, 3}","Automatic",0.30000000000000004,"SDM","NeverFirstRate",0.0005
"OppPrefs",7,51,0.15,"2/3",1.5849625007211563,2000,"{1, 2, 3}","Automatic",0.30000000000000004,"SDM","NoiseFlipRate",0.217
"OppPrefs",7,51,0.15,"2/3",1.5849625007211563,2000,"{1, 2, 3}","Automatic",0.30000000000000004,"SDM","CondorcetExistRate",0.6185
"OppPrefs",7,51,0.15,"2/3",1.5849625007211563,2000,"{1, 2, 3}","Automatic",0.30000000000000004,"SDM","CondorcetEfficiency",0.6709781729991916
"OppPrefs",7,51,0.15,"2/3",1.5849625007211563,2000,"{1, 2, 3}","Automatic",0.30000000000000004,"SDM","MidScore",0.6013333333333333
"OppPrefs",7,51,0.15,"2/3",1.5849625007211563,2000,"{1, 2, 3}","Automatic",0.30000000000000004,"SDM","Top1Acceptability",0.1485882352941174
"OppPrefs",7,51,0.15,"2/3",1.5849625007211563,2000,"{1, 2, 3}","Automatic",0.30000000000000004,"SDM","Top2Acceptability",0.3101666666666664
"OppPrefs",7,51,0.15,"2/3",1.5849625007211563,2000,"{1, 2, 3}","Automatic",0.30000000000000004,"SDM","Top3Acceptability",0.4833627450980392
"OppPrefs",7,51,0.15,"2/3",1.5849625007211563,2000,"{1, 2, 3}","Automatic",0.30000000000000004,"Fallback","NeverFirstRate",0.0015
"OppPrefs",7,51,0.15,"2/3",1.5849625007211563,2000,"{1, 2, 3}","Automatic",0.30000000000000004,"Fallback","NoiseFlipRate",0.8545
"OppPrefs",7,51,0.15,"2/3",1.5849625007211563,2000,"{1, 2, 3}","Automatic",0.30000000000000004,"Fallback","CondorcetExistRate",0.6185
"OppPrefs",7,51,0.15,"2/3",1.5849625007211563,2000,"{1, 2, 3}","Automatic",0.30000000000000004,"Fallback","CondorcetEfficiency",0.15925626515763944
"OppPrefs",7,51,0.15,"2/3",1.5849625007211563,2000,"{1, 2, 3}","Automatic",0.30000000000000004,"Fallback","MidScore",0.4235
"OppPrefs",7,51,0.15,"2/3",1.5849625007211563,2000,"{1, 2, 3}","Automatic",0.30000000000000004,"Fallback","Top1Acceptability",0.1423039215686272
"OppPrefs",7,51,0.15,"2/3",1.5849625007211563,2000,"{1, 2, 3}","Automatic",0.30000000000000004,"Fallback","Top2Acceptability",0.28856862745098005
"OppPrefs",7,51,0.15,"2/3",1.5849625007211563,2000,"{1, 2, 3}","Automatic",0.30000000000000004,"Fallback","Top3Acceptability",0.43053921568627423
"OppPrefs",7,51,0.15,"2/3",1.5849625007211563,2000,"{1, 2, 3}","Automatic",0.4,"Borda","NeverFirstRate",0.
"OppPrefs",7,51,0.15,"2/3",1.5849625007211563,2000,"{1, 2, 3}","Automatic",0.4,"Borda","NoiseFlipRate",0.2375
"OppPrefs",7,51,0.15,"2/3",1.5849625007211563,2000,"{1, 2, 3}","Automatic",0.4,"Borda","CondorcetExistRate",0.5805
"OppPrefs",7,51,0.15,"2/3",1.5849625007211563,2000,"{1, 2, 3}","Automatic",0.4,"Borda","CondorcetEfficiency",0.8570198105081827
"OppPrefs",7,51,0.15,"2/3",1.5849625007211563,2000,"{1, 2, 3}","Automatic",0.4,"Borda","MidScore",0.43133333333333335
"OppPrefs",7,51,0.15,"2/3",1.5849625007211563,2000,"{1, 2, 3}","Automatic",0.4,"Borda","Top1Acceptability",0.18095098039215657
"OppPrefs",7,51,0.15,"2/3",1.5849625007211563,2000,"{1, 2, 3}","Automatic",0.4,"Borda","Top2Acceptability",0.3475882352941174
"OppPrefs",7,51,0.15,"2/3",1.5849625007211563,2000,"{1, 2, 3}","Automatic",0.4,"Borda","Top3Acceptability",0.49720588235294116
"OppPrefs",7,51,0.15,"2/3",1.5849625007211563,2000,"{1, 2, 3}","Automatic",0.4,"Plurality","NeverFirstRate",0.
"OppPrefs",7,51,0.15,"2/3",1.5849625007211563,2000,"{1, 2, 3}","Automatic",0.4,"Plurality","NoiseFlipRate",0.297
"OppPrefs",7,51,0.15,"2/3",1.5849625007211563,2000,"{1, 2, 3}","Automatic",0.4,"Plurality","CondorcetExistRate",0.5805
"OppPrefs",7,51,0.15,"2/3",1.5849625007211563,2000,"{1, 2, 3}","Automatic",0.4,"Plurality","CondorcetEfficiency",0.23428079242032732
"OppPrefs",7,51,0.15,"2/3",1.5849625007211563,2000,"{1, 2, 3}","Automatic",0.4,"Plurality","MidScore",0.004666666666666667
"OppPrefs",7,51,0.15,"2/3",1.5849625007211563,2000,"{1, 2, 3}","Automatic",0.4,"Plurality","Top1Acceptability",0.2795490196078428
"OppPrefs",7,51,0.15,"2/3",1.5849625007211563,2000,"{1, 2, 3}","Automatic",0.4,"Plurality","Top2Acceptability",0.3815588235294115
"OppPrefs",7,51,0.15,"2/3",1.5849625007211563,2000,"{1, 2, 3}","Automatic",0.4,"Plurality","Top3Acceptability",0.46954901960784295
"OppPrefs",7,51,0.15,"2/3",1.5849625007211563,2000,"{1, 2, 3}","Automatic",0.4,"Coombs","NeverFirstRate",0.002
"OppPrefs",7,51,0.15,"2/3",1.5849625007211563,2000,"{1, 2, 3}","Automatic",0.4,"Coombs","NoiseFlipRate",0.4905
"OppPrefs",7,51,0.15,"2/3",1.5849625007211563,2000,"{1, 2, 3}","Automatic",0.4,"Coombs","CondorcetExistRate",0.5805
"OppPrefs",7,51,0.15,"2/3",1.5849625007211563,2000,"{1, 2, 3}","Automatic",0.4,"Coombs","CondorcetEfficiency",0.6399655469422911
"OppPrefs",7,51,0.15,"2/3",1.5849625007211563,2000,"{1, 2, 3}","Automatic",0.4,"Coombs","MidScore",0.503
"OppPrefs",7,51,0.15,"2/3",1.5849625007211563,2000,"{1, 2, 3}","Automatic",0.4,"Coombs","Top1Acceptability",0.15000980392156843
"OppPrefs",7,51,0.15,"2/3",1.5849625007211563,2000,"{1, 2, 3}","Automatic",0.4,"Coombs","Top2Acceptability",0.3072647058823526
"OppPrefs",7,51,0.15,"2/3",1.5849625007211563,2000,"{1, 2, 3}","Automatic",0.4,"Coombs","Top3Acceptability",0.4704607843137254
"OppPrefs",7,51,0.15,"2/3",1.5849625007211563,2000,"{1, 2, 3}","Automatic",0.4,"QR","NeverFirstRate",0.0065
"OppPrefs",7,51,0.15,"2/3",1.5849625007211563,2000,"{1, 2, 3}","Automatic",0.4,"QR","NoiseFlipRate",0.2855
"OppPrefs",7,51,0.15,"2/3",1.5849625007211563,2000,"{1, 2, 3}","Automatic",0.4,"QR","CondorcetExistRate",0.5805
"OppPrefs",7,51,0.15,"2/3",1.5849625007211563,2000,"{1, 2, 3}","Automatic",0.4,"QR","CondorcetEfficiency",0.2962962962962963
"OppPrefs",7,51,0.15,"2/3",1.5849625007211563,2000,"{1, 2, 3}","Automatic",0.4,"QR","MidScore",0.8785000000000004
"OppPrefs",7,51,0.15,"2/3",1.5849625007211563,2000,"{1, 2, 3}","Automatic",0.4,"QR","Top1Acceptability",0.09925490196078415
"OppPrefs",7,51,0.15,"2/3",1.5849625007211563,2000,"{1, 2, 3}","Automatic",0.4,"QR","Top2Acceptability",0.2107843137254898
"OppPrefs",7,51,0.15,"2/3",1.5849625007211563,2000,"{1, 2, 3}","Automatic",0.4,"QR","Top3Acceptability",0.38047058823529395
"OppPrefs",7,51,0.15,"2/3",1.5849625007211563,2000,"{1, 2, 3}","Automatic",0.4,"SDM","NeverFirstRate",0.001
"OppPrefs",7,51,0.15,"2/3",1.5849625007211563,2000,"{1, 2, 3}","Automatic",0.4,"SDM","NoiseFlipRate",0.2285
"OppPrefs",7,51,0.15,"2/3",1.5849625007211563,2000,"{1, 2, 3}","Automatic",0.4,"SDM","CondorcetExistRate",0.5805
"OppPrefs",7,51,0.15,"2/3",1.5849625007211563,2000,"{1, 2, 3}","Automatic",0.4,"SDM","CondorcetEfficiency",0.6434108527131783
"OppPrefs",7,51,0.15,"2/3",1.5849625007211563,2000,"{1, 2, 3}","Automatic",0.4,"SDM","MidScore",0.668
"OppPrefs",7,51,0.15,"2/3",1.5849625007211563,2000,"{1, 2, 3}","Automatic",0.4,"SDM","Top1Acceptability",0.12516666666666645
"OppPrefs",7,51,0.15,"2/3",1.5849625007211563,2000,"{1, 2, 3}","Automatic",0.4,"SDM","Top2Acceptability",0.2797745098039212
"OppPrefs",7,51,0.15,"2/3",1.5849625007211563,2000,"{1, 2, 3}","Automatic",0.4,"SDM","Top3Acceptability",0.4633725490196077
"OppPrefs",7,51,0.15,"2/3",1.5849625007211563,2000,"{1, 2, 3}","Automatic",0.4,"Fallback","NeverFirstRate",0.0065
"OppPrefs",7,51,0.15,"2/3",1.5849625007211563,2000,"{1, 2, 3}","Automatic",0.4,"Fallback","NoiseFlipRate",0.8635
"OppPrefs",7,51,0.15,"2/3",1.5849625007211563,2000,"{1, 2, 3}","Automatic",0.4,"Fallback","CondorcetExistRate",0.5805
"OppPrefs",7,51,0.15,"2/3",1.5849625007211563,2000,"{1, 2, 3}","Automatic",0.4,"Fallback","CondorcetEfficiency",0.16709732988802756
"OppPrefs",7,51,0.15,"2/3",1.5849625007211563,2000,"{1, 2, 3}","Automatic",0.4,"Fallback","MidScore",0.43916666666666665
"OppPrefs",7,51,0.15,"2/3",1.5849625007211563,2000,"{1, 2, 3}","Automatic",0.4,"Fallback","Top1Acceptability",0.13992156862745084
"OppPrefs",7,51,0.15,"2/3",1.5849625007211563,2000,"{1, 2, 3}","Automatic",0.4,"Fallback","Top2Acceptability",0.283411764705882
"OppPrefs",7,51,0.15,"2/3",1.5849625007211563,2000,"{1, 2, 3}","Automatic",0.4,"Fallback","Top3Acceptability",0.42952941176470566
"OppPrefs",7,51,0.15,"2/3",1.5849625007211563,2000,"{1, 2, 3}","Automatic",0.5,"Borda","NeverFirstRate",0.0005
"OppPrefs",7,51,0.15,"2/3",1.5849625007211563,2000,"{1, 2, 3}","Automatic",0.5,"Borda","NoiseFlipRate",0.2625
"OppPrefs",7,51,0.15,"2/3",1.5849625007211563,2000,"{1, 2, 3}","Automatic",0.5,"Borda","CondorcetExistRate",0.573
"OppPrefs",7,51,0.15,"2/3",1.5849625007211563,2000,"{1, 2, 3}","Automatic",0.5,"Borda","CondorcetEfficiency",0.8472949389179756
"OppPrefs",7,51,0.15,"2/3",1.5849625007211563,2000,"{1, 2, 3}","Automatic",0.5,"Borda","MidScore",0.44050000000000006
"OppPrefs",7,51,0.15,"2/3",1.5849625007211563,2000,"{1, 2, 3}","Automatic",0.5,"Borda","Top1Acceptability",0.1753725490196076
"OppPrefs",7,51,0.15,"2/3",1.5849625007211563,2000,"{1, 2, 3}","Automatic",0.5,"Borda","Top2Acceptability",0.3383725490196075
"OppPrefs",7,51,0.15,"2/3",1.5849625007211563,2000,"{1, 2, 3}","Automatic",0.5,"Borda","Top3Acceptability",0.49121568627450973
"OppPrefs",7,51,0.15,"2/3",1.5849625007211563,2000,"{1, 2, 3}","Automatic",0.5,"Plurality","NeverFirstRate",0.
"OppPrefs",7,51,0.15,"2/3",1.5849625007211563,2000,"{1, 2, 3}","Automatic",0.5,"Plurality","NoiseFlipRate",0.2725
"OppPrefs",7,51,0.15,"2/3",1.5849625007211563,2000,"{1, 2, 3}","Automatic",0.5,"Plurality","CondorcetExistRate",0.573
"OppPrefs",7,51,0.15,"2/3",1.5849625007211563,2000,"{1, 2, 3}","Automatic",0.5,"Plurality","CondorcetEfficiency",0.2443280977312391
"OppPrefs",7,51,0.15,"2/3",1.5849625007211563,2000,"{1, 2, 3}","Automatic",0.5,"Plurality","MidScore",0.0003333333333333334
"OppPrefs",7,51,0.15,"2/3",1.5849625007211563,2000,"{1, 2, 3}","Automatic",0.5,"Plurality","Top1Acceptability",0.31080392156862724
"OppPrefs",7,51,0.15,"2/3",1.5849625007211563,2000,"{1, 2, 3}","Automatic",0.5,"Plurality","Top2Acceptability",0.40488235294117625
"OppPrefs",7,51,0.15,"2/3",1.5849625007211563,2000,"{1, 2, 3}","Automatic",0.5,"Plurality","Top3Acceptability",0.4756764705882351
"OppPrefs",7,51,0.15,"2/3",1.5849625007211563,2000,"{1, 2, 3}","Automatic",0.5,"Coombs","NeverFirstRate",0.004
"OppPrefs",7,51,0.15,"2/3",1.5849625007211563,2000,"{1, 2, 3}","Automatic",0.5,"Coombs","NoiseFlipRate",0.5205
"OppPrefs",7,51,0.15,"2/3",1.5849625007211563,2000,"{1, 2, 3}","Automatic",0.5,"Coombs","CondorcetExistRate",0.573
"OppPrefs",7,51,0.15,"2/3",1.5849625007211563,2000,"{1, 2, 3}","Automatic",0.5,"Coombs","CondorcetEfficiency",0.5977312390924956
"OppPrefs",7,51,0.15,"2/3",1.5849625007211563,2000,"{1, 2, 3}","Automatic",0.5,"Coombs","MidScore",0.49166666666666664
"OppPrefs",7,51,0.15,"2/3",1.5849625007211563,2000,"{1, 2, 3}","Automatic",0.5,"Coombs","Top1Acceptability",0.14581372549019594
"OppPrefs",7,51,0.15,"2/3",1.5849625007211563,2000,"{1, 2, 3}","Automatic",0.5,"Coombs","Top2Acceptability",0.2985882352941173
"OppPrefs",7,51,0.15,"2/3",1.5849625007211563,2000,"{1, 2, 3}","Automatic",0.5,"Coombs","Top3Acceptability",0.4630588235294116
"OppPrefs",7,51,0.15,"2/3",1.5849625007211563,2000,"{1, 2, 3}","Automatic",0.5,"QR","NeverFirstRate",0.0165
"OppPrefs",7,51,0.15,"2/3",1.5849625007211563,2000,"{1, 2, 3}","Automatic",0.5,"QR","NoiseFlipRate",0.2645
"OppPrefs",7,51,0.15,"2/3",1.5849625007211563,2000,"{1, 2, 3}","Automatic",0.5,"QR","CondorcetExistRate",0.573
"OppPrefs",7,51,0.15,"2/3",1.5849625007211563,2000,"{1, 2, 3}","Automatic",0.5,"QR","CondorcetEfficiency",0.21727748691099477
"OppPrefs",7,51,0.15,"2/3",1.5849625007211563,2000,"{1, 2, 3}","Automatic",0.5,"QR","MidScore",0.9463333333333336
"OppPrefs",7,51,0.15,"2/3",1.5849625007211563,2000,"{1, 2, 3}","Automatic",0.5,"QR","Top1Acceptability",0.07629411764705869
"OppPrefs",7,51,0.15,"2/3",1.5849625007211563,2000,"{1, 2, 3}","Automatic",0.5,"QR","Top2Acceptability",0.16288235294117617
"OppPrefs",7,51,0.15,"2/3",1.5849625007211563,2000,"{1, 2, 3}","Automatic",0.5,"QR","Top3Acceptability",0.31938235294117623
"OppPrefs",7,51,0.15,"2/3",1.5849625007211563,2000,"{1, 2, 3}","Automatic",0.5,"SDM","NeverFirstRate",0.0065
"OppPrefs",7,51,0.15,"2/3",1.5849625007211563,2000,"{1, 2, 3}","Automatic",0.5,"SDM","NoiseFlipRate",0.2315
"OppPrefs",7,51,0.15,"2/3",1.5849625007211563,2000,"{1, 2, 3}","Automatic",0.5,"SDM","CondorcetExistRate",0.573
"OppPrefs",7,51,0.15,"2/3",1.5849625007211563,2000,"{1, 2, 3}","Automatic",0.5,"SDM","CondorcetEfficiency",0.5698080279232112
"OppPrefs",7,51,0.15,"2/3",1.5849625007211563,2000,"{1, 2, 3}","Automatic",0.5,"SDM","MidScore",0.7128333333333334
"OppPrefs",7,51,0.15,"2/3",1.5849625007211563,2000,"{1, 2, 3}","Automatic",0.5,"SDM","Top1Acceptability",0.1023137254901959
"OppPrefs",7,51,0.15,"2/3",1.5849625007211563,2000,"{1, 2, 3}","Automatic",0.5,"SDM","Top2Acceptability",0.24021568627450932
"OppPrefs",7,51,0.15,"2/3",1.5849625007211563,2000,"{1, 2, 3}","Automatic",0.5,"SDM","Top3Acceptability",0.4401764705882352
"OppPrefs",7,51,0.15,"2/3",1.5849625007211563,2000,"{1, 2, 3}","Automatic",0.5,"Fallback","NeverFirstRate",0.0075
"OppPrefs",7,51,0.15,"2/3",1.5849625007211563,2000,"{1, 2, 3}","Automatic",0.5,"Fallback","NoiseFlipRate",0.84
"OppPrefs",7,51,0.15,"2/3",1.5849625007211563,2000,"{1, 2, 3}","Automatic",0.5,"Fallback","CondorcetExistRate",0.573
"OppPrefs",7,51,0.15,"2/3",1.5849625007211563,2000,"{1, 2, 3}","Automatic",0.5,"Fallback","CondorcetEfficiency",0.15794066317626526
"OppPrefs",7,51,0.15,"2/3",1.5849625007211563,2000,"{1, 2, 3}","Automatic",0.5,"Fallback","MidScore",0.43716666666666665
"OppPrefs",7,51,0.15,"2/3",1.5849625007211563,2000,"{1, 2, 3}","Automatic",0.5,"Fallback","Top1Acceptability",0.142049019607843
"OppPrefs",7,51,0.15,"2/3",1.5849625007211563,2000,"{1, 2, 3}","Automatic",0.5,"Fallback","Top2Acceptability",0.2829705882352938
"OppPrefs",7,51,0.15,"2/3",1.5849625007211563,2000,"{1, 2, 3}","Automatic",0.5,"Fallback","Top3Acceptability",0.4270686274509802
"OppPrefs",7,51,0.15,"2/3",1.5849625007211563,2000,"{1, 2, 3}","Automatic",0.6000000000000001,"Borda","NeverFirstRate",0.
"OppPrefs",7,51,0.15,"2/3",1.5849625007211563,2000,"{1, 2, 3}","Automatic",0.6000000000000001,"Borda","NoiseFlipRate",0.2845
"OppPrefs",7,51,0.15,"2/3",1.5849625007211563,2000,"{1, 2, 3}","Automatic",0.6000000000000001,"Borda","CondorcetExistRate",0.5615
"OppPrefs",7,51,0.15,"2/3",1.5849625007211563,2000,"{1, 2, 3}","Automatic",0.6000000000000001,"Borda","CondorcetEfficiency",0.8414959928762245
"OppPrefs",7,51,0.15,"2/3",1.5849625007211563,2000,"{1, 2, 3}","Automatic",0.6000000000000001,"Borda","MidScore",0.4168333333333334
"OppPrefs",7,51,0.15,"2/3",1.5849625007211563,2000,"{1, 2, 3}","Automatic",0.6000000000000001,"Borda","Top1Acceptability",0.1801666666666664
"OppPrefs",7,51,0.15,"2/3",1.5849625007211563,2000,"{1, 2, 3}","Automatic",0.6000000000000001,"Borda","Top2Acceptability",0.342254901960784
"OppPrefs",7,51,0.15,"2/3",1.5849625007211563,2000,"{1, 2, 3}","Automatic",0.6000000000000001,"Borda","Top3Acceptability",0.4885098039215686
"OppPrefs",7,51,0.15,"2/3",1.5849625007211563,2000,"{1, 2, 3}","Automatic",0.6000000000000001,"Plurality","NeverFirstRate",0.
"OppPrefs",7,51,0.15,"2/3",1.5849625007211563,2000,"{1, 2, 3}","Automatic",0.6000000000000001,"Plurality","NoiseFlipRate",0.2675
"OppPrefs",7,51,0.15,"2/3",1.5849625007211563,2000,"{1, 2, 3}","Automatic",0.6000000000000001,"Plurality","CondorcetExistRate",0.5615
"OppPrefs",7,51,0.15,"2/3",1.5849625007211563,2000,"{1, 2, 3}","Automatic",0.6000000000000001,"Plurality","CondorcetEfficiency",0.25289403383793413
"OppPrefs",7,51,0.15,"2/3",1.5849625007211563,2000,"{1, 2, 3}","Automatic",0.6000000000000001,"Plurality","MidScore",0.0001666666666666667
"OppPrefs",7,51,0.15,"2/3",1.5849625007211563,2000,"{1, 2, 3}","Automatic",0.6000000000000001,"Plurality","Top1Acceptability",0.33945098039215665
"OppPrefs",7,51,0.15,"2/3",1.5849625007211563,2000,"{1, 2, 3}","Automatic",0.6000000000000001,"Plurality","Top2Acceptability",0.42377450980392134
"OppPrefs",7,51,0.15,"2/3",1.5849625007211563,2000,"{1, 2, 3}","Automatic",0.6000000000000001,"Plurality","Top3Acceptability",0.4820882352941175
"OppPrefs",7,51,0.15,"2/3",1.5849625007211563,2000,"{1, 2, 3}","Automatic",0.6000000000000001,"Coombs","NeverFirstRate",0.005
"OppPrefs",7,51,0.15,"2/3",1.5849625007211563,2000,"{1, 2, 3}","Automatic",0.6000000000000001,"Coombs","NoiseFlipRate",0.5325
"OppPrefs",7,51,0.15,"2/3",1.5849625007211563,2000,"{1, 2, 3}","Automatic",0.6000000000000001,"Coombs","CondorcetExistRate",0.5615
"OppPrefs",7,51,0.15,"2/3",1.5849625007211563,2000,"{1, 2, 3}","Automatic",0.6000000000000001,"Coombs","CondorcetEfficiency",0.5859305431878896
"OppPrefs",7,51,0.15,"2/3",1.5849625007211563,2000,"{1, 2, 3}","Automatic",0.6000000000000001,"Coombs","MidScore",0.4616666666666666
"OppPrefs",7,51,0.15,"2/3",1.5849625007211563,2000,"{1, 2, 3}","Automatic",0.6000000000000001,"Coombs","Top1Acceptability",0.14849019607843122
"OppPrefs",7,51,0.15,"2/3",1.5849625007211563,2000,"{1, 2, 3}","Automatic",0.6000000000000001,"Coombs","Top2Acceptability",0.306333333333333
"OppPrefs",7,51,0.15,"2/3",1.5849625007211563,2000,"{1, 2, 3}","Automatic",0.6000000000000001,"Coombs","Top3Acceptability",0.4645588235294117
"OppPrefs",7,51,0.15,"2/3",1.5849625007211563,2000,"{1, 2, 3}","Automatic",0.6000000000000001,"QR","NeverFirstRate",0.0375
"OppPrefs",7,51,0.15,"2/3",1.5849625007211563,2000,"{1, 2, 3}","Automatic",0.6000000000000001,"QR","NoiseFlipRate",0.234
"OppPrefs",7,51,0.15,"2/3",1.5849625007211563,2000,"{1, 2, 3}","Automatic",0.6000000000000001,"QR","CondorcetExistRate",0.5615
"OppPrefs",7,51,0.15,"2/3",1.5849625007211563,2000,"{1, 2, 3}","Automatic",0.6000000000000001,"QR","CondorcetEfficiency",0.1674087266251113
"OppPrefs",7,51,0.15,"2/3",1.5849625007211563,2000,"{1, 2, 3}","Automatic",0.6000000000000001,"QR","MidScore",0.9795000000000001
"OppPrefs",7,51,0.15,"2/3",1.5849625007211563,2000,"{1, 2, 3}","Automatic",0.6000000000000001,"QR","Top1Acceptability",0.059852941176470484
"OppPrefs",7,51,0.15,"2/3",1.5849625007211563,2000,"{1, 2, 3}","Automatic",0.6000000000000001,"QR","Top2Acceptability",0.13051960784313701
"OppPrefs",7,51,0.15,"2/3",1.5849625007211563,2000,"{1, 2, 3}","Automatic",0.6000000000000001,"QR","Top3Acceptability",0.2737058823529408
"OppPrefs",7,51,0.15,"2/3",1.5849625007211563,2000,"{1, 2, 3}","Automatic",0.6000000000000001,"SDM","NeverFirstRate",0.0065
"OppPrefs",7,51,0.15,"2/3",1.5849625007211563,2000,"{1, 2, 3}","Automatic",0.6000000000000001,"SDM","NoiseFlipRate",0.245
"OppPrefs",7,51,0.15,"2/3",1.5849625007211563,2000,"{1, 2, 3}","Automatic",0.6000000000000001,"SDM","CondorcetExistRate",0.5615
"OppPrefs",7,51,0.15,"2/3",1.5849625007211563,2000,"{1, 2, 3}","Automatic",0.6000000000000001,"SDM","CondorcetEfficiency",0.4888691006233304
"OppPrefs",7,51,0.15,"2/3",1.5849625007211563,2000,"{1, 2, 3}","Automatic",0.6000000000000001,"SDM","MidScore",0.7476666666666669
"OppPrefs",7,51,0.15,"2/3",1.5849625007211563,2000,"{1, 2, 3}","Automatic",0.6000000000000001,"SDM","Top1Acceptability",0.08244117647058809
"OppPrefs",7,51,0.15,"2/3",1.5849625007211563,2000,"{1, 2, 3}","Automatic",0.6000000000000001,"SDM","Top2Acceptability",0.20562745098039176
"OppPrefs",7,51,0.15,"2/3",1.5849625007211563,2000,"{1, 2, 3}","Automatic",0.6000000000000001,"SDM","Top3Acceptability",0.41759803921568617
"OppPrefs",7,51,0.15,"2/3",1.5849625007211563,2000,"{1, 2, 3}","Automatic",0.6000000000000001,"Fallback","NeverFirstRate",0.0235
"OppPrefs",7,51,0.15,"2/3",1.5849625007211563,2000,"{1, 2, 3}","Automatic",0.6000000000000001,"Fallback","NoiseFlipRate",0.8215
"OppPrefs",7,51,0.15,"2/3",1.5849625007211563,2000,"{1, 2, 3}","Automatic",0.6000000000000001,"Fallback","CondorcetExistRate",0.5615
"OppPrefs",7,51,0.15,"2/3",1.5849625007211563,2000,"{1, 2, 3}","Automatic",0.6000000000000001,"Fallback","CondorcetEfficiency",0.18699910952804988
"OppPrefs",7,51,0.15,"2/3",1.5849625007211563,2000,"{1, 2, 3}","Automatic",0.6000000000000001,"Fallback","MidScore",0.46266666666666667
"OppPrefs",7,51,0.15,"2/3",1.5849625007211563,2000,"{1, 2, 3}","Automatic",0.6000000000000001,"Fallback","Top1Acceptability",0.1355686274509803
"OppPrefs",7,51,0.15,"2/3",1.5849625007211563,2000,"{1, 2, 3}","Automatic",0.6000000000000001,"Fallback","Top2Acceptability",0.2745980392156858
"OppPrefs",7,51,0.15,"2/3",1.5849625007211563,2000,"{1, 2, 3}","Automatic",0.6000000000000001,"Fallback","Top3Acceptability",0.4251470588235292
"OppPrefs",7,51,0.15,"2/3",1.5849625007211563,2000,"{1, 2, 3}","Automatic",0.7000000000000001,"Borda","NeverFirstRate",0.0035
"OppPrefs",7,51,0.15,"2/3",1.5849625007211563,2000,"{1, 2, 3}","Automatic",0.7000000000000001,"Borda","NoiseFlipRate",0.3255
"OppPrefs",7,51,0.15,"2/3",1.5849625007211563,2000,"{1, 2, 3}","Automatic",0.7000000000000001,"Borda","CondorcetExistRate",0.541
"OppPrefs",7,51,0.15,"2/3",1.5849625007211563,2000,"{1, 2, 3}","Automatic",0.7000000000000001,"Borda","CondorcetEfficiency",0.8456561922365989
"OppPrefs",7,51,0.15,"2/3",1.5849625007211563,2000,"{1, 2, 3}","Automatic",0.7000000000000001,"Borda","MidScore",0.42466666666666664
"OppPrefs",7,51,0.15,"2/3",1.5849625007211563,2000,"{1, 2, 3}","Automatic",0.7000000000000001,"Borda","Top1Acceptability",0.17208823529411746
"OppPrefs",7,51,0.15,"2/3",1.5849625007211563,2000,"{1, 2, 3}","Automatic",0.7000000000000001,"Borda","Top2Acceptability",0.3330686274509801
"OppPrefs",7,51,0.15,"2/3",1.5849625007211563,2000,"{1, 2, 3}","Automatic",0.7000000000000001,"Borda","Top3Acceptability",0.4824117647058823
"OppPrefs",7,51,0.15,"2/3",1.5849625007211563,2000,"{1, 2, 3}","Automatic",0.7000000000000001,"Plurality","NeverFirstRate",0.
"OppPrefs",7,51,0.15,"2/3",1.5849625007211563,2000,"{1, 2, 3}","Automatic",0.7000000000000001,"Plurality","NoiseFlipRate",0.2735
"OppPrefs",7,51,0.15,"2/3",1.5849625007211563,2000,"{1, 2, 3}","Automatic",0.7000000000000001,"Plurality","CondorcetExistRate",0.541
"OppPrefs",7,51,0.15,"2/3",1.5849625007211563,2000,"{1, 2, 3}","Automatic",0.7000000000000001,"Plurality","CondorcetEfficiency",0.25970425138632164
"OppPrefs",7,51,0.15,"2/3",1.5849625007211563,2000,"{1, 2, 3}","Automatic",0.7000000000000001,"Plurality","MidScore",0.
"OppPrefs",7,51,0.15,"2/3",1.5849625007211563,2000,"{1, 2, 3}","Automatic",0.7000000000000001,"Plurality","Top1Acceptability",0.36482352941176455
"OppPrefs",7,51,0.15,"2/3",1.5849625007211563,2000,"{1, 2, 3}","Automatic",0.7000000000000001,"Plurality","Top2Acceptability",0.4400784313725487
"OppPrefs",7,51,0.15,"2/3",1.5849625007211563,2000,"{1, 2, 3}","Automatic",0.7000000000000001,"Plurality","Top3Acceptability",0.48577450980392145
"OppPrefs",7,51,0.15,"2/3",1.5849625007211563,2000,"{1, 2, 3}","Automatic",0.7000000000000001,"Coombs","NeverFirstRate",0.019
"OppPrefs",7,51,0.15,"2/3",1.5849625007211563,2000,"{1, 2, 3}","Automatic",0.7000000000000001,"Coombs","NoiseFlipRate",0.5665
"OppPrefs",7,51,0.15,"2/3",1.5849625007211563,2000,"{1, 2, 3}","Automatic",0.7000000000000001,"Coombs","CondorcetExistRate",0.541
"OppPrefs",7,51,0.15,"2/3",1.5849625007211563,2000,"{1, 2, 3}","Automatic",0.7000000000000001,"Coombs","CondorcetEfficiency",0.5462107208872459
"OppPrefs",7,51,0.15,"2/3",1.5849625007211563,2000,"{1, 2, 3}","Automatic",0.7000000000000001,"Coombs","MidScore",0.4734999999999999
"OppPrefs",7,51,0.15,"2/3",1.5849625007211563,2000,"{1, 2, 3}","Automatic",0.7000000000000001,"Coombs","Top1Acceptability",0.13790196078431358
"OppPrefs",7,51,0.15,"2/3",1.5849625007211563,2000,"{1, 2, 3}","Automatic",0.7000000000000001,"Coombs","Top2Acceptability",0.2918725490196075
"OppPrefs",7,51,0.15,"2/3",1.5849625007211563,2000,"{1, 2, 3}","Automatic",0.7000000000000001,"Coombs","Top3Acceptability",0.4550098039215685
"OppPrefs",7,51,0.15,"2/3",1.5849625007211563,2000,"{1, 2, 3}","Automatic",0.7000000000000001,"QR","NeverFirstRate",0.0815
"OppPrefs",7,51,0.15,"2/3",1.5849625007211563,2000,"{1, 2, 3}","Automatic",0.7000000000000001,"QR","NoiseFlipRate",0.2035
"OppPrefs",7,51,0.15,"2/3",1.5849625007211563,2000,"{1, 2, 3}","Automatic",0.7000000000000001,"QR","CondorcetExistRate",0.541
"OppPrefs",7,51,0.15,"2/3",1.5849625007211563,2000,"{1, 2, 3}","Automatic",0.7000000000000001,"QR","CondorcetEfficiency",0.1266173752310536
"OppPrefs",7,51,0.15,"2/3",1.5849625007211563,2000,"{1, 2, 3}","Automatic",0.7000000000000001,"QR","MidScore",0.9916666666666667
"OppPrefs",7,51,0.15,"2/3",1.5849625007211563,2000,"{1, 2, 3}","Automatic",0.7000000000000001,"QR","Top1Acceptability",0.044225490196078354
"OppPrefs",7,51,0.15,"2/3",1.5849625007211563,2000,"{1, 2, 3}","Automatic",0.7000000000000001,"QR","Top2Acceptability",0.10080392156862727
"OppPrefs",7,51,0.15,"2/3",1.5849625007211563,2000,"{1, 2, 3}","Automatic",0.7000000000000001,"QR","Top3Acceptability",0.23229411764705837
"OppPrefs",7,51,0.15,"2/3",1.5849625007211563,2000,"{1, 2, 3}","Automatic",0.7000000000000001,"SDM","NeverFirstRate",0.029
"OppPrefs",7,51,0.15,"2/3",1.5849625007211563,2000,"{1, 2, 3}","Automatic",0.7000000000000001,"SDM","NoiseFlipRate",0.2575
"OppPrefs",7,51,0.15,"2/3",1.5849625007211563,2000,"{1, 2, 3}","Automatic",0.7000000000000001,"SDM","CondorcetExistRate",0.541
"OppPrefs",7,51,0.15,"2/3",1.5849625007211563,2000,"{1, 2, 3}","Automatic",0.7000000000000001,"SDM","CondorcetEfficiency",0.4288354898336414
"OppPrefs",7,51,0.15,"2/3",1.5849625007211563,2000,"{1, 2, 3}","Automatic",0.7000000000000001,"SDM","MidScore",0.7731666666666671
"OppPrefs",7,51,0.15,"2/3",1.5849625007211563,2000,"{1, 2, 3}","Automatic",0.7000000000000001,"SDM","Top1Acceptability",0.062225490196078335
"OppPrefs",7,51,0.15,"2/3",1.5849625007211563,2000,"{1, 2, 3}","Automatic",0.7000000000000001,"SDM","Top2Acceptability",0.16754901960784285
"OppPrefs",7,51,0.15,"2/3",1.5849625007211563,2000,"{1, 2, 3}","Automatic",0.7000000000000001,"SDM","Top3Acceptability",0.39372549019607833
"OppPrefs",7,51,0.15,"2/3",1.5849625007211563,2000,"{1, 2, 3}","Automatic",0.7000000000000001,"Fallback","NeverFirstRate",0.034
"OppPrefs",7,51,0.15,"2/3",1.5849625007211563,2000,"{1, 2, 3}","Automatic",0.7000000000000001,"Fallback","NoiseFlipRate",0.766
"OppPrefs",7,51,0.15,"2/3",1.5849625007211563,2000,"{1, 2, 3}","Automatic",0.7000000000000001,"Fallback","CondorcetExistRate",0.541
"OppPrefs",7,51,0.15,"2/3",1.5849625007211563,2000,"{1, 2, 3}","Automatic",0.7000000000000001,"Fallback","CondorcetEfficiency",0.17837338262476896
"OppPrefs",7,51,0.15,"2/3",1.5849625007211563,2000,"{1, 2, 3}","Automatic",0.7000000000000001,"Fallback","MidScore",0.5019999999999999
"OppPrefs",7,51,0.15,"2/3",1.5849625007211563,2000,"{1, 2, 3}","Automatic",0.7000000000000001,"Fallback","Top1Acceptability",0.12372549019607836
"OppPrefs",7,51,0.15,"2/3",1.5849625007211563,2000,"{1, 2, 3}","Automatic",0.7000000000000001,"Fallback","Top2Acceptability",0.2569019607843133
"OppPrefs",7,51,0.15,"2/3",1.5849625007211563,2000,"{1, 2, 3}","Automatic",0.7000000000000001,"Fallback","Top3Acceptability",0.4205980392156861
"OppPrefs",7,51,0.15,"2/3",1.5849625007211563,2000,"{1, 2, 3}","Automatic",0.8,"Borda","NeverFirstRate",0.01
"OppPrefs",7,51,0.15,"2/3",1.5849625007211563,2000,"{1, 2, 3}","Automatic",0.8,"Borda","NoiseFlipRate",0.33
"OppPrefs",7,51,0.15,"2/3",1.5849625007211563,2000,"{1, 2, 3}","Automatic",0.8,"Borda","CondorcetExistRate",0.485
"OppPrefs",7,51,0.15,"2/3",1.5849625007211563,2000,"{1, 2, 3}","Automatic",0.8,"Borda","CondorcetEfficiency",0.8278350515463917
"OppPrefs",7,51,0.15,"2/3",1.5849625007211563,2000,"{1, 2, 3}","Automatic",0.8,"Borda","MidScore",0.43966666666666665
"OppPrefs",7,51,0.15,"2/3",1.5849625007211563,2000,"{1, 2, 3}","Automatic",0.8,"Borda","Top1Acceptability",0.16618627450980372
"OppPrefs",7,51,0.15,"2/3",1.5849625007211563,2000,"{1, 2, 3}","Automatic",0.8,"Borda","Top2Acceptability",0.3224705882352939
"OppPrefs",7,51,0.15,"2/3",1.5849625007211563,2000,"{1, 2, 3}","Automatic",0.8,"Borda","Top3Acceptability",0.47125490196078434
"OppPrefs",7,51,0.15,"2/3",1.5849625007211563,2000,"{1, 2, 3}","Automatic",0.8,"Plurality","NeverFirstRate",0.
"OppPrefs",7,51,0.15,"2/3",1.5849625007211563,2000,"{1, 2, 3}","Automatic",0.8,"Plurality","NoiseFlipRate",0.269
"OppPrefs",7,51,0.15,"2/3",1.5849625007211563,2000,"{1, 2, 3}","Automatic",0.8,"Plurality","CondorcetExistRate",0.485
"OppPrefs",7,51,0.15,"2/3",1.5849625007211563,2000,"{1, 2, 3}","Automatic",0.8,"Plurality","CondorcetEfficiency",0.30721649484536084
"OppPrefs",7,51,0.15,"2/3",1.5849625007211563,2000,"{1, 2, 3}","Automatic",0.8,"Plurality","MidScore",0.
"OppPrefs",7,51,0.15,"2/3",1.5849625007211563,2000,"{1, 2, 3}","Automatic",0.8,"Plurality","Top1Acceptability",0.3923431372549018
"OppPrefs",7,51,0.15,"2/3",1.5849625007211563,2000,"{1, 2, 3}","Automatic",0.8,"Plurality","Top2Acceptability",0.45936274509803887
"OppPrefs",7,51,0.15,"2/3",1.5849625007211563,2000,"{1, 2, 3}","Automatic",0.8,"Plurality","Top3Acceptability",0.4917156862745096
"OppPrefs",7,51,0.15,"2/3",1.5849625007211563,2000,"{1, 2, 3}","Automatic",0.8,"Coombs","NeverFirstRate",0.037
"OppPrefs",7,51,0.15,"2/3",1.5849625007211563,2000,"{1, 2, 3}","Automatic",0.8,"Coombs","NoiseFlipRate",0.5715
"OppPrefs",7,51,0.15,"2/3",1.5849625007211563,2000,"{1, 2, 3}","Automatic",0.8,"Coombs","CondorcetExistRate",0.485
"OppPrefs",7,51,0.15,"2/3",1.5849625007211563,2000,"{1, 2, 3}","Automatic",0.8,"Coombs","CondorcetEfficiency",0.554639175257732
"OppPrefs",7,51,0.15,"2/3",1.5849625007211563,2000,"{1, 2, 3}","Automatic",0.8,"Coombs","MidScore",0.4516666666666666
"OppPrefs",7,51,0.15,"2/3",1.5849625007211563,2000,"{1, 2, 3}","Automatic",0.8,"Coombs","Top1Acceptability",0.14805882352941166
"OppPrefs",7,51,0.15,"2/3",1.5849625007211563,2000,"{1, 2, 3}","Automatic",0.8,"Coombs","Top2Acceptability",0.2992058823529409
"OppPrefs",7,51,0.15,"2/3",1.5849625007211563,2000,"{1, 2, 3}","Automatic",0.8,"Coombs","Top3Acceptability",0.4532941176470588
"OppPrefs",7,51,0.15,"2/3",1.5849625007211563,2000,"{1, 2, 3}","Automatic",0.8,"QR","NeverFirstRate",0.179
"OppPrefs",7,51,0.15,"2/3",1.5849625007211563,2000,"{1, 2, 3}","Automatic",0.8,"QR","NoiseFlipRate",0.1445
"OppPrefs",7,51,0.15,"2/3",1.5849625007211563,2000,"{1, 2, 3}","Automatic",0.8,"QR","CondorcetExistRate",0.485
"OppPrefs",7,51,0.15,"2/3",1.5849625007211563,2000,"{1, 2, 3}","Automatic",0.8,"QR","CondorcetEfficiency",0.1134020618556701
"OppPrefs",7,51,0.15,"2/3",1.5849625007211563,2000,"{1, 2, 3}","Automatic",0.8,"QR","MidScore",0.9958333333333332
"OppPrefs",7,51,0.15,"2/3",1.5849625007211563,2000,"{1, 2, 3}","Automatic",0.8,"QR","Top1Acceptability",0.030980392156862706
"OppPrefs",7,51,0.15,"2/3",1.5849625007211563,2000,"{1, 2, 3}","Automatic",0.8,"QR","Top2Acceptability",0.07537254901960772
"OppPrefs",7,51,0.15,"2/3",1.5849625007211563,2000,"{1, 2, 3}","Automatic",0.8,"QR","Top3Acceptability",0.20606862745097998
"OppPrefs",7,51,0.15,"2/3",1.5849625007211563,2000,"{1, 2, 3}","Automatic",0.8,"SDM","NeverFirstRate",0.086
"OppPrefs",7,51,0.15,"2/3",1.5849625007211563,2000,"{1, 2, 3}","Automatic",0.8,"SDM","NoiseFlipRate",0.2315
"OppPrefs",7,51,0.15,"2/3",1.5849625007211563,2000,"{1, 2, 3}","Automatic",0.8,"SDM","CondorcetExistRate",0.485
"OppPrefs",7,51,0.15,"2/3",1.5849625007211563,2000,"{1, 2, 3}","Automatic",0.8,"SDM","CondorcetEfficiency",0.3670103092783505
"OppPrefs",7,51,0.15,"2/3",1.5849625007211563,2000,"{1, 2, 3}","Automatic",0.8,"SDM","MidScore",0.806833333333334
"OppPrefs",7,51,0.15,"2/3",1.5849625007211563,2000,"{1, 2, 3}","Automatic",0.8,"SDM","Top1Acceptability",0.04483333333333326
"OppPrefs",7,51,0.15,"2/3",1.5849625007211563,2000,"{1, 2, 3}","Automatic",0.8,"SDM","Top2Acceptability",0.12829411764705861
"OppPrefs",7,51,0.15,"2/3",1.5849625007211563,2000,"{1, 2, 3}","Automatic",0.8,"SDM","Top3Acceptability",0.3663137254901959
"OppPrefs",7,51,0.15,"2/3",1.5849625007211563,2000,"{1, 2, 3}","Automatic",0.8,"Fallback","NeverFirstRate",0.095
"OppPrefs",7,51,0.15,"2/3",1.5849625007211563,2000,"{1, 2, 3}","Automatic",0.8,"Fallback","NoiseFlipRate",0.6715
"OppPrefs",7,51,0.15,"2/3",1.5849625007211563,2000,"{1, 2, 3}","Automatic",0.8,"Fallback","CondorcetExistRate",0.485
"OppPrefs",7,51,0.15,"2/3",1.5849625007211563,2000,"{1, 2, 3}","Automatic",0.8,"Fallback","CondorcetEfficiency",0.21649484536082475
"OppPrefs",7,51,0.15,"2/3",1.5849625007211563,2000,"{1, 2, 3}","Automatic",0.8,"Fallback","MidScore",0.577
"OppPrefs",7,51,0.15,"2/3",1.5849625007211563,2000,"{1, 2, 3}","Automatic",0.8,"Fallback","Top1Acceptability",0.09778431372549012
"OppPrefs",7,51,0.15,"2/3",1.5849625007211563,2000,"{1, 2, 3}","Automatic",0.8,"Fallback","Top2Acceptability",0.21753921568627416
"OppPrefs",7,51,0.15,"2/3",1.5849625007211563,2000,"{1, 2, 3}","Automatic",0.8,"Fallback","Top3Acceptability",0.4020588235294116
"OppPrefs",7,51,0.15,"2/3",1.5849625007211563,2000,"{1, 2, 3}","Automatic",0.9,"Borda","NeverFirstRate",0.053
"OppPrefs",7,51,0.15,"2/3",1.5849625007211563,2000,"{1, 2, 3}","Automatic",0.9,"Borda","NoiseFlipRate",0.401
"OppPrefs",7,51,0.15,"2/3",1.5849625007211563,2000,"{1, 2, 3}","Automatic",0.9,"Borda","CondorcetExistRate",0.4395
"OppPrefs",7,51,0.15,"2/3",1.5849625007211563,2000,"{1, 2, 3}","Automatic",0.9,"Borda","CondorcetEfficiency",0.8350398179749715
"OppPrefs",7,51,0.15,"2/3",1.5849625007211563,2000,"{1, 2, 3}","Automatic",0.9,"Borda","MidScore",0.45916666666666656
"OppPrefs",7,51,0.15,"2/3",1.5849625007211563,2000,"{1, 2, 3}","Automatic",0.9,"Borda","Top1Acceptability",0.15064705882352927
"OppPrefs",7,51,0.15,"2/3",1.5849625007211563,2000,"{1, 2, 3}","Automatic",0.9,"Borda","Top2Acceptability",0.300833333333333
"OppPrefs",7,51,0.15,"2/3",1.5849625007211563,2000,"{1, 2, 3}","Automatic",0.9,"Borda","Top3Acceptability",0.459813725490196
"OppPrefs",7,51,0.15,"2/3",1.5849625007211563,2000,"{1, 2, 3}","Automatic",0.9,"Plurality","NeverFirstRate",0.
"OppPrefs",7,51,0.15,"2/3",1.5849625007211563,2000,"{1, 2, 3}","Automatic",0.9,"Plurality","NoiseFlipRate",0.319
"OppPrefs",7,51,0.15,"2/3",1.5849625007211563,2000,"{1, 2, 3}","Automatic",0.9,"Plurality","CondorcetExistRate",0.4395
"OppPrefs",7,51,0.15,"2/3",1.5849625007211563,2000,"{1, 2, 3}","Automatic",0.9,"Plurality","CondorcetEfficiency",0.2821387940841866
"OppPrefs",7,51,0.15,"2/3",1.5849625007211563,2000,"{1, 2, 3}","Automatic",0.9,"Plurality","MidScore",0.
"OppPrefs",7,51,0.15,"2/3",1.5849625007211563,2000,"{1, 2, 3}","Automatic",0.9,"Plurality","Top1Acceptability",0.4184019607843134
"OppPrefs",7,51,0.15,"2/3",1.5849625007211563,2000,"{1, 2, 3}","Automatic",0.9,"Plurality","Top2Acceptability",0.47438235294117614
"OppPrefs",7,51,0.15,"2/3",1.5849625007211563,2000,"{1, 2, 3}","Automatic",0.9,"Plurality","Top3Acceptability",0.4952156862745096
"OppPrefs",7,51,0.15,"2/3",1.5849625007211563,2000,"{1, 2, 3}","Automatic",0.9,"Coombs","NeverFirstRate",0.104
"OppPrefs",7,51,0.15,"2/3",1.5849625007211563,2000,"{1, 2, 3}","Automatic",0.9,"Coombs","NoiseFlipRate",0.614
"OppPrefs",7,51,0.15,"2/3",1.5849625007211563,2000,"{1, 2, 3}","Automatic",0.9,"Coombs","CondorcetExistRate",0.4395
"OppPrefs",7,51,0.15,"2/3",1.5849625007211563,2000,"{1, 2, 3}","Automatic",0.9,"Coombs","CondorcetEfficiency",0.46075085324232085
"OppPrefs",7,51,0.15,"2/3",1.5849625007211563,2000,"{1, 2, 3}","Automatic",0.9,"Coombs","MidScore",0.4551666666666666
"OppPrefs",7,51,0.15,"2/3",1.5849625007211563,2000,"{1, 2, 3}","Automatic",0.9,"Coombs","Top1Acceptability",0.1420294117647058
"OppPrefs",7,51,0.15,"2/3",1.5849625007211563,2000,"{1, 2, 3}","Automatic",0.9,"Coombs","Top2Acceptability",0.28633333333333305
"OppPrefs",7,51,0.15,"2/3",1.5849625007211563,2000,"{1, 2, 3}","Automatic",0.9,"Coombs","Top3Acceptability",0.4428333333333332
"OppPrefs",7,51,0.15,"2/3",1.5849625007211563,2000,"{1, 2, 3}","Automatic",0.9,"QR","NeverFirstRate",0.4065
"OppPrefs",7,51,0.15,"2/3",1.5849625007211563,2000,"{1, 2, 3}","Automatic",0.9,"QR","NoiseFlipRate",0.106
"OppPrefs",7,51,0.15,"2/3",1.5849625007211563,2000,"{1, 2, 3}","Automatic",0.9,"QR","CondorcetExistRate",0.4395
"OppPrefs",7,51,0.15,"2/3",1.5849625007211563,2000,"{1, 2, 3}","Automatic",0.9,"QR","CondorcetEfficiency",0.13993174061433447
"OppPrefs",7,51,0.15,"2/3",1.5849625007211563,2000,"{1, 2, 3}","Automatic",0.9,"QR","MidScore",0.9988333333333334
"OppPrefs",7,51,0.15,"2/3",1.5849625007211563,2000,"{1, 2, 3}","Automatic",0.9,"QR","Top1Acceptability",0.016450980392156856
"OppPrefs",7,51,0.15,"2/3",1.5849625007211563,2000,"{1, 2, 3}","Automatic",0.9,"QR","Top2Acceptability",0.04799999999999993
"OppPrefs",7,51,0.15,"2/3",1.5849625007211563,2000,"{1, 2, 3}","Automatic",0.9,"QR","Top3Acceptability",0.17742156862745065
"OppPrefs",7,51,0.15,"2/3",1.5849625007211563,2000,"{1, 2, 3}","Automatic",0.9,"SDM","NeverFirstRate",0.246
"OppPrefs",7,51,0.15,"2/3",1.5849625007211563,2000,"{1, 2, 3}","Automatic",0.9,"SDM","NoiseFlipRate",0.249
"OppPrefs",7,51,0.15,"2/3",1.5849625007211563,2000,"{1, 2, 3}","Automatic",0.9,"SDM","CondorcetExistRate",0.4395
"OppPrefs",7,51,0.15,"2/3",1.5849625007211563,2000,"{1, 2, 3}","Automatic",0.9,"SDM","CondorcetEfficiency",0.3799772468714448
"OppPrefs",7,51,0.15,"2/3",1.5849625007211563,2000,"{1, 2, 3}","Automatic",0.9,"SDM","MidScore",0.8410000000000005
"OppPrefs",7,51,0.15,"2/3",1.5849625007211563,2000,"{1, 2, 3}","Automatic",0.9,"SDM","Top1Acceptability",0.025254901960784285
"OppPrefs",7,51,0.15,"2/3",1.5849625007211563,2000,"{1, 2, 3}","Automatic",0.9,"SDM","Top2Acceptability",0.08741176470588222
"OppPrefs",7,51,0.15,"2/3",1.5849625007211563,2000,"{1, 2, 3}","Automatic",0.9,"SDM","Top3Acceptability",0.32781372549019583
"OppPrefs",7,51,0.15,"2/3",1.5849625007211563,2000,"{1, 2, 3}","Automatic",0.9,"Fallback","NeverFirstRate",0.2665
"OppPrefs",7,51,0.15,"2/3",1.5849625007211563,2000,"{1, 2, 3}","Automatic",0.9,"Fallback","NoiseFlipRate",0.5405
"OppPrefs",7,51,0.15,"2/3",1.5849625007211563,2000,"{1, 2, 3}","Automatic",0.9,"Fallback","CondorcetExistRate",0.4395
"OppPrefs",7,51,0.15,"2/3",1.5849625007211563,2000,"{1, 2, 3}","Automatic",0.9,"Fallback","CondorcetEfficiency",0.23777019340159272
"OppPrefs",7,51,0.15,"2/3",1.5849625007211563,2000,"{1, 2, 3}","Automatic",0.9,"Fallback","MidScore",0.7026666666666669
"OppPrefs",7,51,0.15,"2/3",1.5849625007211563,2000,"{1, 2, 3}","Automatic",0.9,"Fallback","Top1Acceptability",0.05279411764705878
"OppPrefs",7,51,0.15,"2/3",1.5849625007211563,2000,"{1, 2, 3}","Automatic",0.9,"Fallback","Top2Acceptability",0.13949019607843124
"OppPrefs",7,51,0.15,"2/3",1.5849625007211563,2000,"{1, 2, 3}","Automatic",0.9,"Fallback","Top3Acceptability",0.35967647058823504
"OppPrefs",7,51,0.15,"2/3",1.5849625007211563,2000,"{1, 2, 3}","Automatic",1.,"Borda","NeverFirstRate",0.232
"OppPrefs",7,51,0.15,"2/3",1.5849625007211563,2000,"{1, 2, 3}","Automatic",1.,"Borda","NoiseFlipRate",0.466
"OppPrefs",7,51,0.15,"2/3",1.5849625007211563,2000,"{1, 2, 3}","Automatic",1.,"Borda","CondorcetExistRate",0.6125
"OppPrefs",7,51,0.15,"2/3",1.5849625007211563,2000,"{1, 2, 3}","Automatic",1.,"Borda","CondorcetEfficiency",0.6938775510204082
"OppPrefs",7,51,0.15,"2/3",1.5849625007211563,2000,"{1, 2, 3}","Automatic",1.,"Borda","MidScore",0.44266666666666665
"OppPrefs",7,51,0.15,"2/3",1.5849625007211563,2000,"{1, 2, 3}","Automatic",1.,"Borda","Top1Acceptability",0.15305882352941164
"OppPrefs",7,51,0.15,"2/3",1.5849625007211563,2000,"{1, 2, 3}","Automatic",1.,"Borda","Top2Acceptability",0.3043529411764703
"OppPrefs",7,51,0.15,"2/3",1.5849625007211563,2000,"{1, 2, 3}","Automatic",1.,"Borda","Top3Acceptability",0.4499509803921565
"OppPrefs",7,51,0.15,"2/3",1.5849625007211563,2000,"{1, 2, 3}","Automatic",1.,"Plurality","NeverFirstRate",0.
"OppPrefs",7,51,0.15,"2/3",1.5849625007211563,2000,"{1, 2, 3}","Automatic",1.,"Plurality","NoiseFlipRate",0.305
"OppPrefs",7,51,0.15,"2/3",1.5849625007211563,2000,"{1, 2, 3}","Automatic",1.,"Plurality","CondorcetExistRate",0.6125
"OppPrefs",7,51,0.15,"2/3",1.5849625007211563,2000,"{1, 2, 3}","Automatic",1.,"Plurality","CondorcetEfficiency",0.46122448979591835
"OppPrefs",7,51,0.15,"2/3",1.5849625007211563,2000,"{1, 2, 3}","Automatic",1.,"Plurality","MidScore",0.
"OppPrefs",7,51,0.15,"2/3",1.5849625007211563,2000,"{1, 2, 3}","Automatic",1.,"Plurality","Top1Acceptability",0.44534313725490177
"OppPrefs",7,51,0.15,"2/3",1.5849625007211563,2000,"{1, 2, 3}","Automatic",1.,"Plurality","Top2Acceptability",0.49367647058823494
"OppPrefs",7,51,0.15,"2/3",1.5849625007211563,2000,"{1, 2, 3}","Automatic",1.,"Plurality","Top3Acceptability",0.5019901960784309
"OppPrefs",7,51,0.15,"2/3",1.5849625007211563,2000,"{1, 2, 3}","Automatic",1.,"Coombs","NeverFirstRate",0.268
"OppPrefs",7,51,0.15,"2/3",1.5849625007211563,2000,"{1, 2, 3}","Automatic",1.,"Coombs","NoiseFlipRate",0.61
"OppPrefs",7,51,0.15,"2/3",1.5849625007211563,2000,"{1, 2, 3}","Automatic",1.,"Coombs","CondorcetExistRate",0.6125
"OppPrefs",7,51,0.15,"2/3",1.5849625007211563,2000,"{1, 2, 3}","Automatic",1.,"Coombs","CondorcetEfficiency",0.516734693877551
"OppPrefs",7,51,0.15,"2/3",1.5849625007211563,2000,"{1, 2, 3}","Automatic",1.,"Coombs","MidScore",0.4238333333333333
"OppPrefs",7,51,0.15,"2/3",1.5849625007211563,2000,"{1, 2, 3}","Automatic",1.,"Coombs","Top1Acceptability",0.1540784313725489
"OppPrefs",7,51,0.15,"2/3",1.5849625007211563,2000,"{1, 2, 3}","Automatic",1.,"Coombs","Top2Acceptability",0.30294117647058794
"OppPrefs",7,51,0.15,"2/3",1.5849625007211563,2000,"{1, 2, 3}","Automatic",1.,"Coombs","Top3Acceptability",0.44643137254901927
"OppPrefs",7,51,0.15,"2/3",1.5849625007211563,2000,"{1, 2, 3}","Automatic",1.,"QR","NeverFirstRate",0.8725
"OppPrefs",7,51,0.15,"2/3",1.5849625007211563,2000,"{1, 2, 3}","Automatic",1.,"QR","NoiseFlipRate",0.0745
"OppPrefs",7,51,0.15,"2/3",1.5849625007211563,2000,"{1, 2, 3}","Automatic",1.,"QR","CondorcetExistRate",0.6125
"OppPrefs",7,51,0.15,"2/3",1.5849625007211563,2000,"{1, 2, 3}","Automatic",1.,"QR","CondorcetEfficiency",0.031020408163265307
"OppPrefs",7,51,0.15,"2/3",1.5849625007211563,2000,"{1, 2, 3}","Automatic",1.,"QR","MidScore",0.9998333333333332
"OppPrefs",7,51,0.15,"2/3",1.5849625007211563,2000,"{1, 2, 3}","Automatic",1.,"QR","Top1Acceptability",0.0026568627450980387
"OppPrefs",7,51,0.15,"2/3",1.5849625007211563,2000,"{1, 2, 3}","Automatic",1.,"QR","Top2Acceptability",0.022598039215686254
"OppPrefs",7,51,0.15,"2/3",1.5849625007211563,2000,"{1, 2, 3}","Automatic",1.,"QR","Top3Acceptability",0.14650980392156837
"OppPrefs",7,51,0.15,"2/3",1.5849625007211563,2000,"{1, 2, 3}","Automatic",1.,"SDM","NeverFirstRate",0.7325
"OppPrefs",7,51,0.15,"2/3",1.5849625007211563,2000,"{1, 2, 3}","Automatic",1.,"SDM","NoiseFlipRate",0.282
"OppPrefs",7,51,0.15,"2/3",1.5849625007211563,2000,"{1, 2, 3}","Automatic",1.,"SDM","CondorcetExistRate",0.6125
"OppPrefs",7,51,0.15,"2/3",1.5849625007211563,2000,"{1, 2, 3}","Automatic",1.,"SDM","CondorcetEfficiency",0.12244897959183673
"OppPrefs",7,51,0.15,"2/3",1.5849625007211563,2000,"{1, 2, 3}","Automatic",1.,"SDM","MidScore",0.8726666666666671
"OppPrefs",7,51,0.15,"2/3",1.5849625007211563,2000,"{1, 2, 3}","Automatic",1.,"SDM","Top1Acceptability",0.006598039215686276
"OppPrefs",7,51,0.15,"2/3",1.5849625007211563,2000,"{1, 2, 3}","Automatic",1.,"SDM","Top2Acceptability",0.050098039215686216
"OppPrefs",7,51,0.15,"2/3",1.5849625007211563,2000,"{1, 2, 3}","Automatic",1.,"SDM","Top3Acceptability",0.28106862745098
"OppPrefs",7,51,0.15,"2/3",1.5849625007211563,2000,"{1, 2, 3}","Automatic",1.,"Fallback","NeverFirstRate",0.738
"OppPrefs",7,51,0.15,"2/3",1.5849625007211563,2000,"{1, 2, 3}","Automatic",1.,"Fallback","NoiseFlipRate",0.466
"OppPrefs",7,51,0.15,"2/3",1.5849625007211563,2000,"{1, 2, 3}","Automatic",1.,"Fallback","CondorcetExistRate",0.6125
"OppPrefs",7,51,0.15,"2/3",1.5849625007211563,2000,"{1, 2, 3}","Automatic",1.,"Fallback","CondorcetEfficiency",0.07265306122448979
"OppPrefs",7,51,0.15,"2/3",1.5849625007211563,2000,"{1, 2, 3}","Automatic",1.,"Fallback","MidScore",0.8425000000000005
"OppPrefs",7,51,0.15,"2/3",1.5849625007211563,2000,"{1, 2, 3}","Automatic",1.,"Fallback","Top1Acceptability",0.009107843137254903
"OppPrefs",7,51,0.15,"2/3",1.5849625007211563,2000,"{1, 2, 3}","Automatic",1.,"Fallback","Top2Acceptability",0.05503921568627444
"OppPrefs",7,51,0.15,"2/3",1.5849625007211563,2000,"{1, 2, 3}","Automatic",1.,"Fallback","Top3Acceptability",0.27788235294117614
"OppPrefs",10,51,0.15,"2/3",1.5849625007211563,2000,"{1, 2, 3}","Automatic",0.,"Borda","NeverFirstRate",0.001
"OppPrefs",10,51,0.15,"2/3",1.5849625007211563,2000,"{1, 2, 3}","Automatic",0.,"Borda","NoiseFlipRate",0.1355
"OppPrefs",10,51,0.15,"2/3",1.5849625007211563,2000,"{1, 2, 3}","Automatic",0.,"Borda","CondorcetExistRate",0.5305
"OppPrefs",10,51,0.15,"2/3",1.5849625007211563,2000,"{1, 2, 3}","Automatic",0.,"Borda","CondorcetEfficiency",0.8331762488218661
"OppPrefs",10,51,0.15,"2/3",1.5849625007211563,2000,"{1, 2, 3}","Automatic",0.,"Borda","MidScore",0.4431111111111104
"OppPrefs",10,51,0.15,"2/3",1.5849625007211563,2000,"{1, 2, 3}","Automatic",0.,"Borda","Top1Acceptability",0.14001960784313702
"OppPrefs",10,51,0.15,"2/3",1.5849625007211563,2000,"{1, 2, 3}","Automatic",0.,"Borda","Top2Acceptability",0.26758823529411724
"OppPrefs",10,51,0.15,"2/3",1.5849625007211563,2000,"{1, 2, 3}","Automatic",0.,"Borda","Top3Acceptability",0.3869019607843135
"OppPrefs",10,51,0.15,"2/3",1.5849625007211563,2000,"{1, 2, 3}","Automatic",0.,"Plurality","NeverFirstRate",0.
"OppPrefs",10,51,0.15,"2/3",1.5849625007211563,2000,"{1, 2, 3}","Automatic",0.,"Plurality","NoiseFlipRate",0.395
"OppPrefs",10,51,0.15,"2/3",1.5849625007211563,2000,"{1, 2, 3}","Automatic",0.,"Plurality","CondorcetExistRate",0.5305
"OppPrefs",10,51,0.15,"2/3",1.5849625007211563,2000,"{1, 2, 3}","Automatic",0.,"Plurality","CondorcetEfficiency",0.40810556079170596
"OppPrefs",10,51,0.15,"2/3",1.5849625007211563,2000,"{1, 2, 3}","Automatic",0.,"Plurality","MidScore",0.438666666666666
"OppPrefs",10,51,0.15,"2/3",1.5849625007211563,2000,"{1, 2, 3}","Automatic",0.,"Plurality","Top1Acceptability",0.17267647058823496
"OppPrefs",10,51,0.15,"2/3",1.5849625007211563,2000,"{1, 2, 3}","Automatic",0.,"Plurality","Top2Acceptability",0.2636176470588231
"OppPrefs",10,51,0.15,"2/3",1.5849625007211563,2000,"{1, 2, 3}","Automatic",0.,"Plurality","Top3Acceptability",0.3571372549019605
"OppPrefs",10,51,0.15,"2/3",1.5849625007211563,2000,"{1, 2, 3}","Automatic",0.,"Coombs","NeverFirstRate",0.0005
"OppPrefs",10,51,0.15,"2/3",1.5849625007211563,2000,"{1, 2, 3}","Automatic",0.,"Coombs","NoiseFlipRate",0.331
"OppPrefs",10,51,0.15,"2/3",1.5849625007211563,2000,"{1, 2, 3}","Automatic",0.,"Coombs","CondorcetExistRate",0.5305
"OppPrefs",10,51,0.15,"2/3",1.5849625007211563,2000,"{1, 2, 3}","Automatic",0.,"Coombs","CondorcetEfficiency",0.8133836003770029
"OppPrefs",10,51,0.15,"2/3",1.5849625007211563,2000,"{1, 2, 3}","Automatic",0.,"Coombs","MidScore",0.44099999999999934
"OppPrefs",10,51,0.15,"2/3",1.5849625007211563,2000,"{1, 2, 3}","Automatic",0.,"Coombs","Top1Acceptability",0.12879411764705861
"OppPrefs",10,51,0.15,"2/3",1.5849625007211563,2000,"{1, 2, 3}","Automatic",0.,"Coombs","Top2Acceptability",0.2509117647058819
"OppPrefs",10,51,0.15,"2/3",1.5849625007211563,2000,"{1, 2, 3}","Automatic",0.,"Coombs","Top3Acceptability",0.3682156862745097
"OppPrefs",10,51,0.15,"2/3",1.5849625007211563,2000,"{1, 2, 3}","Automatic",0.,"QR","NeverFirstRate",0.0025
"OppPrefs",10,51,0.15,"2/3",1.5849625007211563,2000,"{1, 2, 3}","Automatic",0.,"QR","NoiseFlipRate",0.261
"OppPrefs",10,51,0.15,"2/3",1.5849625007211563,2000,"{1, 2, 3}","Automatic",0.,"QR","CondorcetExistRate",0.5305
"OppPrefs",10,51,0.15,"2/3",1.5849625007211563,2000,"{1, 2, 3}","Automatic",0.,"QR","CondorcetEfficiency",0.6088595664467483
"OppPrefs",10,51,0.15,"2/3",1.5849625007211563,2000,"{1, 2, 3}","Automatic",0.,"QR","MidScore",0.44644444444444376
"OppPrefs",10,51,0.15,"2/3",1.5849625007211563,2000,"{1, 2, 3}","Automatic",0.,"QR","Top1Acceptability",0.11888235294117626
"OppPrefs",10,51,0.15,"2/3",1.5849625007211563,2000,"{1, 2, 3}","Automatic",0.,"QR","Top2Acceptability",0.23718627450980348
"OppPrefs",10,51,0.15,"2/3",1.5849625007211563,2000,"{1, 2, 3}","Automatic",0.,"QR","Top3Acceptability",0.35658823529411743
"OppPrefs",10,51,0.15,"2/3",1.5849625007211563,2000,"{1, 2, 3}","Automatic",0.,"SDM","NeverFirstRate",0.0015
"OppPrefs",10,51,0.15,"2/3",1.5849625007211563,2000,"{1, 2, 3}","Automatic",0.,"SDM","NoiseFlipRate",0.1345
"OppPrefs",10,51,0.15,"2/3",1.5849625007211563,2000,"{1, 2, 3}","Automatic",0.,"SDM","CondorcetExistRate",0.5305
"OppPrefs",10,51,0.15,"2/3",1.5849625007211563,2000,"{1, 2, 3}","Automatic",0.,"SDM","CondorcetEfficiency",0.7841658812441094
"OppPrefs",10,51,0.15,"2/3",1.5849625007211563,2000,"{1, 2, 3}","Automatic",0.,"SDM","MidScore",0.4432222222222216
"OppPrefs",10,51,0.15,"2/3",1.5849625007211563,2000,"{1, 2, 3}","Automatic",0.,"SDM","Top1Acceptability",0.12950980392156838
"OppPrefs",10,51,0.15,"2/3",1.5849625007211563,2000,"{1, 2, 3}","Automatic",0.,"SDM","Top2Acceptability",0.255725490196078
"OppPrefs",10,51,0.15,"2/3",1.5849625007211563,2000,"{1, 2, 3}","Automatic",0.,"SDM","Top3Acceptability",0.3777549019607841
"OppPrefs",10,51,0.15,"2/3",1.5849625007211563,2000,"{1, 2, 3}","Automatic",0.,"Fallback","NeverFirstRate",0.0045
"OppPrefs",10,51,0.15,"2/3",1.5849625007211563,2000,"{1, 2, 3}","Automatic",0.,"Fallback","NoiseFlipRate",0.8915
"OppPrefs",10,51,0.15,"2/3",1.5849625007211563,2000,"{1, 2, 3}","Automatic",0.,"Fallback","CondorcetExistRate",0.5305
"OppPrefs",10,51,0.15,"2/3",1.5849625007211563,2000,"{1, 2, 3}","Automatic",0.,"Fallback","CondorcetEfficiency",0.1234684260131951
"OppPrefs",10,51,0.15,"2/3",1.5849625007211563,2000,"{1, 2, 3}","Automatic",0.,"Fallback","MidScore",0.4488888888888882
"OppPrefs",10,51,0.15,"2/3",1.5849625007211563,2000,"{1, 2, 3}","Automatic",0.,"Fallback","Top1Acceptability",0.0997745098039214
"OppPrefs",10,51,0.15,"2/3",1.5849625007211563,2000,"{1, 2, 3}","Automatic",0.,"Fallback","Top2Acceptability",0.20215686274509767
"OppPrefs",10,51,0.15,"2/3",1.5849625007211563,2000,"{1, 2, 3}","Automatic",0.,"Fallback","Top3Acceptability",0.3029803921568624
"OppPrefs",10,51,0.15,"2/3",1.5849625007211563,2000,"{1, 2, 3}","Automatic",0.1,"Borda","NeverFirstRate",0.
"OppPrefs",10,51,0.15,"2/3",1.5849625007211563,2000,"{1, 2, 3}","Automatic",0.1,"Borda","NoiseFlipRate",0.1265
"OppPrefs",10,51,0.15,"2/3",1.5849625007211563,2000,"{1, 2, 3}","Automatic",0.1,"Borda","CondorcetExistRate",0.5305
"OppPrefs",10,51,0.15,"2/3",1.5849625007211563,2000,"{1, 2, 3}","Automatic",0.1,"Borda","CondorcetEfficiency",0.8312912346842601
"OppPrefs",10,51,0.15,"2/3",1.5849625007211563,2000,"{1, 2, 3}","Automatic",0.1,"Borda","MidScore",0.4434444444444437
"OppPrefs",10,51,0.15,"2/3",1.5849625007211563,2000,"{1, 2, 3}","Automatic",0.1,"Borda","Top1Acceptability",0.13624509803921545
"OppPrefs",10,51,0.15,"2/3",1.5849625007211563,2000,"{1, 2, 3}","Automatic",0.1,"Borda","Top2Acceptability",0.26154901960784277
"OppPrefs",10,51,0.15,"2/3",1.5849625007211563,2000,"{1, 2, 3}","Automatic",0.1,"Borda","Top3Acceptability",0.3818333333333331
"OppPrefs",10,51,0.15,"2/3",1.5849625007211563,2000,"{1, 2, 3}","Automatic",0.1,"Plurality","NeverFirstRate",0.
"OppPrefs",10,51,0.15,"2/3",1.5849625007211563,2000,"{1, 2, 3}","Automatic",0.1,"Plurality","NoiseFlipRate",0.3635
"OppPrefs",10,51,0.15,"2/3",1.5849625007211563,2000,"{1, 2, 3}","Automatic",0.1,"Plurality","CondorcetExistRate",0.5305
"OppPrefs",10,51,0.15,"2/3",1.5849625007211563,2000,"{1, 2, 3}","Automatic",0.1,"Plurality","CondorcetEfficiency",0.3393025447690858
"OppPrefs",10,51,0.15,"2/3",1.5849625007211563,2000,"{1, 2, 3}","Automatic",0.1,"Plurality","MidScore",0.27922222222222204
"OppPrefs",10,51,0.15,"2/3",1.5849625007211563,2000,"{1, 2, 3}","Automatic",0.1,"Plurality","Top1Acceptability",0.17475490196078397
"OppPrefs",10,51,0.15,"2/3",1.5849625007211563,2000,"{1, 2, 3}","Automatic",0.1,"Plurality","Top2Acceptability",0.26571568627450937
"OppPrefs",10,51,0.15,"2/3",1.5849625007211563,2000,"{1, 2, 3}","Automatic",0.1,"Plurality","Top3Acceptability",0.3563039215686273
"OppPrefs",10,51,0.15,"2/3",1.5849625007211563,2000,"{1, 2, 3}","Automatic",0.1,"Coombs","NeverFirstRate",0.001
"OppPrefs",10,51,0.15,"2/3",1.5849625007211563,2000,"{1, 2, 3}","Automatic",0.1,"Coombs","NoiseFlipRate",0.366
"OppPrefs",10,51,0.15,"2/3",1.5849625007211563,2000,"{1, 2, 3}","Automatic",0.1,"Coombs","CondorcetExistRate",0.5305
"OppPrefs",10,51,0.15,"2/3",1.5849625007211563,2000,"{1, 2, 3}","Automatic",0.1,"Coombs","CondorcetEfficiency",0.7408105560791706
"OppPrefs",10,51,0.15,"2/3",1.5849625007211563,2000,"{1, 2, 3}","Automatic",0.1,"Coombs","MidScore",0.4959999999999991
"OppPrefs",10,51,0.15,"2/3",1.5849625007211563,2000,"{1, 2, 3}","Automatic",0.1,"Coombs","Top1Acceptability",0.12369607843137234
"OppPrefs",10,51,0.15,"2/3",1.5849625007211563,2000,"{1, 2, 3}","Automatic",0.1,"Coombs","Top2Acceptability",0.24073529411764663
"OppPrefs",10,51,0.15,"2/3",1.5849625007211563,2000,"{1, 2, 3}","Automatic",0.1,"Coombs","Top3Acceptability",0.35804901960784286
"OppPrefs",10,51,0.15,"2/3",1.5849625007211563,2000,"{1, 2, 3}","Automatic",0.1,"QR","NeverFirstRate",0.0035
"OppPrefs",10,51,0.15,"2/3",1.5849625007211563,2000,"{1, 2, 3}","Automatic",0.1,"QR","NoiseFlipRate",0.25
"OppPrefs",10,51,0.15,"2/3",1.5849625007211563,2000,"{1, 2, 3}","Automatic",0.1,"QR","CondorcetExistRate",0.5305
"OppPrefs",10,51,0.15,"2/3",1.5849625007211563,2000,"{1, 2, 3}","Automatic",0.1,"QR","CondorcetEfficiency",0.5749293119698398
"OppPrefs",10,51,0.15,"2/3",1.5849625007211563,2000,"{1, 2, 3}","Automatic",0.1,"QR","MidScore",0.5584444444444436
"OppPrefs",10,51,0.15,"2/3",1.5849625007211563,2000,"{1, 2, 3}","Automatic",0.1,"QR","Top1Acceptability",0.11336274509803902
"OppPrefs",10,51,0.15,"2/3",1.5849625007211563,2000,"{1, 2, 3}","Automatic",0.1,"QR","Top2Acceptability",0.2271568627450976
"OppPrefs",10,51,0.15,"2/3",1.5849625007211563,2000,"{1, 2, 3}","Automatic",0.1,"QR","Top3Acceptability",0.34347058823529386
"OppPrefs",10,51,0.15,"2/3",1.5849625007211563,2000,"{1, 2, 3}","Automatic",0.1,"SDM","NeverFirstRate",0.0005
"OppPrefs",10,51,0.15,"2/3",1.5849625007211563,2000,"{1, 2, 3}","Automatic",0.1,"SDM","NoiseFlipRate",0.1235
"OppPrefs",10,51,0.15,"2/3",1.5849625007211563,2000,"{1, 2, 3}","Automatic",0.1,"SDM","CondorcetExistRate",0.5305
"OppPrefs",10,51,0.15,"2/3",1.5849625007211563,2000,"{1, 2, 3}","Automatic",0.1,"SDM","CondorcetEfficiency",0.7766258246936852
"OppPrefs",10,51,0.15,"2/3",1.5849625007211563,2000,"{1, 2, 3}","Automatic",0.1,"SDM","MidScore",0.5002222222222213
"OppPrefs",10,51,0.15,"2/3",1.5849625007211563,2000,"{1, 2, 3}","Automatic",0.1,"SDM","Top1Acceptability",0.1256176470588233
"OppPrefs",10,51,0.15,"2/3",1.5849625007211563,2000,"{1, 2, 3}","Automatic",0.1,"SDM","Top2Acceptability",0.24833333333333285
"OppPrefs",10,51,0.15,"2/3",1.5849625007211563,2000,"{1, 2, 3}","Automatic",0.1,"SDM","Top3Acceptability",0.3694509803921566
"OppPrefs",10,51,0.15,"2/3",1.5849625007211563,2000,"{1, 2, 3}","Automatic",0.1,"Fallback","NeverFirstRate",0.0045
"OppPrefs",10,51,0.15,"2/3",1.5849625007211563,2000,"{1, 2, 3}","Automatic",0.1,"Fallback","NoiseFlipRate",0.8865
"OppPrefs",10,51,0.15,"2/3",1.5849625007211563,2000,"{1, 2, 3}","Automatic",0.1,"Fallback","CondorcetExistRate",0.5305
"OppPrefs",10,51,0.15,"2/3",1.5849625007211563,2000,"{1, 2, 3}","Automatic",0.1,"Fallback","CondorcetEfficiency",0.12252591894439209
"OppPrefs",10,51,0.15,"2/3",1.5849625007211563,2000,"{1, 2, 3}","Automatic",0.1,"Fallback","MidScore",0.4588888888888881
"OppPrefs",10,51,0.15,"2/3",1.5849625007211563,2000,"{1, 2, 3}","Automatic",0.1,"Fallback","Top1Acceptability",0.09949999999999982
"OppPrefs",10,51,0.15,"2/3",1.5849625007211563,2000,"{1, 2, 3}","Automatic",0.1,"Fallback","Top2Acceptability",0.1991666666666663
"OppPrefs",10,51,0.15,"2/3",1.5849625007211563,2000,"{1, 2, 3}","Automatic",0.1,"Fallback","Top3Acceptability",0.30049999999999966
"OppPrefs",10,51,0.15,"2/3",1.5849625007211563,2000,"{1, 2, 3}","Automatic",0.2,"Borda","NeverFirstRate",0.
"OppPrefs",10,51,0.15,"2/3",1.5849625007211563,2000,"{1, 2, 3}","Automatic",0.2,"Borda","NoiseFlipRate",0.146
"OppPrefs",10,51,0.15,"2/3",1.5849625007211563,2000,"{1, 2, 3}","Automatic",0.2,"Borda","CondorcetExistRate",0.517
"OppPrefs",10,51,0.15,"2/3",1.5849625007211563,2000,"{1, 2, 3}","Automatic",0.2,"Borda","CondorcetEfficiency",0.8346228239845261
"OppPrefs",10,51,0.15,"2/3",1.5849625007211563,2000,"{1, 2, 3}","Automatic",0.2,"Borda","MidScore",0.44466666666666593
"OppPrefs",10,51,0.15,"2/3",1.5849625007211563,2000,"{1, 2, 3}","Automatic",0.2,"Borda","Top1Acceptability",0.13456862745098017
"OppPrefs",10,51,0.15,"2/3",1.5849625007211563,2000,"{1, 2, 3}","Automatic",0.2,"Borda","Top2Acceptability",0.260225490196078
"OppPrefs",10,51,0.15,"2/3",1.5849625007211563,2000,"{1, 2, 3}","Automatic",0.2,"Borda","Top3Acceptability",0.3791274509803919
"OppPrefs",10,51,0.15,"2/3",1.5849625007211563,2000,"{1, 2, 3}","Automatic",0.2,"Plurality","NeverFirstRate",0.
"OppPrefs",10,51,0.15,"2/3",1.5849625007211563,2000,"{1, 2, 3}","Automatic",0.2,"Plurality","NoiseFlipRate",0.323
"OppPrefs",10,51,0.15,"2/3",1.5849625007211563,2000,"{1, 2, 3}","Automatic",0.2,"Plurality","CondorcetExistRate",0.517
"OppPrefs",10,51,0.15,"2/3",1.5849625007211563,2000,"{1, 2, 3}","Automatic",0.2,"Plurality","CondorcetEfficiency",0.2611218568665377
"OppPrefs",10,51,0.15,"2/3",1.5849625007211563,2000,"{1, 2, 3}","Automatic",0.2,"Plurality","MidScore",0.098
"OppPrefs",10,51,0.15,"2/3",1.5849625007211563,2000,"{1, 2, 3}","Automatic",0.2,"Plurality","Top1Acceptability",0.1936078431372545
"OppPrefs",10,51,0.15,"2/3",1.5849625007211563,2000,"{1, 2, 3}","Automatic",0.2,"Plurality","Top2Acceptability",0.28153921568627416
"OppPrefs",10,51,0.15,"2/3",1.5849625007211563,2000,"{1, 2, 3}","Automatic",0.2,"Plurality","Top3Acceptability",0.3621960784313723
"OppPrefs",10,51,0.15,"2/3",1.5849625007211563,2000,"{1, 2, 3}","Automatic",0.2,"Coombs","NeverFirstRate",0.001
"OppPrefs",10,51,0.15,"2/3",1.5849625007211563,2000,"{1, 2, 3}","Automatic",0.2,"Coombs","NoiseFlipRate",0.4
"OppPrefs",10,51,0.15,"2/3",1.5849625007211563,2000,"{1, 2, 3}","Automatic",0.2,"Coombs","CondorcetExistRate",0.517
"OppPrefs",10,51,0.15,"2/3",1.5849625007211563,2000,"{1, 2, 3}","Automatic",0.2,"Coombs","CondorcetEfficiency",0.6702127659574468
"OppPrefs",10,51,0.15,"2/3",1.5849625007211563,2000,"{1, 2, 3}","Automatic",0.2,"Coombs","MidScore",0.5313333333333325
"OppPrefs",10,51,0.15,"2/3",1.5849625007211563,2000,"{1, 2, 3}","Automatic",0.2,"Coombs","Top1Acceptability",0.11365686274509784
"OppPrefs",10,51,0.15,"2/3",1.5849625007211563,2000,"{1, 2, 3}","Automatic",0.2,"Coombs","Top2Acceptability",0.2285784313725486
"OppPrefs",10,51,0.15,"2/3",1.5849625007211563,2000,"{1, 2, 3}","Automatic",0.2,"Coombs","Top3Acceptability",0.3418921568627449
"OppPrefs",10,51,0.15,"2/3",1.5849625007211563,2000,"{1, 2, 3}","Automatic",0.2,"QR","NeverFirstRate",0.005
"OppPrefs",10,51,0.15,"2/3",1.5849625007211563,2000,"{1, 2, 3}","Automatic",0.2,"QR","NoiseFlipRate",0.251
"OppPrefs",10,51,0.15,"2/3",1.5849625007211563,2000,"{1, 2, 3}","Automatic",0.2,"QR","CondorcetExistRate",0.517
"OppPrefs",10,51,0.15,"2/3",1.5849625007211563,2000,"{1, 2, 3}","Automatic",0.2,"QR","CondorcetEfficiency",0.45357833655706
"OppPrefs",10,51,0.15,"2/3",1.5849625007211563,2000,"{1, 2, 3}","Automatic",0.2,"QR","MidScore",0.7123333333333323
"OppPrefs",10,51,0.15,"2/3",1.5849625007211563,2000,"{1, 2, 3}","Automatic",0.2,"QR","Top1Acceptability",0.09970588235294102
"OppPrefs",10,51,0.15,"2/3",1.5849625007211563,2000,"{1, 2, 3}","Automatic",0.2,"QR","Top2Acceptability",0.20062745098039178
"OppPrefs",10,51,0.15,"2/3",1.5849625007211563,2000,"{1, 2, 3}","Automatic",0.2,"QR","Top3Acceptability",0.30485294117647027
"OppPrefs",10,51,0.15,"2/3",1.5849625007211563,2000,"{1, 2, 3}","Automatic",0.2,"SDM","NeverFirstRate",0.0005
"OppPrefs",10,51,0.15,"2/3",1.5849625007211563,2000,"{1, 2, 3}","Automatic",0.2,"SDM","NoiseFlipRate",0.15
"OppPrefs",10,51,0.15,"2/3",1.5849625007211563,2000,"{1, 2, 3}","Automatic",0.2,"SDM","CondorcetExistRate",0.517
"OppPrefs",10,51,0.15,"2/3",1.5849625007211563,2000,"{1, 2, 3}","Automatic",0.2,"SDM","CondorcetEfficiency",0.7340425531914894
"OppPrefs",10,51,0.15,"2/3",1.5849625007211563,2000,"{1, 2, 3}","Automatic",0.2,"SDM","MidScore",0.5704444444444436
"OppPrefs",10,51,0.15,"2/3",1.5849625007211563,2000,"{1, 2, 3}","Automatic",0.2,"SDM","Top1Acceptability",0.11416666666666649
"OppPrefs",10,51,0.15,"2/3",1.5849625007211563,2000,"{1, 2, 3}","Automatic",0.2,"SDM","Top2Acceptability",0.23177450980392114
"OppPrefs",10,51,0.15,"2/3",1.5849625007211563,2000,"{1, 2, 3}","Automatic",0.2,"SDM","Top3Acceptability",0.3528137254901958
"OppPrefs",10,51,0.15,"2/3",1.5849625007211563,2000,"{1, 2, 3}","Automatic",0.2,"Fallback","NeverFirstRate",0.0075
"OppPrefs",10,51,0.15,"2/3",1.5849625007211563,2000,"{1, 2, 3}","Automatic",0.2,"Fallback","NoiseFlipRate",0.8445
"OppPrefs",10,51,0.15,"2/3",1.5849625007211563,2000,"{1, 2, 3}","Automatic",0.2,"Fallback","CondorcetExistRate",0.517
"OppPrefs",10,51,0.15,"2/3",1.5849625007211563,2000,"{1, 2, 3}","Automatic",0.2,"Fallback","CondorcetEfficiency",0.14796905222437137
"OppPrefs",10,51,0.15,"2/3",1.5849625007211563,2000,"{1, 2, 3}","Automatic",0.2,"Fallback","MidScore",0.45166666666666594
"OppPrefs",10,51,0.15,"2/3",1.5849625007211563,2000,"{1, 2, 3}","Automatic",0.2,"Fallback","Top1Acceptability",0.09912745098039198
"OppPrefs",10,51,0.15,"2/3",1.5849625007211563,2000,"{1, 2, 3}","Automatic",0.2,"Fallback","Top2Acceptability",0.20146078431372513
"OppPrefs",10,51,0.15,"2/3",1.5849625007211563,2000,"{1, 2, 3}","Automatic",0.2,"Fallback","Top3Acceptability",0.3019117647058821
"OppPrefs",10,51,0.15,"2/3",1.5849625007211563,2000,"{1, 2, 3}","Automatic",0.30000000000000004,"Borda","NeverFirstRate",0.0015
"OppPrefs",10,51,0.15,"2/3",1.5849625007211563,2000,"{1, 2, 3}","Automatic",0.30000000000000004,"Borda","NoiseFlipRate",0.1475
"OppPrefs",10,51,0.15,"2/3",1.5849625007211563,2000,"{1, 2, 3}","Automatic",0.30000000000000004,"Borda","CondorcetExistRate",0.4955
"OppPrefs",10,51,0.15,"2/3",1.5849625007211563,2000,"{1, 2, 3}","Automatic",0.30000000000000004,"Borda","CondorcetEfficiency",0.8405650857719476
"OppPrefs",10,51,0.15,"2/3",1.5849625007211563,2000,"{1, 2, 3}","Automatic",0.30000000000000004,"Borda","MidScore",0.44444444444444375
"OppPrefs",10,51,0.15,"2/3",1.5849625007211563,2000,"{1, 2, 3}","Automatic",0.30000000000000004,"Borda","Top1Acceptability",0.1341176470588233
"OppPrefs",10,51,0.15,"2/3",1.5849625007211563,2000,"{1, 2, 3}","Automatic",0.30000000000000004,"Borda","Top2Acceptability",0.2587745098039211
"OppPrefs",10,51,0.15,"2/3",1.5849625007211563,2000,"{1, 2, 3}","Automatic",0.30000000000000004,"Borda","Top3Acceptability",0.3752843137254899
"OppPrefs",10,51,0.15,"2/3",1.5849625007211563,2000,"{1, 2, 3}","Automatic",0.30000000000000004,"Plurality","NeverFirstRate",0.
"OppPrefs",10,51,0.15,"2/3",1.5849625007211563,2000,"{1, 2, 3}","Automatic",0.30000000000000004,"Plurality","NoiseFlipRate",0.245
"OppPrefs",10,51,0.15,"2/3",1.5849625007211563,2000,"{1, 2, 3}","Automatic",0.30000000000000004,"Plurality","CondorcetExistRate",0.4955
"OppPrefs",10,51,0.15,"2/3",1.5849625007211563,2000,"{1, 2, 3}","Automatic",0.30000000000000004,"Plurality","CondorcetEfficiency",0.1856710393541877
"OppPrefs",10,51,0.15,"2/3",1.5849625007211563,2000,"{1, 2, 3}","Automatic",0.30000000000000004,"Plurality","MidScore",0.018888888888888893
"OppPrefs",10,51,0.15,"2/3",1.5849625007211563,2000,"{1, 2, 3}","Automatic",0.30000000000000004,"Plurality","Top1Acceptability",0.22007843137254854
"OppPrefs",10,51,0.15,"2/3",1.5849625007211563,2000,"{1, 2, 3}","Automatic",0.30000000000000004,"Plurality","Top2Acceptability",0.3031862745098036
"OppPrefs",10,51,0.15,"2/3",1.5849625007211563,2000,"{1, 2, 3}","Automatic",0.30000000000000004,"Plurality","Top3Acceptability",0.3756078431372547
"OppPrefs",10,51,0.15,"2/3",1.5849625007211563,2000,"{1, 2, 3}","Automatic",0.30000000000000004,"Coombs","NeverFirstRate",0.0065
"OppPrefs",10,51,0.15,"2/3",1.5849625007211563,2000,"{1, 2, 3}","Automatic",0.30000000000000004,"Coombs","NoiseFlipRate",0.4395
"OppPrefs",10,51,0.15,"2/3",1.5849625007211563,2000,"{1, 2, 3}","Automatic",0.30000000000000004,"Coombs","CondorcetExistRate",0.4955
"OppPrefs",10,51,0.15,"2/3",1.5849625007211563,2000,"{1, 2, 3}","Automatic",0.30000000000000004,"Coombs","CondorcetEfficiency",0.5761856710393541
"OppPrefs",10,51,0.15,"2/3",1.5849625007211563,2000,"{1, 2, 3}","Automatic",0.30000000000000004,"Coombs","MidScore",0.5037777777777769
"OppPrefs",10,51,0.15,"2/3",1.5849625007211563,2000,"{1, 2, 3}","Automatic",0.30000000000000004,"Coombs","Top1Acceptability",0.10907843137254883
"OppPrefs",10,51,0.15,"2/3",1.5849625007211563,2000,"{1, 2, 3}","Automatic",0.30000000000000004,"Coombs","Top2Acceptability",0.22276470588235253
"OppPrefs",10,51,0.15,"2/3",1.5849625007211563,2000,"{1, 2, 3}","Automatic",0.30000000000000004,"Coombs","Top3Acceptability",0.3378039215686272
"OppPrefs",10,51,0.15,"2/3",1.5849625007211563,2000,"{1, 2, 3}","Automatic",0.30000000000000004,"QR","NeverFirstRate",0.013
"OppPrefs",10,51,0.15,"2/3",1.5849625007211563,2000,"{1, 2, 3}","Automatic",0.30000000000000004,"QR","NoiseFlipRate",0.219
"OppPrefs",10,51,0.15,"2/3",1.5849625007211563,2000,"{1, 2, 3}","Automatic",0.30000000000000004,"QR","CondorcetExistRate",0.4955
"OppPrefs",10,51,0.15,"2/3",1.5849625007211563,2000,"{1, 2, 3}","Automatic",0.30000000000000004,"QR","CondorcetEfficiency",0.3491422805247225
"OppPrefs",10,51,0.15,"2/3",1.5849625007211563,2000,"{1, 2, 3}","Automatic",0.30000000000000004,"QR","MidScore",0.8067777777777763
"OppPrefs",10,51,0.15,"2/3",1.5849625007211563,2000,"{1, 2, 3}","Automatic",0.30000000000000004,"QR","Top1Acceptability",0.0839803921568626
"OppPrefs",10,51,0.15,"2/3",1.5849625007211563,2000,"{1, 2, 3}","Automatic",0.30000000000000004,"QR","Top2Acceptability",0.17020588235294085
"OppPrefs",10,51,0.15,"2/3",1.5849625007211563,2000,"{1, 2, 3}","Automatic",0.30000000000000004,"QR","Top3Acceptability",0.2597549019607839
"OppPrefs",10,51,0.15,"2/3",1.5849625007211563,2000,"{1, 2, 3}","Automatic",0.30000000000000004,"SDM","NeverFirstRate",0.004
"OppPrefs",10,51,0.15,"2/3",1.5849625007211563,2000,"{1, 2, 3}","Automatic",0.30000000000000004,"SDM","NoiseFlipRate",0.149
"OppPrefs",10,51,0.15,"2/3",1.5849625007211563,2000,"{1, 2, 3}","Automatic",0.30000000000000004,"SDM","CondorcetExistRate",0.4955
"OppPrefs",10,51,0.15,"2/3",1.5849625007211563,2000,"{1, 2, 3}","Automatic",0.30000000000000004,"SDM","CondorcetEfficiency",0.6750756811301716
"OppPrefs",10,51,0.15,"2/3",1.5849625007211563,2000,"{1, 2, 3}","Automatic",0.30000000000000004,"SDM","MidScore",0.6105555555555547
"OppPrefs",10,51,0.15,"2/3",1.5849625007211563,2000,"{1, 2, 3}","Automatic",0.30000000000000004,"SDM","Top1Acceptability",0.10282352941176455
"OppPrefs",10,51,0.15,"2/3",1.5849625007211563,2000,"{1, 2, 3}","Automatic",0.30000000000000004,"SDM","Top2Acceptability",0.21397058823529372
"OppPrefs",10,51,0.15,"2/3",1.5849625007211563,2000,"{1, 2, 3}","Automatic",0.30000000000000004,"SDM","Top3Acceptability",0.33168627450980376
"OppPrefs",10,51,0.15,"2/3",1.5849625007211563,2000,"{1, 2, 3}","Automatic",0.30000000000000004,"Fallback","NeverFirstRate",0.0155
"OppPrefs",10,51,0.15,"2/3",1.5849625007211563,2000,"{1, 2, 3}","Automatic",0.30000000000000004,"Fallback","NoiseFlipRate",0.831
"OppPrefs",10,51,0.15,"2/3",1.5849625007211563,2000,"{1, 2, 3}","Automatic",0.30000000000000004,"Fallback","CondorcetExistRate",0.4955
"OppPrefs",10,51,0.15,"2/3",1.5849625007211563,2000,"{1, 2, 3}","Automatic",0.30000000000000004,"Fallback","CondorcetEfficiency",0.14530776992936428
"OppPrefs",10,51,0.15,"2/3",1.5849625007211563,2000,"{1, 2, 3}","Automatic",0.30000000000000004,"Fallback","MidScore",0.47688888888888814
"OppPrefs",10,51,0.15,"2/3",1.5849625007211563,2000,"{1, 2, 3}","Automatic",0.30000000000000004,"Fallback","Top1Acceptability",0.09793137254901944
"OppPrefs",10,51,0.15,"2/3",1.5849625007211563,2000,"{1, 2, 3}","Automatic",0.30000000000000004,"Fallback","Top2Acceptability",0.19466666666666635
"OppPrefs",10,51,0.15,"2/3",1.5849625007211563,2000,"{1, 2, 3}","Automatic",0.30000000000000004,"Fallback","Top3Acceptability",0.29891176470588204
"OppPrefs",10,51,0.15,"2/3",1.5849625007211563,2000,"{1, 2, 3}","Automatic",0.4,"Borda","NeverFirstRate",0.003
"OppPrefs",10,51,0.15,"2/3",1.5849625007211563,2000,"{1, 2, 3}","Automatic",0.4,"Borda","NoiseFlipRate",0.15
"OppPrefs",10,51,0.15,"2/3",1.5849625007211563,2000,"{1, 2, 3}","Automatic",0.4,"Borda","CondorcetExistRate",0.4795
"OppPrefs",10,51,0.15,"2/3",1.5849625007211563,2000,"{1, 2, 3}","Automatic",0.4,"Borda","CondorcetEfficiency",0.8331595411887383
"OppPrefs",10,51,0.15,"2/3",1.5849625007211563,2000,"{1, 2, 3}","Automatic",0.4,"Borda","MidScore",0.44777777777777705
"OppPrefs",10,51,0.15,"2/3",1.5849625007211563,2000,"{1, 2, 3}","Automatic",0.4,"Borda","Top1Acceptability",0.1315392156862743
"OppPrefs",10,51,0.15,"2/3",1.5849625007211563,2000,"{1, 2, 3}","Automatic",0.4,"Borda","Top2Acceptability",0.2553725490196074
"OppPrefs",10,51,0.15,"2/3",1.5849625007211563,2000,"{1, 2, 3}","Automatic",0.4,"Borda","Top3Acceptability",0.37057843137254876
"OppPrefs",10,51,0.15,"2/3",1.5849625007211563,2000,"{1, 2, 3}","Automatic",0.4,"Plurality","NeverFirstRate",0.
"OppPrefs",10,51,0.15,"2/3",1.5849625007211563,2000,"{1, 2, 3}","Automatic",0.4,"Plurality","NoiseFlipRate",0.2205
"OppPrefs",10,51,0.15,"2/3",1.5849625007211563,2000,"{1, 2, 3}","Automatic",0.4,"Plurality","CondorcetExistRate",0.4795
"OppPrefs",10,51,0.15,"2/3",1.5849625007211563,2000,"{1, 2, 3}","Automatic",0.4,"Plurality","CondorcetEfficiency",0.17205422314911367
"OppPrefs",10,51,0.15,"2/3",1.5849625007211563,2000,"{1, 2, 3}","Automatic",0.4,"Plurality","MidScore",0.002333333333333334
"OppPrefs",10,51,0.15,"2/3",1.5849625007211563,2000,"{1, 2, 3}","Automatic",0.4,"Plurality","Top1Acceptability",0.2500588235294113
"OppPrefs",10,51,0.15,"2/3",1.5849625007211563,2000,"{1, 2, 3}","Automatic",0.4,"Plurality","Top2Acceptability",0.32888235294117624
"OppPrefs",10,51,0.15,"2/3",1.5849625007211563,2000,"{1, 2, 3}","Automatic",0.4,"Plurality","Top3Acceptability",0.3913137254901958
"OppPrefs",10,51,0.15,"2/3",1.5849625007211563,2000,"{1, 2, 3}","Automatic",0.4,"Coombs","NeverFirstRate",0.01
"OppPrefs",10,51,0.15,"2/3",1.5849625007211563,2000,"{1, 2, 3}","Automatic",0.4,"Coombs","NoiseFlipRate",0.479
"OppPrefs",10,51,0.15,"2/3",1.5849625007211563,2000,"{1, 2, 3}","Automatic",0.4,"Coombs","CondorcetExistRate",0.4795
"OppPrefs",10,51,0.15,"2/3",1.5849625007211563,2000,"{1, 2, 3}","Automatic",0.4,"Coombs","CondorcetEfficiency",0.5099061522419187
"OppPrefs",10,51,0.15,"2/3",1.5849625007211563,2000,"{1, 2, 3}","Automatic",0.4,"Coombs","MidScore",0.5182222222222214
"OppPrefs",10,51,0.15,"2/3",1.5849625007211563,2000,"{1, 2, 3}","Automatic",0.4,"Coombs","Top1Acceptability",0.10305882352941159
"OppPrefs",10,51,0.15,"2/3",1.5849625007211563,2000,"{1, 2, 3}","Automatic",0.4,"Coombs","Top2Acceptability",0.21096078431372514
"OppPrefs",10,51,0.15,"2/3",1.5849625007211563,2000,"{1, 2, 3}","Automatic",0.4,"Coombs","Top3Acceptability",0.3239313725490193
"OppPrefs",10,51,0.15,"2/3",1.5849625007211563,2000,"{1, 2, 3}","Automatic",0.4,"QR","NeverFirstRate",0.021
"OppPrefs",10,51,0.15,"2/3",1.5849625007211563,2000,"{1, 2, 3}","Automatic",0.4,"QR","NoiseFlipRate",0.1855
"OppPrefs",10,51,0.15,"2/3",1.5849625007211563,2000,"{1, 2, 3}","Automatic",0.4,"QR","CondorcetExistRate",0.4795
"OppPrefs",10,51,0.15,"2/3",1.5849625007211563,2000,"{1, 2, 3}","Automatic",0.4,"QR","CondorcetEfficiency",0.23357664233576642
"OppPrefs",10,51,0.15,"2/3",1.5849625007211563,2000,"{1, 2, 3}","Automatic",0.4,"QR","MidScore",0.8655555555555536
"OppPrefs",10,51,0.15,"2/3",1.5849625007211563,2000,"{1, 2, 3}","Automatic",0.4,"QR","Top1Acceptability",0.06970588235294106
"OppPrefs",10,51,0.15,"2/3",1.5849625007211563,2000,"{1, 2, 3}","Automatic",0.4,"QR","Top2Acceptability",0.13832352941176446
"OppPrefs",10,51,0.15,"2/3",1.5849625007211563,2000,"{1, 2, 3}","Automatic",0.4,"QR","Top3Acceptability",0.2138333333333329
"OppPrefs",10,51,0.15,"2/3",1.5849625007211563,2000,"{1, 2, 3}","Automatic",0.4,"SDM","NeverFirstRate",0.01
"OppPrefs",10,51,0.15,"2/3",1.5849625007211563,2000,"{1, 2, 3}","Automatic",0.4,"SDM","NoiseFlipRate",0.15
"OppPrefs",10,51,0.15,"2/3",1.5849625007211563,2000,"{1, 2, 3}","Automatic",0.4,"SDM","CondorcetExistRate",0.4795
"OppPrefs",10,51,0.15,"2/3",1.5849625007211563,2000,"{1, 2, 3}","Automatic",0.4,"SDM","CondorcetEfficiency",0.6037539103232534
"OppPrefs",10,51,0.15,"2/3",1.5849625007211563,2000,"{1, 2, 3}","Automatic",0.4,"SDM","MidScore",0.6781111111111104
"OppPrefs",10,51,0.15,"2/3",1.5849625007211563,2000,"{1, 2, 3}","Automatic",0.4,"SDM","Top1Acceptability",0.08592156862745083
"OppPrefs",10,51,0.15,"2/3",1.5849625007211563,2000,"{1, 2, 3}","Automatic",0.4,"SDM","Top2Acceptability",0.18313725490196042
"OppPrefs",10,51,0.15,"2/3",1.5849625007211563,2000,"{1, 2, 3}","Automatic",0.4,"SDM","Top3Acceptability",0.29693137254901925
"OppPrefs",10,51,0.15,"2/3",1.5849625007211563,2000,"{1, 2, 3}","Automatic",0.4,"Fallback","NeverFirstRate",0.0245
"OppPrefs",10,51,0.15,"2/3",1.5849625007211563,2000,"{1, 2, 3}","Automatic",0.4,"Fallback","NoiseFlipRate",0.783
"OppPrefs",10,51,0.15,"2/3",1.5849625007211563,2000,"{1, 2, 3}","Automatic",0.4,"Fallback","CondorcetExistRate",0.4795
"OppPrefs",10,51,0.15,"2/3",1.5849625007211563,2000,"{1, 2, 3}","Automatic",0.4,"Fallback","CondorcetEfficiency",0.14494264859228362
"OppPrefs",10,51,0.15,"2/3",1.5849625007211563,2000,"{1, 2, 3}","Automatic",0.4,"Fallback","MidScore",0.4908888888888881
"OppPrefs",10,51,0.15,"2/3",1.5849625007211563,2000,"{1, 2, 3}","Automatic",0.4,"Fallback","Top1Acceptability",0.0928333333333332
"OppPrefs",10,51,0.15,"2/3",1.5849625007211563,2000,"{1, 2, 3}","Automatic",0.4,"Fallback","Top2Acceptability",0.18913725490196048
"OppPrefs",10,51,0.15,"2/3",1.5849625007211563,2000,"{1, 2, 3}","Automatic",0.4,"Fallback","Top3Acceptability",0.29120588235294087
"OppPrefs",10,51,0.15,"2/3",1.5849625007211563,2000,"{1, 2, 3}","Automatic",0.5,"Borda","NeverFirstRate",0.006
"OppPrefs",10,51,0.15,"2/3",1.5849625007211563,2000,"{1, 2, 3}","Automatic",0.5,"Borda","NoiseFlipRate",0.183
"OppPrefs",10,51,0.15,"2/3",1.5849625007211563,2000,"{1, 2, 3}","Automatic",0.5,"Borda","CondorcetExistRate",0.455
"OppPrefs",10,51,0.15,"2/3",1.5849625007211563,2000,"{1, 2, 3}","Automatic",0.5,"Borda","CondorcetEfficiency",0.8692307692307693
"OppPrefs",10,51,0.15,"2/3",1.5849625007211563,2000,"{1, 2, 3}","Automatic",0.5,"Borda","MidScore",0.44177777777777716
"OppPrefs",10,51,0.15,"2/3",1.5849625007211563,2000,"{1, 2, 3}","Automatic",0.5,"Borda","Top1Acceptability",0.12962745098039202
"OppPrefs",10,51,0.15,"2/3",1.5849625007211563,2000,"{1, 2, 3}","Automatic",0.5,"Borda","Top2Acceptability",0.25147058823529367
"OppPrefs",10,51,0.15,"2/3",1.5849625007211563,2000,"{1, 2, 3}","Automatic",0.5,"Borda","Top3Acceptability",0.36379411764705855
"OppPrefs",10,51,0.15,"2/3",1.5849625007211563,2000,"{1, 2, 3}","Automatic",0.5,"Plurality","NeverFirstRate",0.
"OppPrefs",10,51,0.15,"2/3",1.5849625007211563,2000,"{1, 2, 3}","Automatic",0.5,"Plurality","NoiseFlipRate",0.2285
"OppPrefs",10,51,0.15,"2/3",1.5849625007211563,2000,"{1, 2, 3}","Automatic",0.5,"Plurality","CondorcetExistRate",0.455
"OppPrefs",10,51,0.15,"2/3",1.5849625007211563,2000,"{1, 2, 3}","Automatic",0.5,"Plurality","CondorcetEfficiency",0.16153846153846155
"OppPrefs",10,51,0.15,"2/3",1.5849625007211563,2000,"{1, 2, 3}","Automatic",0.5,"Plurality","MidScore",0.0003333333333333335
"OppPrefs",10,51,0.15,"2/3",1.5849625007211563,2000,"{1, 2, 3}","Automatic",0.5,"Plurality","Top1Acceptability",0.2874803921568625
"OppPrefs",10,51,0.15,"2/3",1.5849625007211563,2000,"{1, 2, 3}","Automatic",0.5,"Plurality","Top2Acceptability",0.3598823529411762
"OppPrefs",10,51,0.15,"2/3",1.5849625007211563,2000,"{1, 2, 3}","Automatic",0.5,"Plurality","Top3Acceptability",0.41099999999999975
"OppPrefs",10,51,0.15,"2/3",1.5849625007211563,2000,"{1, 2, 3}","Automatic",0.5,"Coombs","NeverFirstRate",0.0255
"OppPrefs",10,51,0.15,"2/3",1.5849625007211563,2000,"{1, 2, 3}","Automatic",0.5,"Coombs","NoiseFlipRate",0.5065
"OppPrefs",10,51,0.15,"2/3",1.5849625007211563,2000,"{1, 2, 3}","Automatic",0.5,"Coombs","CondorcetExistRate",0.455
"OppPrefs",10,51,0.15,"2/3",1.5849625007211563,2000,"{1, 2, 3}","Automatic",0.5,"Coombs","CondorcetEfficiency",0.4725274725274725
"OppPrefs",10,51,0.15,"2/3",1.5849625007211563,2000,"{1, 2, 3}","Automatic",0.5,"Coombs","MidScore",0.5037777777777769
"OppPrefs",10,51,0.15,"2/3",1.5849625007211563,2000,"{1, 2, 3}","Automatic",0.5,"Coombs","Top1Acceptability",0.09760784313725478
"OppPrefs",10,51,0.15,"2/3",1.5849625007211563,2000,"{1, 2, 3}","Automatic",0.5,"Coombs","Top2Acceptability",0.20483333333333303
"OppPrefs",10,51,0.15,"2/3",1.5849625007211563,2000,"{1, 2, 3}","Automatic",0.5,"Coombs","Top3Acceptability",0.3162450980392154
"OppPrefs",10,51,0.15,"2/3",1.5849625007211563,2000,"{1, 2, 3}","Automatic",0.5,"QR","NeverFirstRate",0.053
"OppPrefs",10,51,0.15,"2/3",1.5849625007211563,2000,"{1, 2, 3}","Automatic",0.5,"QR","NoiseFlipRate",0.184
"OppPrefs",10,51,0.15,"2/3",1.5849625007211563,2000,"{1, 2, 3}","Automatic",0.5,"QR","CondorcetExistRate",0.455
"OppPrefs",10,51,0.15,"2/3",1.5849625007211563,2000,"{1, 2, 3}","Automatic",0.5,"QR","CondorcetEfficiency",0.18571428571428572
"OppPrefs",10,51,0.15,"2/3",1.5849625007211563,2000,"{1, 2, 3}","Automatic",0.5,"QR","MidScore",0.8841111111111091
"OppPrefs",10,51,0.15,"2/3",1.5849625007211563,2000,"{1, 2, 3}","Automatic",0.5,"QR","Top1Acceptability",0.054166666666666585
"OppPrefs",10,51,0.15,"2/3",1.5849625007211563,2000,"{1, 2, 3}","Automatic",0.5,"QR","Top2Acceptability",0.10907843137254883
"OppPrefs",10,51,0.15,"2/3",1.5849625007211563,2000,"{1, 2, 3}","Automatic",0.5,"QR","Top3Acceptability",0.1690392156862742
"OppPrefs",10,51,0.15,"2/3",1.5849625007211563,2000,"{1, 2, 3}","Automatic",0.5,"SDM","NeverFirstRate",0.0215
"OppPrefs",10,51,0.15,"2/3",1.5849625007211563,2000,"{1, 2, 3}","Automatic",0.5,"SDM","NoiseFlipRate",0.173
"OppPrefs",10,51,0.15,"2/3",1.5849625007211563,2000,"{1, 2, 3}","Automatic",0.5,"SDM","CondorcetExistRate",0.455
"OppPrefs",10,51,0.15,"2/3",1.5849625007211563,2000,"{1, 2, 3}","Automatic",0.5,"SDM","CondorcetEfficiency",0.545054945054945
"OppPrefs",10,51,0.15,"2/3",1.5849625007211563,2000,"{1, 2, 3}","Automatic",0.5,"SDM","MidScore",0.7159999999999992
"OppPrefs",10,51,0.15,"2/3",1.5849625007211563,2000,"{1, 2, 3}","Automatic",0.5,"SDM","Top1Acceptability",0.06906862745098029
"OppPrefs",10,51,0.15,"2/3",1.5849625007211563,2000,"{1, 2, 3}","Automatic",0.5,"SDM","Top2Acceptability",0.1494803921568625
"OppPrefs",10,51,0.15,"2/3",1.5849625007211563,2000,"{1, 2, 3}","Automatic",0.5,"SDM","Top3Acceptability",0.2542450980392152
"OppPrefs",10,51,0.15,"2/3",1.5849625007211563,2000,"{1, 2, 3}","Automatic",0.5,"Fallback","NeverFirstRate",0.0555
"OppPrefs",10,51,0.15,"2/3",1.5849625007211563,2000,"{1, 2, 3}","Automatic",0.5,"Fallback","NoiseFlipRate",0.716
"OppPrefs",10,51,0.15,"2/3",1.5849625007211563,2000,"{1, 2, 3}","Automatic",0.5,"Fallback","CondorcetExistRate",0.455
"OppPrefs",10,51,0.15,"2/3",1.5849625007211563,2000,"{1, 2, 3}","Automatic",0.5,"Fallback","CondorcetEfficiency",0.15604395604395604
"OppPrefs",10,51,0.15,"2/3",1.5849625007211563,2000,"{1, 2, 3}","Automatic",0.5,"Fallback","MidScore",0.5175555555555548
"OppPrefs",10,51,0.15,"2/3",1.5849625007211563,2000,"{1, 2, 3}","Automatic",0.5,"Fallback","Top1Acceptability",0.08329411764705873
"OppPrefs",10,51,0.15,"2/3",1.5849625007211563,2000,"{1, 2, 3}","Automatic",0.5,"Fallback","Top2Acceptability",0.1744803921568625
"OppPrefs",10,51,0.15,"2/3",1.5849625007211563,2000,"{1, 2, 3}","Automatic",0.5,"Fallback","Top3Acceptability",0.2818137254901957
"OppPrefs",10,51,0.15,"2/3",1.5849625007211563,2000,"{1, 2, 3}","Automatic",0.6000000000000001,"Borda","NeverFirstRate",0.012
"OppPrefs",10,51,0.15,"2/3",1.5849625007211563,2000,"{1, 2, 3}","Automatic",0.6000000000000001,"Borda","NoiseFlipRate",0.193
"OppPrefs",10,51,0.15,"2/3",1.5849625007211563,2000,"{1, 2, 3}","Automatic",0.6000000000000001,"Borda","CondorcetExistRate",0.458
"OppPrefs",10,51,0.15,"2/3",1.5849625007211563,2000,"{1, 2, 3}","Automatic",0.6000000000000001,"Borda","CondorcetEfficiency",0.8384279475982532
"OppPrefs",10,51,0.15,"2/3",1.5849625007211563,2000,"{1, 2, 3}","Automatic",0.6000000000000001,"Borda","MidScore",0.43322222222222156
"OppPrefs",10,51,0.15,"2/3",1.5849625007211563,2000,"{1, 2, 3}","Automatic",0.6000000000000001,"Borda","Top1Acceptability",0.13007843137254893
"OppPrefs",10,51,0.15,"2/3",1.5849625007211563,2000,"{1, 2, 3}","Automatic",0.6000000000000001,"Borda","Top2Acceptability",0.2489803921568623
"OppPrefs",10,51,0.15,"2/3",1.5849625007211563,2000,"{1, 2, 3}","Automatic",0.6000000000000001,"Borda","Top3Acceptability",0.3627549019607841
"OppPrefs",10,51,0.15,"2/3",1.5849625007211563,2000,"{1, 2, 3}","Automatic",0.6000000000000001,"Plurality","NeverFirstRate",0.
"OppPrefs",10,51,0.15,"2/3",1.5849625007211563,2000,"{1, 2, 3}","Automatic",0.6000000000000001,"Plurality","NoiseFlipRate",0.2345
"OppPrefs",10,51,0.15,"2/3",1.5849625007211563,2000,"{1, 2, 3}","Automatic",0.6000000000000001,"Plurality","CondorcetExistRate",0.458
"OppPrefs",10,51,0.15,"2/3",1.5849625007211563,2000,"{1, 2, 3}","Automatic",0.6000000000000001,"Plurality","CondorcetEfficiency",0.19323144104803494
"OppPrefs",10,51,0.15,"2/3",1.5849625007211563,2000,"{1, 2, 3}","Automatic",0.6000000000000001,"Plurality","MidScore",0.
"OppPrefs",10,51,0.15,"2/3",1.5849625007211563,2000,"{1, 2, 3}","Automatic",0.6000000000000001,"Plurality","Top1Acceptability",0.3204999999999998
"OppPrefs",10,51,0.15,"2/3",1.5849625007211563,2000,"{1, 2, 3}","Automatic",0.6000000000000001,"Plurality","Top2Acceptability",0.38973529411764685
"OppPrefs",10,51,0.15,"2/3",1.5849625007211563,2000,"{1, 2, 3}","Automatic",0.6000000000000001,"Plurality","Top3Acceptability",0.43292156862745074
"OppPrefs",10,51,0.15,"2/3",1.5849625007211563,2000,"{1, 2, 3}","Automatic",0.6000000000000001,"Coombs","NeverFirstRate",0.034
"OppPrefs",10,51,0.15,"2/3",1.5849625007211563,2000,"{1, 2, 3}","Automatic",0.6000000000000001,"Coombs","NoiseFlipRate",0.542
"OppPrefs",10,51,0.15,"2/3",1.5849625007211563,2000,"{1, 2, 3}","Automatic",0.6000000000000001,"Coombs","CondorcetExistRate",0.458
"OppPrefs",10,51,0.15,"2/3",1.5849625007211563,2000,"{1, 2, 3}","Automatic",0.6000000000000001,"Coombs","CondorcetEfficiency",0.4661572052401747
"OppPrefs",10,51,0.15,"2/3",1.5849625007211563,2000,"{1, 2, 3}","Automatic",0.6000000000000001,"Coombs","MidScore",0.475777777777777
"OppPrefs",10,51,0.15,"2/3",1.5849625007211563,2000,"{1, 2, 3}","Automatic",0.6000000000000001,"Coombs","Top1Acceptability",0.10061764705882342
"OppPrefs",10,51,0.15,"2/3",1.5849625007211563,2000,"{1, 2, 3}","Automatic",0.6000000000000001,"Coombs","Top2Acceptability",0.2082843137254899
"OppPrefs",10,51,0.15,"2/3",1.5849625007211563,2000,"{1, 2, 3}","Automatic",0.6000000000000001,"Coombs","Top3Acceptability",0.3203823529411761
"OppPrefs",10,51,0.15,"2/3",1.5849625007211563,2000,"{1, 2, 3}","Automatic",0.6000000000000001,"QR","NeverFirstRate",0.0995
"OppPrefs",10,51,0.15,"2/3",1.5849625007211563,2000,"{1, 2, 3}","Automatic",0.6000000000000001,"QR","NoiseFlipRate",0.166
"OppPrefs",10,51,0.15,"2/3",1.5849625007211563,2000,"{1, 2, 3}","Automatic",0.6000000000000001,"QR","CondorcetExistRate",0.458
"OppPrefs",10,51,0.15,"2/3",1.5849625007211563,2000,"{1, 2, 3}","Automatic",0.6000000000000001,"QR","CondorcetEfficiency",0.14956331877729256
"OppPrefs",10,51,0.15,"2/3",1.5849625007211563,2000,"{1, 2, 3}","Automatic",0.6000000000000001,"QR","MidScore",0.8882222222222201
"OppPrefs",10,51,0.15,"2/3",1.5849625007211563,2000,"{1, 2, 3}","Automatic",0.6000000000000001,"QR","Top1Acceptability",0.04367647058823523
"OppPrefs",10,51,0.15,"2/3",1.5849625007211563,2000,"{1, 2, 3}","Automatic",0.6000000000000001,"QR","Top2Acceptability",0.08705882352941162
"OppPrefs",10,51,0.15,"2/3",1.5849625007211563,2000,"{1, 2, 3}","Automatic",0.6000000000000001,"QR","Top3Acceptability",0.1351862745098037
"OppPrefs",10,51,0.15,"2/3",1.5849625007211563,2000,"{1, 2, 3}","Automatic",0.6000000000000001,"SDM","NeverFirstRate",0.0435
"OppPrefs",10,51,0.15,"2/3",1.5849625007211563,2000,"{1, 2, 3}","Automatic",0.6000000000000001,"SDM","NoiseFlipRate",0.1565
"OppPrefs",10,51,0.15,"2/3",1.5849625007211563,2000,"{1, 2, 3}","Automatic",0.6000000000000001,"SDM","CondorcetExistRate",0.458
"OppPrefs",10,51,0.15,"2/3",1.5849625007211563,2000,"{1, 2, 3}","Automatic",0.6000000000000001,"SDM","CondorcetEfficiency",0.4366812227074236
"OppPrefs",10,51,0.15,"2/3",1.5849625007211563,2000,"{1, 2, 3}","Automatic",0.6000000000000001,"SDM","MidScore",0.7449999999999991
"OppPrefs",10,51,0.15,"2/3",1.5849625007211563,2000,"{1, 2, 3}","Automatic",0.6000000000000001,"SDM","Top1Acceptability",0.05624509803921559
"OppPrefs",10,51,0.15,"2/3",1.5849625007211563,2000,"{1, 2, 3}","Automatic",0.6000000000000001,"SDM","Top2Acceptability",0.11901960784313705
"OppPrefs",10,51,0.15,"2/3",1.5849625007211563,2000,"{1, 2, 3}","Automatic",0.6000000000000001,"SDM","Top3Acceptability",0.2159999999999996
"OppPrefs",10,51,0.15,"2/3",1.5849625007211563,2000,"{1, 2, 3}","Automatic",0.6000000000000001,"Fallback","NeverFirstRate",0.089
"OppPrefs",10,51,0.15,"2/3",1.5849625007211563,2000,"{1, 2, 3}","Automatic",0.6000000000000001,"Fallback","NoiseFlipRate",0.6135
"OppPrefs",10,51,0.15,"2/3",1.5849625007211563,2000,"{1, 2, 3}","Automatic",0.6000000000000001,"Fallback","CondorcetExistRate",0.458
"OppPrefs",10,51,0.15,"2/3",1.5849625007211563,2000,"{1, 2, 3}","Automatic",0.6000000000000001,"Fallback","CondorcetEfficiency",0.1888646288209607
"OppPrefs",10,51,0.15,"2/3",1.5849625007211563,2000,"{1, 2, 3}","Automatic",0.6000000000000001,"Fallback","MidScore",0.5759999999999992
"OppPrefs",10,51,0.15,"2/3",1.5849625007211563,2000,"{1, 2, 3}","Automatic",0.6000000000000001,"Fallback","Top1Acceptability",0.07017647058823519
"OppPrefs",10,51,0.15,"2/3",1.5849625007211563,2000,"{1, 2, 3}","Automatic",0.6000000000000001,"Fallback","Top2Acceptability",0.14943137254901945
"OppPrefs",10,51,0.15,"2/3",1.5849625007211563,2000,"{1, 2, 3}","Automatic",0.6000000000000001,"Fallback","Top3Acceptability",0.2568725490196074
"OppPrefs",10,51,0.15,"2/3",1.5849625007211563,2000,"{1, 2, 3}","Automatic",0.7000000000000001,"Borda","NeverFirstRate",0.0155
"OppPrefs",10,51,0.15,"2/3",1.5849625007211563,2000,"{1, 2, 3}","Automatic",0.7000000000000001,"Borda","NoiseFlipRate",0.222
"OppPrefs",10,51,0.15,"2/3",1.5849625007211563,2000,"{1, 2, 3}","Automatic",0.7000000000000001,"Borda","CondorcetExistRate",0.4105
"OppPrefs",10,51,0.15,"2/3",1.5849625007211563,2000,"{1, 2, 3}","Automatic",0.7000000000000001,"Borda","CondorcetEfficiency",0.8587088915956151
"OppPrefs",10,51,0.15,"2/3",1.5849625007211563,2000,"{1, 2, 3}","Automatic",0.7000000000000001,"Borda","MidScore",0.4471111111111104
"OppPrefs",10,51,0.15,"2/3",1.5849625007211563,2000,"{1, 2, 3}","Automatic",0.7000000000000001,"Borda","Top1Acceptability",0.12741176470588225
"OppPrefs",10,51,0.15,"2/3",1.5849625007211563,2000,"{1, 2, 3}","Automatic",0.7000000000000001,"Borda","Top2Acceptability",0.2390784313725486
"OppPrefs",10,51,0.15,"2/3",1.5849625007211563,2000,"{1, 2, 3}","Automatic",0.7000000000000001,"Borda","Top3Acceptability",0.34707843137254873
"OppPrefs",10,51,0.15,"2/3",1.5849625007211563,2000,"{1, 2, 3}","Automatic",0.7000000000000001,"Plurality","NeverFirstRate",0.
"OppPrefs",10,51,0.15,"2/3",1.5849625007211563,2000,"{1, 2, 3}","Automatic",0.7000000000000001,"Plurality","NoiseFlipRate",0.2405
"OppPrefs",10,51,0.15,"2/3",1.5849625007211563,2000,"{1, 2, 3}","Automatic",0.7000000000000001,"Plurality","CondorcetExistRate",0.4105
"OppPrefs",10,51,0.15,"2/3",1.5849625007211563,2000,"{1, 2, 3}","Automatic",0.7000000000000001,"Plurality","CondorcetEfficiency",0.1851400730816078
"OppPrefs",10,51,0.15,"2/3",1.5849625007211563,2000,"{1, 2, 3}","Automatic",0.7000000000000001,"Plurality","MidScore",0.
"OppPrefs",10,51,0.15,"2/3",1.5849625007211563,2000,"{1, 2, 3}","Automatic",0.7000000000000001,"Plurality","Top1Acceptability",0.3511568627450978
"OppPrefs",10,51,0.15,"2/3",1.5849625007211563,2000,"{1, 2, 3}","Automatic",0.7000000000000001,"Plurality","Top2Acceptability",0.41504901960784285
"OppPrefs",10,51,0.15,"2/3",1.5849625007211563,2000,"{1, 2, 3}","Automatic",0.7000000000000001,"Plurality","Top3Acceptability",0.4479215686274507
"OppPrefs",10,51,0.15,"2/3",1.5849625007211563,2000,"{1, 2, 3}","Automatic",0.7000000000000001,"Coombs","NeverFirstRate",0.07
"OppPrefs",10,51,0.15,"2/3",1.5849625007211563,2000,"{1, 2, 3}","Automatic",0.7000000000000001,"Coombs","NoiseFlipRate",0.562
"OppPrefs",10,51,0.15,"2/3",1.5849625007211563,2000,"{1, 2, 3}","Automatic",0.7000000000000001,"Coombs","CondorcetExistRate",0.4105
"OppPrefs",10,51,0.15,"2/3",1.5849625007211563,2000,"{1, 2, 3}","Automatic",0.7000000000000001,"Coombs","CondorcetEfficiency",0.4238733252131547
"OppPrefs",10,51,0.15,"2/3",1.5849625007211563,2000,"{1, 2, 3}","Automatic",0.7000000000000001,"Coombs","MidScore",0.4936666666666658
"OppPrefs",10,51,0.15,"2/3",1.5849625007211563,2000,"{1, 2, 3}","Automatic",0.7000000000000001,"Coombs","Top1Acceptability",0.0925686274509803
"OppPrefs",10,51,0.15,"2/3",1.5849625007211563,2000,"{1, 2, 3}","Automatic",0.7000000000000001,"Coombs","Top2Acceptability",0.19388235294117617
"OppPrefs",10,51,0.15,"2/3",1.5849625007211563,2000,"{1, 2, 3}","Automatic",0.7000000000000001,"Coombs","Top3Acceptability",0.30344117647058794
"OppPrefs",10,51,0.15,"2/3",1.5849625007211563,2000,"{1, 2, 3}","Automatic",0.7000000000000001,"QR","NeverFirstRate",0.16
"OppPrefs",10,51,0.15,"2/3",1.5849625007211563,2000,"{1, 2, 3}","Automatic",0.7000000000000001,"QR","NoiseFlipRate",0.1885
"OppPrefs",10,51,0.15,"2/3",1.5849625007211563,2000,"{1, 2, 3}","Automatic",0.7000000000000001,"QR","CondorcetExistRate",0.4105
"OppPrefs",10,51,0.15,"2/3",1.5849625007211563,2000,"{1, 2, 3}","Automatic",0.7000000000000001,"QR","CondorcetEfficiency",0.18757612667478685
"OppPrefs",10,51,0.15,"2/3",1.5849625007211563,2000,"{1, 2, 3}","Automatic",0.7000000000000001,"QR","MidScore",0.8888888888888888
"OppPrefs",10,51,0.15,"2/3",1.5849625007211563,2000,"{1, 2, 3}","Automatic",0.7000000000000001,"QR","Top1Acceptability",0.032431372549019566
"OppPrefs",10,51,0.15,"2/3",1.5849625007211563,2000,"{1, 2, 3}","Automatic",0.7000000000000001,"QR","Top2Acceptability",0.06583333333333322
"OppPrefs",10,51,0.15,"2/3",1.5849625007211563,2000,"{1, 2, 3}","Automatic",0.7000000000000001,"QR","Top3Acceptability",0.10676470588235276
"OppPrefs",10,51,0.15,"2/3",1.5849625007211563,2000,"{1, 2, 3}","Automatic",0.7000000000000001,"SDM","NeverFirstRate",0.085
"OppPrefs",10,51,0.15,"2/3",1.5849625007211563,2000,"{1, 2, 3}","Automatic",0.7000000000000001,"SDM","NoiseFlipRate",0.1845
"OppPrefs",10,51,0.15,"2/3",1.5849625007211563,2000,"{1, 2, 3}","Automatic",0.7000000000000001,"SDM","CondorcetExistRate",0.4105
"OppPrefs",10,51,0.15,"2/3",1.5849625007211563,2000,"{1, 2, 3}","Automatic",0.7000000000000001,"SDM","CondorcetEfficiency",0.45066991473812423
"OppPrefs",10,51,0.15,"2/3",1.5849625007211563,2000,"{1, 2, 3}","Automatic",0.7000000000000001,"SDM","MidScore",0.7784444444444434
"OppPrefs",10,51,0.15,"2/3",1.5849625007211563,2000,"{1, 2, 3}","Automatic",0.7000000000000001,"SDM","Top1Acceptability",0.041686274509803854
"OppPrefs",10,51,0.15,"2/3",1.5849625007211563,2000,"{1, 2, 3}","Automatic",0.7000000000000001,"SDM","Top2Acceptability",0.08890196078431357
"OppPrefs",10,51,0.15,"2/3",1.5849625007211563,2000,"{1, 2, 3}","Automatic",0.7000000000000001,"SDM","Top3Acceptability",0.16677450980392128
"OppPrefs",10,51,0.15,"2/3",1.5849625007211563,2000,"{1, 2, 3}","Automatic",0.7000000000000001,"Fallback","NeverFirstRate",0.139
"OppPrefs",10,51,0.15,"2/3",1.5849625007211563,2000,"{1, 2, 3}","Automatic",0.7000000000000001,"Fallback","NoiseFlipRate",0.508
"OppPrefs",10,51,0.15,"2/3",1.5849625007211563,2000,"{1, 2, 3}","Automatic",0.7000000000000001,"Fallback","CondorcetExistRate",0.4105
"OppPrefs",10,51,0.15,"2/3",1.5849625007211563,2000,"{1, 2, 3}","Automatic",0.7000000000000001,"Fallback","CondorcetEfficiency",0.2143727161997564
"OppPrefs",10,51,0.15,"2/3",1.5849625007211563,2000,"{1, 2, 3}","Automatic",0.7000000000000001,"Fallback","MidScore",0.6193333333333326
"OppPrefs",10,51,0.15,"2/3",1.5849625007211563,2000,"{1, 2, 3}","Automatic",0.7000000000000001,"Fallback","Top1Acceptability",0.05247058823529405
"OppPrefs",10,51,0.15,"2/3",1.5849625007211563,2000,"{1, 2, 3}","Automatic",0.7000000000000001,"Fallback","Top2Acceptability",0.11960784313725475
"OppPrefs",10,51,0.15,"2/3",1.5849625007211563,2000,"{1, 2, 3}","Automatic",0.7000000000000001,"Fallback","Top3Acceptability",0.2327941176470584
"OppPrefs",10,51,0.15,"2/3",1.5849625007211563,2000,"{1, 2, 3}","Automatic",0.8,"Borda","NeverFirstRate",0.0475
"OppPrefs",10,51,0.15,"2/3",1.5849625007211563,2000,"{1, 2, 3}","Automatic",0.8,"Borda","NoiseFlipRate",0.249
"OppPrefs",10,51,0.15,"2/3",1.5849625007211563,2000,"{1, 2, 3}","Automatic",0.8,"Borda","CondorcetExistRate",0.4045
"OppPrefs",10,51,0.15,"2/3",1.5849625007211563,2000,"{1, 2, 3}","Automatic",0.8,"Borda","CondorcetEfficiency",0.8343634116192831
"OppPrefs",10,51,0.15,"2/3",1.5849625007211563,2000,"{1, 2, 3}","Automatic",0.8,"Borda","MidScore",0.42922222222222156
"OppPrefs",10,51,0.15,"2/3",1.5849625007211563,2000,"{1, 2, 3}","Automatic",0.8,"Borda","Top1Acceptability",0.12708823529411756
"OppPrefs",10,51,0.15,"2/3",1.5849625007211563,2000,"{1, 2, 3}","Automatic",0.8,"Borda","Top2Acceptability",0.24555882352941136
"OppPrefs",10,51,0.15,"2/3",1.5849625007211563,2000,"{1, 2, 3}","Automatic",0.8,"Borda","Top3Acceptability",0.3528039215686273
"OppPrefs",10,51,0.15,"2/3",1.5849625007211563,2000,"{1, 2, 3}","Automatic",0.8,"Plurality","NeverFirstRate",0.
"OppPrefs",10,51,0.15,"2/3",1.5849625007211563,2000,"{1, 2, 3}","Automatic",0.8,"Plurality","NoiseFlipRate",0.226
"OppPrefs",10,51,0.15,"2/3",1.5849625007211563,2000,"{1, 2, 3}","Automatic",0.8,"Plurality","CondorcetExistRate",0.4045
"OppPrefs",10,51,0.15,"2/3",1.5849625007211563,2000,"{1, 2, 3}","Automatic",0.8,"Plurality","CondorcetEfficiency",0.21631644004944375
"OppPrefs",10,51,0.15,"2/3",1.5849625007211563,2000,"{1, 2, 3}","Automatic",0.8,"Plurality","MidScore",0.
"OppPrefs",10,51,0.15,"2/3",1.5849625007211563,2000,"{1, 2, 3}","Automatic",0.8,"Plurality","Top1Acceptability",0.38263725490196054
"OppPrefs",10,51,0.15,"2/3",1.5849625007211563,2000,"{1, 2, 3}","Automatic",0.8,"Plurality","Top2Acceptability",0.44108823529411734
"OppPrefs",10,51,0.15,"2/3",1.5849625007211563,2000,"{1, 2, 3}","Automatic",0.8,"Plurality","Top3Acceptability",0.4657745098039212
"OppPrefs",10,51,0.15,"2/3",1.5849625007211563,2000,"{1, 2, 3}","Automatic",0.8,"Coombs","NeverFirstRate",0.129
"OppPrefs",10,51,0.15,"2/3",1.5849625007211563,2000,"{1, 2, 3}","Automatic",0.8,"Coombs","NoiseFlipRate",0.5595
"OppPrefs",10,51,0.15,"2/3",1.5849625007211563,2000,"{1, 2, 3}","Automatic",0.8,"Coombs","CondorcetExistRate",0.4045
"OppPrefs",10,51,0.15,"2/3",1.5849625007211563,2000,"{1, 2, 3}","Automatic",0.8,"Coombs","CondorcetEfficiency",0.4437577255871446
"OppPrefs",10,51,0.15,"2/3",1.5849625007211563,2000,"{1, 2, 3}","Automatic",0.8,"Coombs","MidScore",0.4602222222222215
"OppPrefs",10,51,0.15,"2/3",1.5849625007211563,2000,"{1, 2, 3}","Automatic",0.8,"Coombs","Top1Acceptability",0.10224509803921564
"OppPrefs",10,51,0.15,"2/3",1.5849625007211563,2000,"{1, 2, 3}","Automatic",0.8,"Coombs","Top2Acceptability",0.20765686274509773
"OppPrefs",10,51,0.15,"2/3",1.5849625007211563,2000,"{1, 2, 3}","Automatic",0.8,"Coombs","Top3Acceptability",0.315833333333333
"OppPrefs",10,51,0.15,"2/3",1.5849625007211563,2000,"{1, 2, 3}","Automatic",0.8,"QR","NeverFirstRate",0.308
"OppPrefs",10,51,0.15,"2/3",1.5849625007211563,2000,"{1, 2, 3}","Automatic",0.8,"QR","NoiseFlipRate",0.201
"OppPrefs",10,51,0.15,"2/3",1.5849625007211563,2000,"{1, 2, 3}","Automatic",0.8,"QR","CondorcetExistRate",0.4045
"OppPrefs",10,51,0.15,"2/3",1.5849625007211563,2000,"{1, 2, 3}","Automatic",0.8,"QR","CondorcetEfficiency",0.14833127317676142
"OppPrefs",10,51,0.15,"2/3",1.5849625007211563,2000,"{1, 2, 3}","Automatic",0.8,"QR","MidScore",0.8888888888888888
"OppPrefs",10,51,0.15,"2/3",1.5849625007211563,2000,"{1, 2, 3}","Automatic",0.8,"QR","Top1Acceptability",0.022019607843137237
"OppPrefs",10,51,0.15,"2/3",1.5849625007211563,2000,"{1, 2, 3}","Automatic",0.8,"QR","Top2Acceptability",0.045029411764705804
"OppPrefs",10,51,0.15,"2/3",1.5849625007211563,2000,"{1, 2, 3}","Automatic",0.8,"QR","Top3Acceptability",0.07554901960784301
"OppPrefs",10,51,0.15,"2/3",1.5849625007211563,2000,"{1, 2, 3}","Automatic",0.8,"SDM","NeverFirstRate",0.205
"OppPrefs",10,51,0.15,"2/3",1.5849625007211563,2000,"{1, 2, 3}","Automatic",0.8,"SDM","NoiseFlipRate",0.202
"OppPrefs",10,51,0.15,"2/3",1.5849625007211563,2000,"{1, 2, 3}","Automatic",0.8,"SDM","CondorcetExistRate",0.4045
"OppPrefs",10,51,0.15,"2/3",1.5849625007211563,2000,"{1, 2, 3}","Automatic",0.8,"SDM","CondorcetEfficiency",0.3510506798516687
"OppPrefs",10,51,0.15,"2/3",1.5849625007211563,2000,"{1, 2, 3}","Automatic",0.8,"SDM","MidScore",0.803999999999999
"OppPrefs",10,51,0.15,"2/3",1.5849625007211563,2000,"{1, 2, 3}","Automatic",0.8,"SDM","Top1Acceptability",0.028568627450980356
"OppPrefs",10,51,0.15,"2/3",1.5849625007211563,2000,"{1, 2, 3}","Automatic",0.8,"SDM","Top2Acceptability",0.06202941176470578
"OppPrefs",10,51,0.15,"2/3",1.5849625007211563,2000,"{1, 2, 3}","Automatic",0.8,"SDM","Top3Acceptability",0.12171568627450961
"OppPrefs",10,51,0.15,"2/3",1.5849625007211563,2000,"{1, 2, 3}","Automatic",0.8,"Fallback","NeverFirstRate",0.2555
"OppPrefs",10,51,0.15,"2/3",1.5849625007211563,2000,"{1, 2, 3}","Automatic",0.8,"Fallback","NoiseFlipRate",0.425
"OppPrefs",10,51,0.15,"2/3",1.5849625007211563,2000,"{1, 2, 3}","Automatic",0.8,"Fallback","CondorcetExistRate",0.4045
"OppPrefs",10,51,0.15,"2/3",1.5849625007211563,2000,"{1, 2, 3}","Automatic",0.8,"Fallback","CondorcetEfficiency",0.2126081582200247
"OppPrefs",10,51,0.15,"2/3",1.5849625007211563,2000,"{1, 2, 3}","Automatic",0.8,"Fallback","MidScore",0.6921111111111103
"OppPrefs",10,51,0.15,"2/3",1.5849625007211563,2000,"{1, 2, 3}","Automatic",0.8,"Fallback","Top1Acceptability",0.030490196078431335
"OppPrefs",10,51,0.15,"2/3",1.5849625007211563,2000,"{1, 2, 3}","Automatic",0.8,"Fallback","Top2Acceptability",0.07438235294117637
"OppPrefs",10,51,0.15,"2/3",1.5849625007211563,2000,"{1, 2, 3}","Automatic",0.8,"Fallback","Top3Acceptability",0.17455882352941154
"OppPrefs",10,51,0.15,"2/3",1.5849625007211563,2000,"{1, 2, 3}","Automatic",0.9,"Borda","NeverFirstRate",0.1405
"OppPrefs",10,51,0.15,"2/3",1.5849625007211563,2000,"{1, 2, 3}","Automatic",0.9,"Borda","NoiseFlipRate",0.323
"OppPrefs",10,51,0.15,"2/3",1.5849625007211563,2000,"{1, 2, 3}","Automatic",0.9,"Borda","CondorcetExistRate",0.3525
"OppPrefs",10,51,0.15,"2/3",1.5849625007211563,2000,"{1, 2, 3}","Automatic",0.9,"Borda","CondorcetEfficiency",0.8354609929078014
"OppPrefs",10,51,0.15,"2/3",1.5849625007211563,2000,"{1, 2, 3}","Automatic",0.9,"Borda","MidScore",0.45855555555555483
"OppPrefs",10,51,0.15,"2/3",1.5849625007211563,2000,"{1, 2, 3}","Automatic",0.9,"Borda","Top1Acceptability",0.10944117647058818
"OppPrefs",10,51,0.15,"2/3",1.5849625007211563,2000,"{1, 2, 3}","Automatic",0.9,"Borda","Top2Acceptability",0.21516666666666634
"OppPrefs",10,51,0.15,"2/3",1.5849625007211563,2000,"{1, 2, 3}","Automatic",0.9,"Borda","Top3Acceptability",0.3277254901960782
"OppPrefs",10,51,0.15,"2/3",1.5849625007211563,2000,"{1, 2, 3}","Automatic",0.9,"Plurality","NeverFirstRate",0.
"OppPrefs",10,51,0.15,"2/3",1.5849625007211563,2000,"{1, 2, 3}","Automatic",0.9,"Plurality","NoiseFlipRate",0.258
"OppPrefs",10,51,0.15,"2/3",1.5849625007211563,2000,"{1, 2, 3}","Automatic",0.9,"Plurality","CondorcetExistRate",0.3525
"OppPrefs",10,51,0.15,"2/3",1.5849625007211563,2000,"{1, 2, 3}","Automatic",0.9,"Plurality","CondorcetEfficiency",0.22836879432624113
"OppPrefs",10,51,0.15,"2/3",1.5849625007211563,2000,"{1, 2, 3}","Automatic",0.9,"Plurality","MidScore",0.
"OppPrefs",10,51,0.15,"2/3",1.5849625007211563,2000,"{1, 2, 3}","Automatic",0.9,"Plurality","Top1Acceptability",0.4140098039215684
"OppPrefs",10,51,0.15,"2/3",1.5849625007211563,2000,"{1, 2, 3}","Automatic",0.9,"Plurality","Top2Acceptability",0.46603921568627416
"OppPrefs",10,51,0.15,"2/3",1.5849625007211563,2000,"{1, 2, 3}","Automatic",0.9,"Plurality","Top3Acceptability",0.4818039215686271
"OppPrefs",10,51,0.15,"2/3",1.5849625007211563,2000,"{1, 2, 3}","Automatic",0.9,"Coombs","NeverFirstRate",0.2585
"OppPrefs",10,51,0.15,"2/3",1.5849625007211563,2000,"{1, 2, 3}","Automatic",0.9,"Coombs","NoiseFlipRate",0.6195
"OppPrefs",10,51,0.15,"2/3",1.5849625007211563,2000,"{1, 2, 3}","Automatic",0.9,"Coombs","CondorcetExistRate",0.3525
"OppPrefs",10,51,0.15,"2/3",1.5849625007211563,2000,"{1, 2, 3}","Automatic",0.9,"Coombs","CondorcetEfficiency",0.3475177304964539
"OppPrefs",10,51,0.15,"2/3",1.5849625007211563,2000,"{1, 2, 3}","Automatic",0.9,"Coombs","MidScore",0.4665555555555548
"OppPrefs",10,51,0.15,"2/3",1.5849625007211563,2000,"{1, 2, 3}","Automatic",0.9,"Coombs","Top1Acceptability",0.09429411764705879
"OppPrefs",10,51,0.15,"2/3",1.5849625007211563,2000,"{1, 2, 3}","Automatic",0.9,"Coombs","Top2Acceptability",0.19520588235294092
"OppPrefs",10,51,0.15,"2/3",1.5849625007211563,2000,"{1, 2, 3}","Automatic",0.9,"Coombs","Top3Acceptability",0.30304901960784286
"OppPrefs",10,51,0.15,"2/3",1.5849625007211563,2000,"{1, 2, 3}","Automatic",0.9,"QR","NeverFirstRate",0.5705
"OppPrefs",10,51,0.15,"2/3",1.5849625007211563,2000,"{1, 2, 3}","Automatic",0.9,"QR","NoiseFlipRate",0.235
"OppPrefs",10,51,0.15,"2/3",1.5849625007211563,2000,"{1, 2, 3}","Automatic",0.9,"QR","CondorcetExistRate",0.3525
"OppPrefs",10,51,0.15,"2/3",1.5849625007211563,2000,"{1, 2, 3}","Automatic",0.9,"QR","CondorcetEfficiency",0.12482269503546099
"OppPrefs",10,51,0.15,"2/3",1.5849625007211563,2000,"{1, 2, 3}","Automatic",0.9,"QR","MidScore",0.8888888888888888
"OppPrefs",10,51,0.15,"2/3",1.5849625007211563,2000,"{1, 2, 3}","Automatic",0.9,"QR","Top1Acceptability",0.010274509803921568
"OppPrefs",10,51,0.15,"2/3",1.5849625007211563,2000,"{1, 2, 3}","Automatic",0.9,"QR","Top2Acceptability",0.022156862745098017
"OppPrefs",10,51,0.15,"2/3",1.5849625007211563,2000,"{1, 2, 3}","Automatic",0.9,"QR","Top3Acceptability",0.0431666666666666
"OppPrefs",10,51,0.15,"2/3",1.5849625007211563,2000,"{1, 2, 3}","Automatic",0.9,"SDM","NeverFirstRate",0.4445
"OppPrefs",10,51,0.15,"2/3",1.5849625007211563,2000,"{1, 2, 3}","Automatic",0.9,"SDM","NoiseFlipRate",0.2235
"OppPrefs",10,51,0.15,"2/3",1.5849625007211563,2000,"{1, 2, 3}","Automatic",0.9,"SDM","CondorcetExistRate",0.3525
"OppPrefs",10,51,0.15,"2/3",1.5849625007211563,2000,"{1, 2, 3}","Automatic",0.9,"SDM","CondorcetEfficiency",0.3120567375886525
"OppPrefs",10,51,0.15,"2/3",1.5849625007211563,2000,"{1, 2, 3}","Automatic",0.9,"SDM","MidScore",0.8278888888888878
"OppPrefs",10,51,0.15,"2/3",1.5849625007211563,2000,"{1, 2, 3}","Automatic",0.9,"SDM","Top1Acceptability",0.014352941176470582
"OppPrefs",10,51,0.15,"2/3",1.5849625007211563,2000,"{1, 2, 3}","Automatic",0.9,"SDM","Top2Acceptability",0.0336960784313725
"OppPrefs",10,51,0.15,"2/3",1.5849625007211563,2000,"{1, 2, 3}","Automatic",0.9,"SDM","Top3Acceptability",0.07487254901960773
"OppPrefs",10,51,0.15,"2/3",1.5849625007211563,2000,"{1, 2, 3}","Automatic",0.9,"Fallback","NeverFirstRate",0.499
"OppPrefs",10,51,0.15,"2/3",1.5849625007211563,2000,"{1, 2, 3}","Automatic",0.9,"Fallback","NoiseFlipRate",0.3405
"OppPrefs",10,51,0.15,"2/3",1.5849625007211563,2000,"{1, 2, 3}","Automatic",0.9,"Fallback","CondorcetExistRate",0.3525
"OppPrefs",10,51,0.15,"2/3",1.5849625007211563,2000,"{1, 2, 3}","Automatic",0.9,"Fallback","CondorcetEfficiency",0.2
"OppPrefs",10,51,0.15,"2/3",1.5849625007211563,2000,"{1, 2, 3}","Automatic",0.9,"Fallback","MidScore",0.7642222222222214
"OppPrefs",10,51,0.15,"2/3",1.5849625007211563,2000,"{1, 2, 3}","Automatic",0.9,"Fallback","Top1Acceptability",0.01375490196078431
"OppPrefs",10,51,0.15,"2/3",1.5849625007211563,2000,"{1, 2, 3}","Automatic",0.9,"Fallback","Top2Acceptability",0.03707843137254898
"OppPrefs",10,51,0.15,"2/3",1.5849625007211563,2000,"{1, 2, 3}","Automatic",0.9,"Fallback","Top3Acceptability",0.1037549019607842
"OppPrefs",10,51,0.15,"2/3",1.5849625007211563,2000,"{1, 2, 3}","Automatic",1.,"Borda","NeverFirstRate",0.361
"OppPrefs",10,51,0.15,"2/3",1.5849625007211563,2000,"{1, 2, 3}","Automatic",1.,"Borda","NoiseFlipRate",0.4195
"OppPrefs",10,51,0.15,"2/3",1.5849625007211563,2000,"{1, 2, 3}","Automatic",1.,"Borda","CondorcetExistRate",0.6335
"OppPrefs",10,51,0.15,"2/3",1.5849625007211563,2000,"{1, 2, 3}","Automatic",1.,"Borda","CondorcetEfficiency",0.6408839779005525
"OppPrefs",10,51,0.15,"2/3",1.5849625007211563,2000,"{1, 2, 3}","Automatic",1.,"Borda","MidScore",0.38255555555555504
"OppPrefs",10,51,0.15,"2/3",1.5849625007211563,2000,"{1, 2, 3}","Automatic",1.,"Borda","Top1Acceptability",0.13317647058823526
"OppPrefs",10,51,0.15,"2/3",1.5849625007211563,2000,"{1, 2, 3}","Automatic",1.,"Borda","Top2Acceptability",0.2584313725490193
"OppPrefs",10,51,0.15,"2/3",1.5849625007211563,2000,"{1, 2, 3}","Automatic",1.,"Borda","Top3Acceptability",0.3620392156862742
"OppPrefs",10,51,0.15,"2/3",1.5849625007211563,2000,"{1, 2, 3}","Automatic",1.,"Plurality","NeverFirstRate",0.
"OppPrefs",10,51,0.15,"2/3",1.5849625007211563,2000,"{1, 2, 3}","Automatic",1.,"Plurality","NoiseFlipRate",0.2765
"OppPrefs",10,51,0.15,"2/3",1.5849625007211563,2000,"{1, 2, 3}","Automatic",1.,"Plurality","CondorcetExistRate",0.6335
"OppPrefs",10,51,0.15,"2/3",1.5849625007211563,2000,"{1, 2, 3}","Automatic",1.,"Plurality","CondorcetEfficiency",0.47277032359905286
"OppPrefs",10,51,0.15,"2/3",1.5849625007211563,2000,"{1, 2, 3}","Automatic",1.,"Plurality","MidScore",0.
"OppPrefs",10,51,0.15,"2/3",1.5849625007211563,2000,"{1, 2, 3}","Automatic",1.,"Plurality","Top1Acceptability",0.44501960784313693
"OppPrefs",10,51,0.15,"2/3",1.5849625007211563,2000,"{1, 2, 3}","Automatic",1.,"Plurality","Top2Acceptability",0.4943137254901957
"OppPrefs",10,51,0.15,"2/3",1.5849625007211563,2000,"{1, 2, 3}","Automatic",1.,"Plurality","Top3Acceptability",0.501196078431372
"OppPrefs",10,51,0.15,"2/3",1.5849625007211563,2000,"{1, 2, 3}","Automatic",1.,"Coombs","NeverFirstRate",0.4615
"OppPrefs",10,51,0.15,"2/3",1.5849625007211563,2000,"{1, 2, 3}","Automatic",1.,"Coombs","NoiseFlipRate",0.641
"OppPrefs",10,51,0.15,"2/3",1.5849625007211563,2000,"{1, 2, 3}","Automatic",1.,"Coombs","CondorcetExistRate",0.6335
"OppPrefs",10,51,0.15,"2/3",1.5849625007211563,2000,"{1, 2, 3}","Automatic",1.,"Coombs","CondorcetEfficiency",0.40094711917916337
"OppPrefs",10,51,0.15,"2/3",1.5849625007211563,2000,"{1, 2, 3}","Automatic",1.,"Coombs","MidScore",0.4313333333333326
"OppPrefs",10,51,0.15,"2/3",1.5849625007211563,2000,"{1, 2, 3}","Automatic",1.,"Coombs","Top1Acceptability",0.10916666666666665
"OppPrefs",10,51,0.15,"2/3",1.5849625007211563,2000,"{1, 2, 3}","Automatic",1.,"Coombs","Top2Acceptability",0.21969607843137226
"OppPrefs",10,51,0.15,"2/3",1.5849625007211563,2000,"{1, 2, 3}","Automatic",1.,"Coombs","Top3Acceptability",0.3228823529411762
"OppPrefs",10,51,0.15,"2/3",1.5849625007211563,2000,"{1, 2, 3}","Automatic",1.,"QR","NeverFirstRate",0.991
"OppPrefs",10,51,0.15,"2/3",1.5849625007211563,2000,"{1, 2, 3}","Automatic",1.,"QR","NoiseFlipRate",0.259
"OppPrefs",10,51,0.15,"2/3",1.5849625007211563,2000,"{1, 2, 3}","Automatic",1.,"QR","CondorcetExistRate",0.6335
"OppPrefs",10,51,0.15,"2/3",1.5849625007211563,2000,"{1, 2, 3}","Automatic",1.,"QR","CondorcetEfficiency",0.0031570639305445935
"OppPrefs",10,51,0.15,"2/3",1.5849625007211563,2000,"{1, 2, 3}","Automatic",1.,"QR","MidScore",0.8888888888888888
"OppPrefs",10,51,0.15,"2/3",1.5849625007211563,2000,"{1, 2, 3}","Automatic",1.,"QR","Top1Acceptability",0.00017647058823529413
"OppPrefs",10,51,0.15,"2/3",1.5849625007211563,2000,"{1, 2, 3}","Automatic",1.,"QR","Top2Acceptability",0.0016470588235294116
"OppPrefs",10,51,0.15,"2/3",1.5849625007211563,2000,"{1, 2, 3}","Automatic",1.,"QR","Top3Acceptability",0.012598039215686273
"OppPrefs",10,51,0.15,"2/3",1.5849625007211563,2000,"{1, 2, 3}","Automatic",1.,"SDM","NeverFirstRate",0.9725
"OppPrefs",10,51,0.15,"2/3",1.5849625007211563,2000,"{1, 2, 3}","Automatic",1.,"SDM","NoiseFlipRate",0.265
"OppPrefs",10,51,0.15,"2/3",1.5849625007211563,2000,"{1, 2, 3}","Automatic",1.,"SDM","CondorcetExistRate",0.6335
"OppPrefs",10,51,0.15,"2/3",1.5849625007211563,2000,"{1, 2, 3}","Automatic",1.,"SDM","CondorcetEfficiency",0.021310181531176007
"OppPrefs",10,51,0.15,"2/3",1.5849625007211563,2000,"{1, 2, 3}","Automatic",1.,"SDM","MidScore",0.8587777777777761
"OppPrefs",10,51,0.15,"2/3",1.5849625007211563,2000,"{1, 2, 3}","Automatic",1.,"SDM","Top1Acceptability",0.0005490196078431374
"OppPrefs",10,51,0.15,"2/3",1.5849625007211563,2000,"{1, 2, 3}","Automatic",1.,"SDM","Top2Acceptability",0.00384313725490196
"OppPrefs",10,51,0.15,"2/3",1.5849625007211563,2000,"{1, 2, 3}","Automatic",1.,"SDM","Top3Acceptability",0.026833333333333313
"OppPrefs",10,51,0.15,"2/3",1.5849625007211563,2000,"{1, 2, 3}","Automatic",1.,"Fallback","NeverFirstRate",0.9805
"OppPrefs",10,51,0.15,"2/3",1.5849625007211563,2000,"{1, 2, 3}","Automatic",1.,"Fallback","NoiseFlipRate",0.371
"OppPrefs",10,51,0.15,"2/3",1.5849625007211563,2000,"{1, 2, 3}","Automatic",1.,"Fallback","CondorcetExistRate",0.6335
"OppPrefs",10,51,0.15,"2/3",1.5849625007211563,2000,"{1, 2, 3}","Automatic",1.,"Fallback","CondorcetEfficiency",0.006314127861089187
"OppPrefs",10,51,0.15,"2/3",1.5849625007211563,2000,"{1, 2, 3}","Automatic",1.,"Fallback","MidScore",0.8622222222222204
"OppPrefs",10,51,0.15,"2/3",1.5849625007211563,2000,"{1, 2, 3}","Automatic",1.,"Fallback","Top1Acceptability",0.0004019607843137255
"OppPrefs",10,51,0.15,"2/3",1.5849625007211563,2000,"{1, 2, 3}","Automatic",1.,"Fallback","Top2Acceptability",0.0029313725490196074
"OppPrefs",10,51,0.15,"2/3",1.5849625007211563,2000,"{1, 2, 3}","Automatic",1.,"Fallback","Top3Acceptability",0.021421568627450968
